registry,image_name,tag,digest,mtype,os,arch,variant,insecure,digest_source,image_type,groups
icr.io,cpopen/ibm-mongodb-operator,1.15.0,sha256:359447c6a79af95c9cb08e425f62c2f578963241836abb7b5fe3d0b676c16e35,LIST,"","","",0,CASE,"",""
icr.io,cpopen/ibm-mongodb-operator,1.15.0-amd64,sha256:bad9882f3f915d3a9c40a8cdb5c90de16257580bbc2a899ee96df05fc277948e,IMAGE,linux,amd64,"",0,CASE,"",""
icr.io,cpopen/ibm-mongodb-operator,1.15.0-ppc64le,sha256:9546c339ff422b4c78d2f30dcb1ab6de75b38da0ea692ef47de3a910bebf6dca,IMAGE,linux,ppc64le,"",0,CASE,"",""
icr.io,cpopen/ibm-mongodb-operator,1.15.0-s390x,sha256:ac8975dae0240d9b62c3f0271d573a2e97c92721e65625e32b6f1f6502b378b6,IMAGE,linux,s390x,"",0,CASE,"",""
icr.io,cpopen/cpfs/ibm-mongodb,3.19.1-mongodb.4.0.24,sha256:afaa4f95bc8c6294c34d9b6cb71afd8d0a412da32846f3c29d418c586185ef2f,LIST,"","","",0,CASE,"",""
icr.io,cpopen/cpfs/ibm-mongodb,3.19.1-mongodb.4.0.24-amd64,sha256:21ee17e33ec4060a912f6579e2f4384aa273e77e4b77226805808b3896a770de,IMAGE,linux,amd64,"",0,CASE,"",""
icr.io,cpopen/cpfs/ibm-mongodb,3.19.1-mongodb.4.0.24-ppc64le,sha256:0f1db7727209e64968a83e56c777e2637389684e3613a437b86a1e66a3ddcd9e,IMAGE,linux,ppc64le,"",0,CASE,"",""
icr.io,cpopen/cpfs/ibm-mongodb,3.19.1-mongodb.4.0.24-s390x,sha256:30af9ed6e0c5e3df2875684a9d4665b16ff074ad09ec58b347976a4bf48c43a1,IMAGE,linux,s390x,"",0,CASE,"",""
icr.io,cpopen/cpfs/ibm-mongodb-install,3.19.1,sha256:4a1872139724309b936b93eccbba2954e8b03996772955f5147fa511e6f91009,LIST,"","","",0,CASE,"",""
icr.io,cpopen/cpfs/ibm-mongodb-install,3.19.1-amd64,sha256:0545bef47907e0f4f91f7b00cdcbb3c0ca31b17ae934a656ed670a940ed07bbb,IMAGE,linux,amd64,"",0,CASE,"",""
icr.io,cpopen/cpfs/ibm-mongodb-install,3.19.1-ppc64le,sha256:300d9495d5e8de79b1b569eb0ab63e65bf00c703b4ea7baf40a7c03a501abb45,IMAGE,linux,ppc64le,"",0,CASE,"",""
icr.io,cpopen/cpfs/ibm-mongodb-install,3.19.1-s390x,sha256:412e29ae8cc00a07cd3a1033c921b8d503912fcc00d63077256b9ce36320a5d2,IMAGE,linux,s390x,"",0,CASE,"",""
icr.io,cpopen/cpfs/ibm-mongodb-exporter,3.19.1,sha256:b2f718c8a33c7ec77579e09bb6dea15b37346e189820a0bb8ac10325c652db1f,LIST,"","","",0,CASE,"",""
icr.io,cpopen/cpfs/ibm-mongodb-exporter,3.19.1-amd64,sha256:7429fa4f3435a7d16e0c03b8d3d2f47b86be6abed775a98850cb078b7dc49a1a,IMAGE,linux,amd64,"",0,CASE,"",""
icr.io,cpopen/cpfs/ibm-mongodb-exporter,3.19.1-ppc64le,sha256:480a0a33d8042cd6f21b5cfdbe6bdd7b99ef579fc70e607046c7b55308e45080,IMAGE,linux,ppc64le,"",0,CASE,"",""
icr.io,cpopen/cpfs/ibm-mongodb-exporter,3.19.1-s390x,sha256:880ea4a8f7fa6790f1f3017936eddc6400cf91efb4afe896f9545250ad37ecba,IMAGE,linux,s390x,"",0,CASE,"",""
