registry,image_name,tag,digest,mtype,os,arch,variant,insecure,digest_source,image_type,groups
icr.io,cpopen/cpfs/ibm-license-service-reporter-ui,1.17.0,sha256:1592197449dfb71d8f402a37887ff67b784e90bde65af4199314fe7e040106e8,LIST,"","","",0,CASE,"",""
icr.io,cpopen/cpfs/ibm-license-service-reporter-ui,1.17.0-amd64,sha256:60de2b9fe6b9d9160e4bf8506bc0d50c850455034dbaa8e4481157a18c68ba51,IMAGE,linux,amd64,"",0,CASE,"",""
icr.io,cpopen/cpfs/ibm-license-service-reporter,1.17.0,sha256:a93c996661a72b0c7f6ca783c3ac821797a9edca8a426a5e8488c1dcd2fa2623,LIST,"","","",0,CASE,"",""
icr.io,cpopen/cpfs/ibm-license-service-reporter,1.17.0-amd64,sha256:8023088093392c8e47a1eb5b04739ed5a9f38bcf55991c64dc02244d4d36961a,IMAGE,linux,amd64,"",0,CASE,"",""
icr.io,cpopen/cpfs/ibm-postgresql,1.17.0,sha256:2491bba84982539348e22335b56eb83c6d5c91bcf779cb171cc2b9344916b5e2,LIST,"","","",0,CASE,"",""
icr.io,cpopen/cpfs/ibm-postgresql,1.17.0-amd64,sha256:3d876c8ad67bcefaee6b0b25bb973076ba6207996d8215a5a3e2ebf74f6ca406,IMAGE,linux,amd64,"",0,CASE,"",""
icr.io,cpopen/cpfs/ibm-licensing,1.17.0,sha256:e0a96a88240bdf83e48320ff10e1ecf9520944207c428aba4332f802077c3638,LIST,"","","",0,CASE,"",""
icr.io,cpopen/cpfs/ibm-licensing,1.17.0-amd64,sha256:ae6a5321c0f0efb8fc477f7064ad2734baeb968a2256e536ddbce7b24f7d3542,IMAGE,linux,amd64,"",0,CASE,"",""
icr.io,cpopen/cpfs/ibm-licensing,1.17.0-ppc64le,sha256:99ddb16a95724c5fda84556f135202701dbe485ab57f44e859b11e5031ff0f7a,IMAGE,linux,ppc64le,"",0,CASE,"",""
icr.io,cpopen/cpfs/ibm-licensing,1.17.0-s390x,sha256:52afb8fbc874488510247778a11b722588dcd042a8d13e154a0b059c0ca42644,IMAGE,linux,s390x,"",0,CASE,"",""
icr.io,cpopen/ibm-licensing-operator,1.17.0,sha256:58c8d6bf03a613bf87ad8196cb91113a49f35d768633faf7ca3670a2d7efcfa9,LIST,"","","",0,CASE,"",""
icr.io,cpopen/ibm-licensing-operator,1.17.0-amd64,sha256:4337914eb9f684328d4334e69aaaedbb0cf7200e1b8a05c542c934388c4107f8,IMAGE,linux,amd64,"",0,CASE,"",""
icr.io,cpopen/ibm-licensing-operator,1.17.0-ppc64le,sha256:016d0b662770f8b159398223e062b6ee5ade3d8e82d2d7e766798bcf136b8d62,IMAGE,linux,ppc64le,"",0,CASE,"",""
icr.io,cpopen/ibm-licensing-operator,1.17.0-s390x,sha256:121ad01b00a6d2f6a7cab410b6c6122fa674bf042ab82917c97bf49325376a13,IMAGE,linux,s390x,"",0,CASE,"",""
icr.io,cpopen/cpfs/ibm-licensing-usage,1.17.0,sha256:849e213a2e2cd355150e4c3523a98b1c4740407e43443acfc892e0091454e537,LIST,"","","",0,CASE,"",""
icr.io,cpopen/cpfs/ibm-licensing-usage,1.17.0-amd64,sha256:4b41c6bd3b7814171b10b8d7a27ea637e732d0e820e655c7c0f71054050a0730,IMAGE,linux,amd64,"",0,CASE,"",""
