registry,image_name,tag,digest,mtype,os,arch,variant,insecure,digest_source,image_type,groups
cp.icr.io,cp/cp4a/odm/dbserver,22.0.1-IF002,sha256:87a2d9ae162ada1c65aa8f1ec8028f8210fbc9df21aa091cfc5df59ffa5e7a54,LIST,"","","",0,CASE,"",ibmcp4baODMImages
cp.icr.io,cp/cp4a/odm/dbserver,22.0.1-IF002-amd64,sha256:7501234853530a6823e2c0a8a347d80ca4fa23671e82de9ff90adb2ae48b0f5e,IMAGE,linux,amd64,"",0,CASE,"",ibmcp4baODMImages
cp.icr.io,cp/cp4a/odm/dbserver,22.0.1-IF002-s390x,sha256:a36448155895401b4baeed9fadc9c97f25ad1aa1b2fb824e76003b950f9d1591,IMAGE,linux,s390x,"",0,CASE,"",ibmcp4baODMImages
cp.icr.io,cp/cp4a/odm/dbserver,22.0.1-IF002-ppc64le,sha256:005984838477e7e20ff36b2ccd2d998b359099d5d7c0db9e3226c0511e11b6e5,IMAGE,linux,ppc64le,"",0,CASE,"",ibmcp4baODMImages
cp.icr.io,cp/cp4a/odm/odm-decisioncenter,22.0.1-IF002,sha256:fa97b32e63456de8bd57fab4e36522c8c0e66e83353b69a077b382cac1f00599,LIST,"","","",0,CASE,"",ibmcp4baODMImages
cp.icr.io,cp/cp4a/odm/odm-decisioncenter,22.0.1-IF002-amd64,sha256:f763a597f24ae21297487779d7b5877d92aa028439c22432d355d794388aa1a7,IMAGE,linux,amd64,"",0,CASE,"",ibmcp4baODMImages
cp.icr.io,cp/cp4a/odm/odm-decisioncenter,22.0.1-IF002-s390x,sha256:6845ddbf2224ee5f383eed9113be3935e6cb69d6f528a04b760a4adc966cd725,IMAGE,linux,s390x,"",0,CASE,"",ibmcp4baODMImages
cp.icr.io,cp/cp4a/odm/odm-decisioncenter,22.0.1-IF002-ppc64le,sha256:22ba7f6d62211895a9b8319adb9af529235ee5f585402a274868b0de72fded86,IMAGE,linux,ppc64le,"",0,CASE,"",ibmcp4baODMImages
cp.icr.io,cp/cp4a/odm/odm-decisionrunner,22.0.1-IF002,sha256:b92373855521ea36f214b66e88e5e461bb97b68d964e898b91865e0f33b1184f,LIST,"","","",0,CASE,"",ibmcp4baODMImages
cp.icr.io,cp/cp4a/odm/odm-decisionrunner,22.0.1-IF002-amd64,sha256:3a8caf7ad3e75ebf98d2ed0bc6ca82b4e3a5f49038e48b57d99747861015c938,IMAGE,linux,amd64,"",0,CASE,"",ibmcp4baODMImages
cp.icr.io,cp/cp4a/odm/odm-decisionrunner,22.0.1-IF002-s390x,sha256:bde18f5466123488d4e1687a59a598ab216d2eda3b3f8c85edd8b7f910cee091,IMAGE,linux,s390x,"",0,CASE,"",ibmcp4baODMImages
cp.icr.io,cp/cp4a/odm/odm-decisionrunner,22.0.1-IF002-ppc64le,sha256:f7b75115b3ce3f88f4fee93054fd1bac82aa4b1ff91261a8d63f8ce52edbd03d,IMAGE,linux,ppc64le,"",0,CASE,"",ibmcp4baODMImages
cp.icr.io,cp/cp4a/odm/odm-decisionserverconsole,22.0.1-IF002,sha256:1b599a460b2ae8886646fcbadeb093f796a6f58f8fccb42dfa75ecec2945962e,LIST,"","","",0,CASE,"",ibmcp4baODMImages
cp.icr.io,cp/cp4a/odm/odm-decisionserverconsole,22.0.1-IF002-amd64,sha256:8eb1aaa0c5ae48d40c9f2731ca2f5d8b97b98dbdfb6f9b5042a1cbc5441b7d03,IMAGE,linux,amd64,"",0,CASE,"",ibmcp4baODMImages
cp.icr.io,cp/cp4a/odm/odm-decisionserverconsole,22.0.1-IF002-s390x,sha256:8f132031b9310865eef563294d02ca4cac328ac43de1c917d5647a87e0bdd723,IMAGE,linux,s390x,"",0,CASE,"",ibmcp4baODMImages
cp.icr.io,cp/cp4a/odm/odm-decisionserverconsole,22.0.1-IF002-ppc64le,sha256:7c58cf5434e74b4ff7e8007d32167ceabca499e70131eaffad3e4feebe338153,IMAGE,linux,ppc64le,"",0,CASE,"",ibmcp4baODMImages
cp.icr.io,cp/cp4a/odm/odm-decisionserverruntime,22.0.1-IF002,sha256:c9cdc514dbfe025717c165e6a437518301977b3979a7ea55b9ff0f4f41a6cd58,LIST,"","","",0,CASE,"",ibmcp4baODMImages
cp.icr.io,cp/cp4a/odm/odm-decisionserverruntime,22.0.1-IF002-amd64,sha256:a25c2760c7ebff36ba70eb2093b108b98c2e525550185024e382bfc346c4c8e7,IMAGE,linux,amd64,"",0,CASE,"",ibmcp4baODMImages
cp.icr.io,cp/cp4a/odm/odm-decisionserverruntime,22.0.1-IF002-s390x,sha256:d7c4623b2a5b7ad1663deec24742ad10171f3112053f9f6e74786a53dc23dee0,IMAGE,linux,s390x,"",0,CASE,"",ibmcp4baODMImages
cp.icr.io,cp/cp4a/odm/odm-decisionserverruntime,22.0.1-IF002-ppc64le,sha256:93dceead12b63ad966b4b7bd56d4097c0e451b6a951aff5002c186707d7a7411,IMAGE,linux,ppc64le,"",0,CASE,"",ibmcp4baODMImages
cp.icr.io,cp/cp4a/odm/dba-keytool-initcontainer,22.0.1-IF002,sha256:ac459272f6a61edc894f3bedebb9dbe44794b7da8460d978e1b5541469db0bf6,LIST,"","","",0,CASE,"",ibmcp4baODMImages
cp.icr.io,cp/cp4a/odm/dba-keytool-initcontainer,22.0.1-IF002-amd64,sha256:42d61411a1c96dfbf2721ac96055b0398a81af1bdbe206a01398beb768ba1fd9,IMAGE,linux,amd64,"",0,CASE,"",ibmcp4baODMImages
cp.icr.io,cp/cp4a/odm/dba-keytool-initcontainer,22.0.1-IF002-s390x,sha256:1e9bfdaf962302522093f368955e1f6e8fcc4debe7274bcb7ccb2b73c6e72b44,IMAGE,linux,s390x,"",0,CASE,"",ibmcp4baODMImages
cp.icr.io,cp/cp4a/odm/dba-keytool-initcontainer,22.0.1-IF002-ppc64le,sha256:efcfcab1d8db70a97e30df3c796567b5f0945e073d13977f9ba3cccf2334caf1,IMAGE,linux,ppc64le,"",0,CASE,"",ibmcp4baODMImages
cp.icr.io,cp/cp4a/bai/bai-init,22.0.1-IF002,sha256:a973537fa49a62deedd7be58cea7c174b3ffd4713700c101c303f3a0f34b709d,LIST,"","","",0,CASE,"",ibmcp4baBAIImages
cp.icr.io,cp/cp4a/bai/bai-init,22.0.1-IF002-amd64,sha256:7ab12b1d31964bb4ffec3ecd4f085d57afcc8876f649653808404788a8a0b9de,IMAGE,linux,amd64,"",0,CASE,"",ibmcp4baBAIImages
cp.icr.io,cp/cp4a/bai/bai-init,22.0.1-IF002-s390x,sha256:adecc0c8519e5bda55ca088415d6f35e847173bf9f309cabd577c064f730b350,IMAGE,linux,s390x,"",0,CASE,"",ibmcp4baBAIImages
cp.icr.io,cp/cp4a/bai/bai-init,22.0.1-IF002-ppc64le,sha256:17f7ae6b954e56d2fa69bac491f8f156992dcaf8f4b3252f1c6712b69c5fd858,IMAGE,linux,ppc64le,"",0,CASE,"",ibmcp4baBAIImages
cp.icr.io,cp/cp4a/bai/bai-flink,22.0.1-IF002,sha256:e52ab4923c075c6011f3ec2b77da22b2e8faec1e571c64784b06fb2541a2c16a,LIST,"","","",0,CASE,"",ibmcp4baBAIImages
cp.icr.io,cp/cp4a/bai/bai-flink,22.0.1-IF002-amd64,sha256:66d4d8352012ab07288f00080835be2872440777ec641d3f98242b3de83545be,IMAGE,linux,amd64,"",0,CASE,"",ibmcp4baBAIImages
cp.icr.io,cp/cp4a/bai/bai-flink,22.0.1-IF002-s390x,sha256:87291ef0636335e78df1568860a1a451fb5f9cbdb195359ab31c387618a199f3,IMAGE,linux,s390x,"",0,CASE,"",ibmcp4baBAIImages
cp.icr.io,cp/cp4a/bai/bai-flink,22.0.1-IF002-ppc64le,sha256:4e999479cd1cdb1b3e9e39ff9160802697709fbe77c1b559ceefa527ac9cd1d4,IMAGE,linux,ppc64le,"",0,CASE,"",ibmcp4baBAIImages
cp.icr.io,cp/cp4a/bai/bai-setup,22.0.1-IF002,sha256:4bd1e818f76dc63b644ba215a0160d9b51d0cbb5474b51ecc9ca78387e4b0408,LIST,"","","",0,CASE,"",ibmcp4baBAIImages
cp.icr.io,cp/cp4a/bai/bai-setup,22.0.1-IF002-amd64,sha256:a1d068d2a26139f500128094b0b3220203a0eef9e8a7a47dc9a340d1b8e3344c,IMAGE,linux,amd64,"",0,CASE,"",ibmcp4baBAIImages
cp.icr.io,cp/cp4a/bai/bai-setup,22.0.1-IF002-s390x,sha256:e5a573d08c1289d61193a21f9c20e051118057fa9e270051051db39070fd6128,IMAGE,linux,s390x,"",0,CASE,"",ibmcp4baBAIImages
cp.icr.io,cp/cp4a/bai/bai-setup,22.0.1-IF002-ppc64le,sha256:4c9b0f9bd9c4a6b662e6d120516e161ba71fcff1db25ca462624604a3f2e7f08,IMAGE,linux,ppc64le,"",0,CASE,"",ibmcp4baBAIImages
cp.icr.io,cp/cp4a/bai/bai-bpmn,22.0.1-IF002,sha256:4dfaf40ccce25a11f479100778482b8053c6a1c9358c3ac027b26f7dcc30f560,LIST,"","","",0,CASE,"",ibmcp4baBAIImages
cp.icr.io,cp/cp4a/bai/bai-bpmn,22.0.1-IF002-amd64,sha256:ec208857b13c467f42e649c20bd31aabf8a6a5143326f0b2e5ee8eca34e065b1,IMAGE,linux,amd64,"",0,CASE,"",ibmcp4baBAIImages
cp.icr.io,cp/cp4a/bai/bai-bpmn,22.0.1-IF002-s390x,sha256:20c10b10ec1e93087e40d417009b1fa2fd2f8da6450d90c0b97356fc9bd5dc61,IMAGE,linux,s390x,"",0,CASE,"",ibmcp4baBAIImages
cp.icr.io,cp/cp4a/bai/bai-bpmn,22.0.1-IF002-ppc64le,sha256:401721623da4efcbd8b674c613e6e5400e2dd2c48aacaf5983e1b4a13f4a2da9,IMAGE,linux,ppc64le,"",0,CASE,"",ibmcp4baBAIImages
cp.icr.io,cp/cp4a/bai/bai-icm,22.0.1-IF002,sha256:508696507ff6402a2ce5d8848eae78e5cb84179c4d4c7bed5cec7c98b0c23901,LIST,"","","",0,CASE,"",ibmcp4baBAIImages
cp.icr.io,cp/cp4a/bai/bai-icm,22.0.1-IF002-amd64,sha256:cedcb6b384413bc13448a7e7d17b4c8947cf3e202cb8ac97bb555e90266c43cc,IMAGE,linux,amd64,"",0,CASE,"",ibmcp4baBAIImages
cp.icr.io,cp/cp4a/bai/bai-icm,22.0.1-IF002-s390x,sha256:a6ca07ba76429a1a26a6b1c91aea148cd9b9af7c1bb22fd5ac404ce012ef2f68,IMAGE,linux,s390x,"",0,CASE,"",ibmcp4baBAIImages
cp.icr.io,cp/cp4a/bai/bai-icm,22.0.1-IF002-ppc64le,sha256:2ab7b0c4d2f4d8298cc7e5e1e3fa1280af87685ef5e158b750f12ae93e017b33,IMAGE,linux,ppc64le,"",0,CASE,"",ibmcp4baBAIImages
cp.icr.io,cp/cp4a/bai/bai-content,22.0.1-IF002,sha256:6f38fc813c3945921a7f88f56f9d17f2fedc604e41dff60d187635c8c26ac627,LIST,"","","",0,CASE,"",ibmcp4baBAIImages
cp.icr.io,cp/cp4a/bai/bai-content,22.0.1-IF002-amd64,sha256:04870d7c939bbb51b13c5424df933041c2166bbc2b6800e313e86de69492a20f,IMAGE,linux,amd64,"",0,CASE,"",ibmcp4baBAIImages
cp.icr.io,cp/cp4a/bai/bai-content,22.0.1-IF002-s390x,sha256:1f8beb38c0deaba7ee5e13dc01e883e4e235dc0d82e7a64da98333a4a49a9a1e,IMAGE,linux,s390x,"",0,CASE,"",ibmcp4baBAIImages
cp.icr.io,cp/cp4a/bai/bai-content,22.0.1-IF002-ppc64le,sha256:804a41169693a0b0b8cc4fb6710aa14c3d31d261f346626121d5041f5c6a7e17,IMAGE,linux,ppc64le,"",0,CASE,"",ibmcp4baBAIImages
cp.icr.io,cp/cp4a/bai/bai-bawadv,22.0.1-IF002,sha256:e745f5d26037cb08dc8bf41b50ed70acc30dd1d7cbe279b420746a7d5228933d,LIST,"","","",0,CASE,"",ibmcp4baBAIImages
cp.icr.io,cp/cp4a/bai/bai-bawadv,22.0.1-IF002-amd64,sha256:3e5f115108d57c240b4d01adf92b862050eed2b76bfd62efc1f9d99b8cdd3feb,IMAGE,linux,amd64,"",0,CASE,"",ibmcp4baBAIImages
cp.icr.io,cp/cp4a/bai/bai-bawadv,22.0.1-IF002-s390x,sha256:99437772f2bd12dea1cd8f5b95f79c7819db3477571b66353e3a0eb2823780d2,IMAGE,linux,s390x,"",0,CASE,"",ibmcp4baBAIImages
cp.icr.io,cp/cp4a/bai/bai-bawadv,22.0.1-IF002-ppc64le,sha256:50ec7e5c720b96eb6e8e83141e2e9cd20aec5f06175497af5990c6446c7c1644,IMAGE,linux,ppc64le,"",0,CASE,"",ibmcp4baBAIImages
cp.icr.io,cp/cp4a/bai/dba-keytool-initcontainer,22.0.1-IF002,sha256:ac459272f6a61edc894f3bedebb9dbe44794b7da8460d978e1b5541469db0bf6,LIST,"","","",0,CASE,"",ibmcp4baBAIImages
cp.icr.io,cp/cp4a/bai/dba-keytool-initcontainer,22.0.1-IF002-amd64,sha256:42d61411a1c96dfbf2721ac96055b0398a81af1bdbe206a01398beb768ba1fd9,IMAGE,linux,amd64,"",0,CASE,"",ibmcp4baBAIImages
cp.icr.io,cp/cp4a/bai/dba-keytool-initcontainer,22.0.1-IF002-s390x,sha256:1e9bfdaf962302522093f368955e1f6e8fcc4debe7274bcb7ccb2b73c6e72b44,IMAGE,linux,s390x,"",0,CASE,"",ibmcp4baBAIImages
cp.icr.io,cp/cp4a/bai/dba-keytool-initcontainer,22.0.1-IF002-ppc64le,sha256:efcfcab1d8db70a97e30df3c796567b5f0945e073d13977f9ba3cccf2334caf1,IMAGE,linux,ppc64le,"",0,CASE,"",ibmcp4baBAIImages
cp.icr.io,cp/cp4a/bai/dba-umsregistration-initjob,22.0.1-IF002,sha256:e4db8aae999a6cf7f65cbcbdc2cd6ec7128cf67f7116b68351344842186731dc,LIST,"","","",0,CASE,"",ibmcp4baBAIImages
cp.icr.io,cp/cp4a/bai/dba-umsregistration-initjob,22.0.1-IF002-amd64,sha256:e1af2a8f33e9593e13d3e0090c0cbcf03b6fc6c35f3ad6aa469420a6e1ef9835,IMAGE,linux,amd64,"",0,CASE,"",ibmcp4baBAIImages
cp.icr.io,cp/cp4a/bai/dba-umsregistration-initjob,22.0.1-IF002-s390x,sha256:0a4cf1e4392af3feebab61c928ca3e89b50e66e5a8f1c91a4f3107e48e02274f,IMAGE,linux,s390x,"",0,CASE,"",ibmcp4baBAIImages
cp.icr.io,cp/cp4a/bai/dba-umsregistration-initjob,22.0.1-IF002-ppc64le,sha256:b8fe9227105a4794f487f35917f26b9098b657fbe291f389d976f40df8cb5f7b,IMAGE,linux,ppc64le,"",0,CASE,"",ibmcp4baBAIImages
cp.icr.io,cp/cp4a/fncm/cpe,22.0.1-IF002,sha256:a7c81d084668b19f06450caa7d9fce503252216b2c9ac05bb05f8489154afa1b,LIST,"","","",0,CASE,"",ibmcp4baFNCMImages
cp.icr.io,cp/cp4a/fncm/cpe,22.0.1-IF002-amd64,sha256:e34fcbaf44446ff695fb892905e93b52544127e52289a8ec37eeb5616e2be28c,IMAGE,linux,amd64,"",0,CASE,"",ibmcp4baFNCMImages
cp.icr.io,cp/cp4a/fncm/cpe,22.0.1-IF002-s390x,sha256:53037c64928717ec3e3b3da2d56dc8272b7cd0d2d2016298c6667969a82790c1,IMAGE,linux,s390x,"",0,CASE,"",ibmcp4baFNCMImages
cp.icr.io,cp/cp4a/fncm/cpe,22.0.1-IF002-ppc64le,sha256:6a9fdc222382c71b83a9f3ce3330171dd3ba2bf17d8e750fac23096f7dccd648,IMAGE,linux,ppc64le,"",0,CASE,"",ibmcp4baFNCMImages
cp.icr.io,cp/cp4a/fncm/cpe-sso,22.0.1-IF002,sha256:7446bcb4fd575c5498531215c0bdd054e49078148283ae8822609677da0c4c1b,LIST,"","","",0,CASE,"",ibmcp4baFNCMImages
cp.icr.io,cp/cp4a/fncm/cpe-sso,22.0.1-IF002-amd64,sha256:59f0b8de76f25c6007a579585c1e86a1cff1e5e8331ba15f9f6378528e982a02,IMAGE,linux,amd64,"",0,CASE,"",ibmcp4baFNCMImages
cp.icr.io,cp/cp4a/fncm/cpe-sso,22.0.1-IF002-s390x,sha256:97471462b4763a449c0a94245257a5ce8afec16789b6cefcce86181579eb5313,IMAGE,linux,s390x,"",0,CASE,"",ibmcp4baFNCMImages
cp.icr.io,cp/cp4a/fncm/cpe-sso,22.0.1-IF002-ppc64le,sha256:5049eb493f288120d14d4353e8c68a711f19e92a718a280004b79767cfa46799,IMAGE,linux,ppc64le,"",0,CASE,"",ibmcp4baFNCMImages
cp.icr.io,cp/cp4a/fncm/css,22.0.1-IF002,sha256:fcabbe41ba1c1ec4598cd81e46ff0e13a714e9295a850741a52a2e9a88d00bcd,LIST,"","","",0,CASE,"",ibmcp4baFNCMImages
cp.icr.io,cp/cp4a/fncm/css,22.0.1-IF002-amd64,sha256:5b06e7fa07547fd4e5fa99f261ac534e1979bef79e2a0f33dafdef92ece2b7da,IMAGE,linux,amd64,"",0,CASE,"",ibmcp4baFNCMImages
cp.icr.io,cp/cp4a/fncm/css,22.0.1-IF002-s390x,sha256:ec5001e297e867221444cec5f88d7c6006b94eeb4b00d4518a2c76a1aa910f25,IMAGE,linux,s390x,"",0,CASE,"",ibmcp4baFNCMImages
cp.icr.io,cp/cp4a/fncm/css,22.0.1-IF002-ppc64le,sha256:09e75ff85daa21fed7122624ee989802bab172c1baac0bc1980d2030b12704e3,IMAGE,linux,ppc64le,"",0,CASE,"",ibmcp4baFNCMImages
cp.icr.io,cp/cp4a/fncm/cmis,22.0.1-IF002,sha256:129a59368e56d27156e3dc0e8f3871ba080fe3ce178332921b7d98223fbfe104,LIST,"","","",0,CASE,"",ibmcp4baFNCMImages
cp.icr.io,cp/cp4a/fncm/cmis,22.0.1-IF002-amd64,sha256:5d08a6bc50c20c322e89e465ae106d8910a909bbc714faedddd30b2ae796fbad,IMAGE,linux,amd64,"",0,CASE,"",ibmcp4baFNCMImages
cp.icr.io,cp/cp4a/fncm/cmis,22.0.1-IF002-s390x,sha256:585d47f52c8e5a64dd115a1b9643831bd1d3e7d82ab830f54f70768bdcd9e305,IMAGE,linux,s390x,"",0,CASE,"",ibmcp4baFNCMImages
cp.icr.io,cp/cp4a/fncm/cmis,22.0.1-IF002-ppc64le,sha256:46ce36164a1518b3e39dec36bba2649815b10098b52b30c246a6e051d433c316,IMAGE,linux,ppc64le,"",0,CASE,"",ibmcp4baFNCMImages
cp.icr.io,cp/cp4a/fncm/extshare,22.0.1-IF002,sha256:20c1e079a11e1b022ef7209e85978a6e79685613ea3b2b96477e502667bca1ef,LIST,"","","",0,CASE,"",ibmcp4baFNCMImages
cp.icr.io,cp/cp4a/fncm/extshare,22.0.1-IF002-amd64,sha256:dc5d341db55171968ea1c48bc42e10cf09d6482b8598f84b5e1ebf5606a0a1d0,IMAGE,linux,amd64,"",0,CASE,"",ibmcp4baFNCMImages
cp.icr.io,cp/cp4a/fncm/extshare,22.0.1-IF002-s390x,sha256:63ef872a1c4d86129183265f360267b5ab918a2cb800afeb5f5b1296745b15a8,IMAGE,linux,s390x,"",0,CASE,"",ibmcp4baFNCMImages
cp.icr.io,cp/cp4a/fncm/extshare,22.0.1-IF002-ppc64le,sha256:2d23ada56c9f5f59420df0d3e2b2f6d9fd151c149b345205fe8c5931ec0d309a,IMAGE,linux,ppc64le,"",0,CASE,"",ibmcp4baFNCMImages
cp.icr.io,cp/cp4a/fncm/graphql,22.0.1-IF002,sha256:7c86908094b108a73db790e51af954755789d74bee6dca3a10353d7ef1ac6e91,LIST,"","","",0,CASE,"",ibmcp4baFNCMImages
cp.icr.io,cp/cp4a/fncm/graphql,22.0.1-IF002-amd64,sha256:8ee59b9d069a8e15b6d6be64087f71f2bce64e59dfb58a0c55c711362ce66084,IMAGE,linux,amd64,"",0,CASE,"",ibmcp4baFNCMImages
cp.icr.io,cp/cp4a/fncm/graphql,22.0.1-IF002-s390x,sha256:2f5c905f55a414e2d2509d94a680b9fd96fdda76a43fbd880feacecc0ddb5b37,IMAGE,linux,s390x,"",0,CASE,"",ibmcp4baFNCMImages
cp.icr.io,cp/cp4a/fncm/graphql,22.0.1-IF002-ppc64le,sha256:88f78d99aee2f4a2425e4b8dd5977b3e26aa4dfe3cddf59f2819f25ad4183ccd,IMAGE,linux,ppc64le,"",0,CASE,"",ibmcp4baFNCMImages
cp.icr.io,cp/cp4a/fncm/taskmgr,22.0.1-IF002,sha256:83e79c579b72b4cb814b96e4ddd9d039de61c718718cab755aed9b51ecb2b56d,LIST,"","","",0,CASE,"",ibmcp4baFNCMImages
cp.icr.io,cp/cp4a/fncm/taskmgr,22.0.1-IF002-amd64,sha256:2844e56ae48479cd4229a2817285ad89d259589160491b86486ada6a5aeeff96,IMAGE,linux,amd64,"",0,CASE,"",ibmcp4baFNCMImages
cp.icr.io,cp/cp4a/fncm/taskmgr,22.0.1-IF002-s390x,sha256:77bf9cfaa71c174c73ac0ea3c4eafef2ecbdd6dabe44bba1e167f1cf31e74e2f,IMAGE,linux,s390x,"",0,CASE,"",ibmcp4baFNCMImages
cp.icr.io,cp/cp4a/fncm/taskmgr,22.0.1-IF002-ppc64le,sha256:0f7961c96113a4453c39f159c444dc5a1515278da27a8ed897483f7d0ff7982b,IMAGE,linux,ppc64le,"",0,CASE,"",ibmcp4baFNCMImages
cp.icr.io,cp/cp4a/ban/navigator,22.0.1-IF002,sha256:b32e259592887fe6c974a3253adf32b228304b6fe39ab35fec981f8e7adf74b6,LIST,"","","",0,CASE,"",ibmcp4baBANImages
cp.icr.io,cp/cp4a/ban/navigator,22.0.1-IF002-amd64,sha256:93e28327262aeb21f5c7818026a9770f278e5e1c32dc5000edf957f94e7a26c2,IMAGE,linux,amd64,"",0,CASE,"",ibmcp4baBANImages
cp.icr.io,cp/cp4a/ban/navigator,22.0.1-IF002-s390x,sha256:c3ad911581ad719a55ffb6116f755119248867f71428dc21ba916615187008f5,IMAGE,linux,s390x,"",0,CASE,"",ibmcp4baBANImages
cp.icr.io,cp/cp4a/ban/navigator,22.0.1-IF002-ppc64le,sha256:40577fa7a5973ccefd2a76832f7928fcfea08646edf98b5c4d2b7580adce9192,IMAGE,linux,ppc64le,"",0,CASE,"",ibmcp4baBANImages
cp.icr.io,cp/cp4a/ban/navigator-sso,22.0.1-IF002,sha256:610bbccbf3512a0b6ab7fbcdbbf9f391295cdb02d0378ce8deab63be4f822c31,LIST,"","","",0,CASE,"",ibmcp4baBANImages
cp.icr.io,cp/cp4a/ban/navigator-sso,22.0.1-IF002-amd64,sha256:894c237d4b9435bbde8d67d895877b85d02c8edfa60545a36789683c387c8e5e,IMAGE,linux,amd64,"",0,CASE,"",ibmcp4baBANImages
cp.icr.io,cp/cp4a/ban/navigator-sso,22.0.1-IF002-s390x,sha256:85e5f3bf536660fd6db65a34251e4d8b945e6ad7de417e338fde74f9da599b3b,IMAGE,linux,s390x,"",0,CASE,"",ibmcp4baBANImages
cp.icr.io,cp/cp4a/ban/navigator-sso,22.0.1-IF002-ppc64le,sha256:7b176e2590a060a8aa03ee5d405fa008c7b8a003f8d2bedad03ee33c5dd64275,IMAGE,linux,ppc64le,"",0,CASE,"",ibmcp4baBANImages
cp.icr.io,cp/cp4a/bas/bastudio,22.0.1-IF002,sha256:ebd09f7e417391931553991706cd2e1e888c1716bc4cadb476a3ca0833d5c884,LIST,"","","",0,CASE,"",ibmcp4baBASImages
cp.icr.io,cp/cp4a/bas/bastudio,22.0.1-IF002-amd64,sha256:343bffb730414684cc6af0a6f8f5ecee8e9883f36239a427d021bed560ee6e2c,IMAGE,linux,amd64,"",0,CASE,"",ibmcp4baBASImages
cp.icr.io,cp/cp4a/bas/bastudio,22.0.1-IF002-s390x,sha256:de44ccd8299908737e19ea83db0ffece6ea3caae31ea35e7f09b35c0ffa65c86,IMAGE,linux,s390x,"",0,CASE,"",ibmcp4baBASImages
cp.icr.io,cp/cp4a/bas/bastudio,22.0.1-IF002-ppc64le,sha256:3a4176c1614fcf587810f77d0375e810534e1b362413bb3126a0594548cf41b9,IMAGE,linux,ppc64le,"",0,CASE,"",ibmcp4baBASImages
cp.icr.io,cp/cp4a/bas/jms,22.0.1-IF002,sha256:54e36b363e2546294a8dac1de8cc693583632f178ac7a429c8da6eb6665b1767,LIST,"","","",0,CASE,"",ibmcp4baBASImages
cp.icr.io,cp/cp4a/bas/jms,22.0.1-IF002-amd64,sha256:cb6b39bc7b2d8cebe17136c40b0f2e9c685b52fce98f2a3635037981c3e772c2,IMAGE,linux,amd64,"",0,CASE,"",ibmcp4baBASImages
cp.icr.io,cp/cp4a/bas/jms,22.0.1-IF002-s390x,sha256:384b7ba803d11a551608ed74a1a5a81102522f435991f4d488abeca4856431ef,IMAGE,linux,s390x,"",0,CASE,"",ibmcp4baBASImages
cp.icr.io,cp/cp4a/bas/jms,22.0.1-IF002-ppc64le,sha256:d63a02c0e2941a5e19bf5293545fc83708b4051775c1a47fcf2639ed2caeb34f,IMAGE,linux,ppc64le,"",0,CASE,"",ibmcp4baBASImages
cp.icr.io,cp/cp4a/bas/solution-server,22.0.1-IF002,sha256:f43bb8282b60254098b387a08a3cd8627809056e57bb41e7202ef2db05b9728c,LIST,"","","",0,CASE,"",ibmcp4baBASImages
cp.icr.io,cp/cp4a/bas/solution-server,22.0.1-IF002-amd64,sha256:e64435025473c361d43842b181b08e6f32ed15b4db55a6cd6cac8cbf1f04d8e1,IMAGE,linux,amd64,"",0,CASE,"",ibmcp4baBASImages
cp.icr.io,cp/cp4a/bas/solution-server,22.0.1-IF002-s390x,sha256:3a54f888498c4edaadbcbc75c88c21b6417c0aa4b77563e1776eace429491f3e,IMAGE,linux,s390x,"",0,CASE,"",ibmcp4baBASImages
cp.icr.io,cp/cp4a/bas/solution-server,22.0.1-IF002-ppc64le,sha256:ce3160af25b7aff477b5144a8c339a3f1bae30d108f0ecc0b011dc71b8c524d0,IMAGE,linux,ppc64le,"",0,CASE,"",ibmcp4baBASImages
cp.icr.io,cp/cp4a/bas/dba-etcd,22.0.1-IF002,sha256:2699154eeaaa7c3ef999e5e719d106897dbc97f68ff0ad7c5cb72a3abeb47442,LIST,"","","",0,CASE,"",ibmcp4baBASImages
cp.icr.io,cp/cp4a/bas/dba-etcd,22.0.1-IF002-amd64,sha256:22b45ce05788c56170ea97eab464921003f81b5757d0c97f69b1aa5b364f74e9,IMAGE,linux,amd64,"",0,CASE,"",ibmcp4baBASImages
cp.icr.io,cp/cp4a/bas/dba-etcd,22.0.1-IF002-s390x,sha256:431e539c8ad99eb2c94d9b64f7ae991d43e056ac413c2f00f279012f61034508,IMAGE,linux,s390x,"",0,CASE,"",ibmcp4baBASImages
cp.icr.io,cp/cp4a/bas/dba-etcd,22.0.1-IF002-ppc64le,sha256:f4fe0fbd8fd5e6c92df63eaf57d9e63a9e57cc51fef60ca1ef8c51b829b49146,IMAGE,linux,ppc64le,"",0,CASE,"",ibmcp4baBASImages
cp.icr.io,cp/cp4a/bas/solution-server-helmjob-db,22.0.1-IF002,sha256:2c4ffb357d234cf771be863094247bde6c84598c26f12e5628faf7405ffeb5ec,LIST,"","","",0,CASE,"",ibmcp4baBASImages
cp.icr.io,cp/cp4a/bas/solution-server-helmjob-db,22.0.1-IF002-amd64,sha256:f30e0bbec633f0ee4bd8458573d72fd2c7f220ec2824ed7f219ecc276cfec3dd,IMAGE,linux,amd64,"",0,CASE,"",ibmcp4baBASImages
cp.icr.io,cp/cp4a/bas/solution-server-helmjob-db,22.0.1-IF002-s390x,sha256:c4e71a0871664c8ab7ef384ca1c91bc443e5ad22f43eedb5fe18d57935fca020,IMAGE,linux,s390x,"",0,CASE,"",ibmcp4baBASImages
cp.icr.io,cp/cp4a/bas/solution-server-helmjob-db,22.0.1-IF002-ppc64le,sha256:76971375f717dc4e6591dfdee3b4e3cce1a295fbd107bddc35a8a65335886b44,IMAGE,linux,ppc64le,"",0,CASE,"",ibmcp4baBASImages
cp.icr.io,cp/cp4a/bas/workflow-authoring,22.0.1-IF002,sha256:24bf5d9fbde45c6c31725de2dabc4cd96bd819dfa5895d7b4e712abd12ccc70d,LIST,"","","",0,CASE,"",ibmcp4baBASImages
cp.icr.io,cp/cp4a/bas/workflow-authoring,22.0.1-IF002-amd64,sha256:76c3eabb3207e2db7ab0fb921ba3cd954717d93139c0de4a554bd50f419c6298,IMAGE,linux,amd64,"",0,CASE,"",ibmcp4baBASImages
cp.icr.io,cp/cp4a/bas/workflow-authoring,22.0.1-IF002-s390x,sha256:1dccf362eca48d4ea6c8641fcf3d3093cca93a07774c7c793e372605bdce86f1,IMAGE,linux,s390x,"",0,CASE,"",ibmcp4baBASImages
cp.icr.io,cp/cp4a/bas/workflow-authoring,22.0.1-IF002-ppc64le,sha256:67c521b48a811fa247efdbb666656560bf45da0e2363f599471359f1872d1300,IMAGE,linux,ppc64le,"",0,CASE,"",ibmcp4baBASImages
cp.icr.io,cp/cp4a/bas/dba-keytool-initcontainer,22.0.1-IF002,sha256:ac459272f6a61edc894f3bedebb9dbe44794b7da8460d978e1b5541469db0bf6,LIST,"","","",0,CASE,"",ibmcp4baBASImages
cp.icr.io,cp/cp4a/bas/dba-keytool-initcontainer,22.0.1-IF002-amd64,sha256:42d61411a1c96dfbf2721ac96055b0398a81af1bdbe206a01398beb768ba1fd9,IMAGE,linux,amd64,"",0,CASE,"",ibmcp4baBASImages
cp.icr.io,cp/cp4a/bas/dba-keytool-initcontainer,22.0.1-IF002-s390x,sha256:1e9bfdaf962302522093f368955e1f6e8fcc4debe7274bcb7ccb2b73c6e72b44,IMAGE,linux,s390x,"",0,CASE,"",ibmcp4baBASImages
cp.icr.io,cp/cp4a/bas/dba-keytool-initcontainer,22.0.1-IF002-ppc64le,sha256:efcfcab1d8db70a97e30df3c796567b5f0945e073d13977f9ba3cccf2334caf1,IMAGE,linux,ppc64le,"",0,CASE,"",ibmcp4baBASImages
cp.icr.io,cp/cp4a/bas/dba-keytool-jobcontainer,22.0.1-IF002,sha256:d9dc29ada0b1b8bb534f806640d7e045de36fc82d78510ce2062024b16cef079,LIST,"","","",0,CASE,"",ibmcp4baBASImages
cp.icr.io,cp/cp4a/bas/dba-keytool-jobcontainer,22.0.1-IF002-amd64,sha256:3d93d28bc055da51e2421fea641fada22cbef2a106c61bc4a68cfda925a5ea7b,IMAGE,linux,amd64,"",0,CASE,"",ibmcp4baBASImages
cp.icr.io,cp/cp4a/bas/dba-keytool-jobcontainer,22.0.1-IF002-s390x,sha256:f6b8af05cf1347af4faa89a38f43dcbfa4e205849bec08ceb9ae0168a1255414,IMAGE,linux,s390x,"",0,CASE,"",ibmcp4baBASImages
cp.icr.io,cp/cp4a/bas/dba-keytool-jobcontainer,22.0.1-IF002-ppc64le,sha256:3bdf5f4ba976d2ee10a05a4325adb3333bf9354cd569df86ecde1046fb5e211e,IMAGE,linux,ppc64le,"",0,CASE,"",ibmcp4baBASImages
cp.icr.io,cp/cp4a/bas/dba-umsregistration-initjob,22.0.1-IF002,sha256:e4db8aae999a6cf7f65cbcbdc2cd6ec7128cf67f7116b68351344842186731dc,LIST,"","","",0,CASE,"",ibmcp4baBASImages
cp.icr.io,cp/cp4a/bas/dba-umsregistration-initjob,22.0.1-IF002-amd64,sha256:e1af2a8f33e9593e13d3e0090c0cbcf03b6fc6c35f3ad6aa469420a6e1ef9835,IMAGE,linux,amd64,"",0,CASE,"",ibmcp4baBASImages
cp.icr.io,cp/cp4a/bas/dba-umsregistration-initjob,22.0.1-IF002-s390x,sha256:0a4cf1e4392af3feebab61c928ca3e89b50e66e5a8f1c91a4f3107e48e02274f,IMAGE,linux,s390x,"",0,CASE,"",ibmcp4baBASImages
cp.icr.io,cp/cp4a/bas/dba-umsregistration-initjob,22.0.1-IF002-ppc64le,sha256:b8fe9227105a4794f487f35917f26b9098b657fbe291f389d976f40df8cb5f7b,IMAGE,linux,ppc64le,"",0,CASE,"",ibmcp4baBASImages
cp.icr.io,cp/cp4a/bas/dba-dbcompatibility-initcontainer,22.0.1-IF002,sha256:63b3414eeee04ef8662804303614acd9d818c37775aaf2dbf5c7a04b3f2036ca,LIST,"","","",0,CASE,"",ibmcp4baBASImages
cp.icr.io,cp/cp4a/bas/dba-dbcompatibility-initcontainer,22.0.1-IF002-amd64,sha256:aad45c787695ab3720f18f9e043f971663593dd8de1aec3ff94e03ac9621611f,IMAGE,linux,amd64,"",0,CASE,"",ibmcp4baBASImages
cp.icr.io,cp/cp4a/bas/dba-dbcompatibility-initcontainer,22.0.1-IF002-s390x,sha256:b91c3df9c0b4644c4e2de142f8fcd3229eb07669b50feeab661f215f4159fe78,IMAGE,linux,s390x,"",0,CASE,"",ibmcp4baBASImages
cp.icr.io,cp/cp4a/bas/dba-dbcompatibility-initcontainer,22.0.1-IF002-ppc64le,sha256:91f5af1d058dd996f155bbb0a2234bf5367c8596aa5d81b6b0af519f98685def,IMAGE,linux,ppc64le,"",0,CASE,"",ibmcp4baBASImages
cp.icr.io,cp/cp4a/aae/solution-server,22.0.1-IF002,sha256:f43bb8282b60254098b387a08a3cd8627809056e57bb41e7202ef2db05b9728c,LIST,"","","",0,CASE,"",ibmcp4baAAEImages
cp.icr.io,cp/cp4a/aae/solution-server,22.0.1-IF002-amd64,sha256:e64435025473c361d43842b181b08e6f32ed15b4db55a6cd6cac8cbf1f04d8e1,IMAGE,linux,amd64,"",0,CASE,"",ibmcp4baAAEImages
cp.icr.io,cp/cp4a/aae/solution-server,22.0.1-IF002-s390x,sha256:3a54f888498c4edaadbcbc75c88c21b6417c0aa4b77563e1776eace429491f3e,IMAGE,linux,s390x,"",0,CASE,"",ibmcp4baAAEImages
cp.icr.io,cp/cp4a/aae/solution-server,22.0.1-IF002-ppc64le,sha256:ce3160af25b7aff477b5144a8c339a3f1bae30d108f0ecc0b011dc71b8c524d0,IMAGE,linux,ppc64le,"",0,CASE,"",ibmcp4baAAEImages
cp.icr.io,cp/cp4a/aae/dba-etcd,22.0.1-IF002,sha256:2699154eeaaa7c3ef999e5e719d106897dbc97f68ff0ad7c5cb72a3abeb47442,LIST,"","","",0,CASE,"",ibmcp4baAAEImages
cp.icr.io,cp/cp4a/aae/dba-etcd,22.0.1-IF002-amd64,sha256:22b45ce05788c56170ea97eab464921003f81b5757d0c97f69b1aa5b364f74e9,IMAGE,linux,amd64,"",0,CASE,"",ibmcp4baAAEImages
cp.icr.io,cp/cp4a/aae/dba-etcd,22.0.1-IF002-s390x,sha256:431e539c8ad99eb2c94d9b64f7ae991d43e056ac413c2f00f279012f61034508,IMAGE,linux,s390x,"",0,CASE,"",ibmcp4baAAEImages
cp.icr.io,cp/cp4a/aae/dba-etcd,22.0.1-IF002-ppc64le,sha256:f4fe0fbd8fd5e6c92df63eaf57d9e63a9e57cc51fef60ca1ef8c51b829b49146,IMAGE,linux,ppc64le,"",0,CASE,"",ibmcp4baAAEImages
cp.icr.io,cp/cp4a/aae/solution-server-helmjob-db,22.0.1-IF002,sha256:2c4ffb357d234cf771be863094247bde6c84598c26f12e5628faf7405ffeb5ec,LIST,"","","",0,CASE,"",ibmcp4baAAEImages
cp.icr.io,cp/cp4a/aae/solution-server-helmjob-db,22.0.1-IF002-amd64,sha256:f30e0bbec633f0ee4bd8458573d72fd2c7f220ec2824ed7f219ecc276cfec3dd,IMAGE,linux,amd64,"",0,CASE,"",ibmcp4baAAEImages
cp.icr.io,cp/cp4a/aae/solution-server-helmjob-db,22.0.1-IF002-s390x,sha256:c4e71a0871664c8ab7ef384ca1c91bc443e5ad22f43eedb5fe18d57935fca020,IMAGE,linux,s390x,"",0,CASE,"",ibmcp4baAAEImages
cp.icr.io,cp/cp4a/aae/solution-server-helmjob-db,22.0.1-IF002-ppc64le,sha256:76971375f717dc4e6591dfdee3b4e3cce1a295fbd107bddc35a8a65335886b44,IMAGE,linux,ppc64le,"",0,CASE,"",ibmcp4baAAEImages
cp.icr.io,cp/cp4a/aae/dba-keytool-initcontainer,22.0.1-IF002,sha256:ac459272f6a61edc894f3bedebb9dbe44794b7da8460d978e1b5541469db0bf6,LIST,"","","",0,CASE,"",ibmcp4baAAEImages
cp.icr.io,cp/cp4a/aae/dba-keytool-initcontainer,22.0.1-IF002-amd64,sha256:42d61411a1c96dfbf2721ac96055b0398a81af1bdbe206a01398beb768ba1fd9,IMAGE,linux,amd64,"",0,CASE,"",ibmcp4baAAEImages
cp.icr.io,cp/cp4a/aae/dba-keytool-initcontainer,22.0.1-IF002-s390x,sha256:1e9bfdaf962302522093f368955e1f6e8fcc4debe7274bcb7ccb2b73c6e72b44,IMAGE,linux,s390x,"",0,CASE,"",ibmcp4baAAEImages
cp.icr.io,cp/cp4a/aae/dba-keytool-initcontainer,22.0.1-IF002-ppc64le,sha256:efcfcab1d8db70a97e30df3c796567b5f0945e073d13977f9ba3cccf2334caf1,IMAGE,linux,ppc64le,"",0,CASE,"",ibmcp4baAAEImages
cp.icr.io,cp/cp4a/aae/dba-umsregistration-initjob,22.0.1-IF002,sha256:e4db8aae999a6cf7f65cbcbdc2cd6ec7128cf67f7116b68351344842186731dc,LIST,"","","",0,CASE,"",ibmcp4baAAEImages
cp.icr.io,cp/cp4a/aae/dba-umsregistration-initjob,22.0.1-IF002-amd64,sha256:e1af2a8f33e9593e13d3e0090c0cbcf03b6fc6c35f3ad6aa469420a6e1ef9835,IMAGE,linux,amd64,"",0,CASE,"",ibmcp4baAAEImages
cp.icr.io,cp/cp4a/aae/dba-umsregistration-initjob,22.0.1-IF002-s390x,sha256:0a4cf1e4392af3feebab61c928ca3e89b50e66e5a8f1c91a4f3107e48e02274f,IMAGE,linux,s390x,"",0,CASE,"",ibmcp4baAAEImages
cp.icr.io,cp/cp4a/aae/dba-umsregistration-initjob,22.0.1-IF002-ppc64le,sha256:b8fe9227105a4794f487f35917f26b9098b657fbe291f389d976f40df8cb5f7b,IMAGE,linux,ppc64le,"",0,CASE,"",ibmcp4baAAEImages
cp.icr.io,cp/cp4a/aae/dba-dbcompatibility-initcontainer,22.0.1-IF002,sha256:63b3414eeee04ef8662804303614acd9d818c37775aaf2dbf5c7a04b3f2036ca,LIST,"","","",0,CASE,"",ibmcp4baAAEImages
cp.icr.io,cp/cp4a/aae/dba-dbcompatibility-initcontainer,22.0.1-IF002-amd64,sha256:aad45c787695ab3720f18f9e043f971663593dd8de1aec3ff94e03ac9621611f,IMAGE,linux,amd64,"",0,CASE,"",ibmcp4baAAEImages
cp.icr.io,cp/cp4a/aae/dba-dbcompatibility-initcontainer,22.0.1-IF002-s390x,sha256:b91c3df9c0b4644c4e2de142f8fcd3229eb07669b50feeab661f215f4159fe78,IMAGE,linux,s390x,"",0,CASE,"",ibmcp4baAAEImages
cp.icr.io,cp/cp4a/aae/dba-dbcompatibility-initcontainer,22.0.1-IF002-ppc64le,sha256:91f5af1d058dd996f155bbb0a2234bf5367c8596aa5d81b6b0af519f98685def,IMAGE,linux,ppc64le,"",0,CASE,"",ibmcp4baAAEImages
cp.icr.io,cp/cp4a/ums/ums,22.0.1-IF002,sha256:37b115234ff0149d9fdb200e350b4367a7e5616a301e73bbd0e21cdc30a976b8,LIST,"","","",0,CASE,"",ibmcp4baUMSImages
cp.icr.io,cp/cp4a/ums/ums,22.0.1-IF002-amd64,sha256:06aae61beb51c4712c94cd6ab1c65a59c92c2506b831c283c04fd2c6a7b374b9,IMAGE,linux,amd64,"",0,CASE,"",ibmcp4baUMSImages
cp.icr.io,cp/cp4a/ums/ums,22.0.1-IF002-s390x,sha256:205b0d27d92af5d826c6f2f6fe1f6c2a729222b91f1620293db4a494534a2774,IMAGE,linux,s390x,"",0,CASE,"",ibmcp4baUMSImages
cp.icr.io,cp/cp4a/ums/ums,22.0.1-IF002-ppc64le,sha256:cf634b32ad2c10e312ab9bffcb30e5ef3feb9b2421c9cbd93bcd88016e4b3dc2,IMAGE,linux,ppc64le,"",0,CASE,"",ibmcp4baUMSImages
cp.icr.io,cp/cp4a/ums/dba-keytool-initcontainer,22.0.1-IF002,sha256:ac459272f6a61edc894f3bedebb9dbe44794b7da8460d978e1b5541469db0bf6,LIST,"","","",0,CASE,"",ibmcp4baUMSImages
cp.icr.io,cp/cp4a/ums/dba-keytool-initcontainer,22.0.1-IF002-amd64,sha256:42d61411a1c96dfbf2721ac96055b0398a81af1bdbe206a01398beb768ba1fd9,IMAGE,linux,amd64,"",0,CASE,"",ibmcp4baUMSImages
cp.icr.io,cp/cp4a/ums/dba-keytool-initcontainer,22.0.1-IF002-s390x,sha256:1e9bfdaf962302522093f368955e1f6e8fcc4debe7274bcb7ccb2b73c6e72b44,IMAGE,linux,s390x,"",0,CASE,"",ibmcp4baUMSImages
cp.icr.io,cp/cp4a/ums/dba-keytool-initcontainer,22.0.1-IF002-ppc64le,sha256:efcfcab1d8db70a97e30df3c796567b5f0945e073d13977f9ba3cccf2334caf1,IMAGE,linux,ppc64le,"",0,CASE,"",ibmcp4baUMSImages
cp.icr.io,cp/cp4a/ums/dba-keytool-jobcontainer,22.0.1-IF002,sha256:d9dc29ada0b1b8bb534f806640d7e045de36fc82d78510ce2062024b16cef079,LIST,"","","",0,CASE,"",ibmcp4baUMSImages
cp.icr.io,cp/cp4a/ums/dba-keytool-jobcontainer,22.0.1-IF002-amd64,sha256:3d93d28bc055da51e2421fea641fada22cbef2a106c61bc4a68cfda925a5ea7b,IMAGE,linux,amd64,"",0,CASE,"",ibmcp4baUMSImages
cp.icr.io,cp/cp4a/ums/dba-keytool-jobcontainer,22.0.1-IF002-s390x,sha256:f6b8af05cf1347af4faa89a38f43dcbfa4e205849bec08ceb9ae0168a1255414,IMAGE,linux,s390x,"",0,CASE,"",ibmcp4baUMSImages
cp.icr.io,cp/cp4a/ums/dba-keytool-jobcontainer,22.0.1-IF002-ppc64le,sha256:3bdf5f4ba976d2ee10a05a4325adb3333bf9354cd569df86ecde1046fb5e211e,IMAGE,linux,ppc64le,"",0,CASE,"",ibmcp4baUMSImages
cp.icr.io,cp/cp4a/ums/dba-ums-secret-initcontainer,22.0.1-IF002,sha256:cb4326e13c4eb45af90a591a41bd69a2c572ba6baeb883e9b9e8587369e15ec8,LIST,"","","",0,CASE,"",ibmcp4baUMSImages
cp.icr.io,cp/cp4a/ums/dba-ums-secret-initcontainer,22.0.1-IF002-amd64,sha256:eae1066840d2b68ab1773c041571fb862f68d6fdb63388f4642f9631ffe86d9d,IMAGE,linux,amd64,"",0,CASE,"",ibmcp4baUMSImages
cp.icr.io,cp/cp4a/ums/dba-ums-secret-initcontainer,22.0.1-IF002-s390x,sha256:d7ef3bb25b6e584b60d8e8ed1aad96bb020b8f00f34ad805c9d55fa4b218d16c,IMAGE,linux,s390x,"",0,CASE,"",ibmcp4baUMSImages
cp.icr.io,cp/cp4a/ums/dba-ums-secret-initcontainer,22.0.1-IF002-ppc64le,sha256:ed02f0b92fac2dba3b652ab3d61c2c53b214b0f418cf4dac410acdba29eb094d,IMAGE,linux,ppc64le,"",0,CASE,"",ibmcp4baUMSImages
cp.icr.io,cp/cp4a/ads/ads-runtime,22.0.1-IF002,sha256:09ba658f2357f7c62d26a986732916d45210e91a968e782876c0fc9bc5cbdd84,LIST,"","","",0,CASE,"",ibmcp4baADSImages
cp.icr.io,cp/cp4a/ads/ads-runtime,22.0.1-IF002-amd64,sha256:d5b2075debebb1765ac50077c5a4c08ed9f57598eb7bb8cfd60ccb94f5224f71,IMAGE,linux,amd64,"",0,CASE,"",ibmcp4baADSImages
cp.icr.io,cp/cp4a/ads/ads-runtime,22.0.1-IF002-s390x,sha256:5fda8748fb9ccd46228a5f03b3d89b4b7b6724b45f7d5205c368c0a8720af9a5,IMAGE,linux,s390x,"",0,CASE,"",ibmcp4baADSImages
cp.icr.io,cp/cp4a/ads/ads-runtime,22.0.1-IF002-ppc64le,sha256:ee2b2b348760c95a04c47e01944abbb56fecb6cdcd6f68780dea95c4dfd072dd,IMAGE,linux,ppc64le,"",0,CASE,"",ibmcp4baADSImages
cp.icr.io,cp/cp4a/ads/ads-front,22.0.1-IF002,sha256:0647064339cfa9ecdf0c39abbe0ab8799d94cf545a3725c5475b573e1ade9330,LIST,"","","",0,CASE,"",ibmcp4baADSImages
cp.icr.io,cp/cp4a/ads/ads-front,22.0.1-IF002-amd64,sha256:22623e82a363e54218a3af43dd0c6833f9176be8ca83d554de3ef7710da14507,IMAGE,linux,amd64,"",0,CASE,"",ibmcp4baADSImages
cp.icr.io,cp/cp4a/ads/ads-front,22.0.1-IF002-s390x,sha256:353fdc018d4e09df8aeab5e8010e28fc655c09cefbec4a48bdf69ca13d0f59ca,IMAGE,linux,s390x,"",0,CASE,"",ibmcp4baADSImages
cp.icr.io,cp/cp4a/ads/ads-front,22.0.1-IF002-ppc64le,sha256:ae74eb80db027ebc1dab4e68f3a0b4d98d863d871e30f6567da8f035aabc17c3,IMAGE,linux,ppc64le,"",0,CASE,"",ibmcp4baADSImages
cp.icr.io,cp/cp4a/ads/ads-rrintegration,22.0.1-IF002,sha256:ac9ce1cdc3df604dfc66b650bfff08fdf5ced85878ed333f979c4009ced4cbe1,LIST,"","","",0,CASE,"",ibmcp4baADSImages
cp.icr.io,cp/cp4a/ads/ads-rrintegration,22.0.1-IF002-amd64,sha256:1cc85a8160cbf1e320ef1c7db6e21467a495b661a8cbe92a0f4bc82f767bce76,IMAGE,linux,amd64,"",0,CASE,"",ibmcp4baADSImages
cp.icr.io,cp/cp4a/ads/ads-rrintegration,22.0.1-IF002-s390x,sha256:d95b62853f24e125e9968913e2ef95d46de33bc209c749d6b495b6bbee4688a8,IMAGE,linux,s390x,"",0,CASE,"",ibmcp4baADSImages
cp.icr.io,cp/cp4a/ads/ads-rrintegration,22.0.1-IF002-ppc64le,sha256:af6dcb6e1de6ac98895986782c626b4b96d7c61486f5a64ffad5c3ee46906adf,IMAGE,linux,ppc64le,"",0,CASE,"",ibmcp4baADSImages
cp.icr.io,cp/cp4a/ads/ads-restapi,22.0.1-IF002,sha256:da19be49493f3b79e2740470c93ecc0db57926e6d9cf8f59e7069c56cd5f2b6c,LIST,"","","",0,CASE,"",ibmcp4baADSImages
cp.icr.io,cp/cp4a/ads/ads-restapi,22.0.1-IF002-amd64,sha256:16202267bfdbde3181b557391f548db465b490b0859e9881084156877f3e4d31,IMAGE,linux,amd64,"",0,CASE,"",ibmcp4baADSImages
cp.icr.io,cp/cp4a/ads/ads-restapi,22.0.1-IF002-s390x,sha256:572a8792c7343c561fd3154c7729f37fbdf157f79cfd662e4a4961b65b3c1e04,IMAGE,linux,s390x,"",0,CASE,"",ibmcp4baADSImages
cp.icr.io,cp/cp4a/ads/ads-restapi,22.0.1-IF002-ppc64le,sha256:334ce5313943a241a1c86200f804c2dfe6ed2b809e52635f0f1ef194152f8ea0,IMAGE,linux,ppc64le,"",0,CASE,"",ibmcp4baADSImages
cp.icr.io,cp/cp4a/ads/ads-download,22.0.1-IF002,sha256:3b1b7a6b68dbcb91d2e95f6a2c236dcb4fd1b320612c10b4833735cf58a5e714,LIST,"","","",0,CASE,"",ibmcp4baADSImages
cp.icr.io,cp/cp4a/ads/ads-download,22.0.1-IF002-amd64,sha256:a424cd074116ecfba7e10e5dba4d4fffdef82ac454094a0eb2921b5ce5310500,IMAGE,linux,amd64,"",0,CASE,"",ibmcp4baADSImages
cp.icr.io,cp/cp4a/ads/ads-download,22.0.1-IF002-s390x,sha256:b4a7fb2233a447bd6b96db40aba95fcb97c3fc78c055a72d138767e8f4b6baee,IMAGE,linux,s390x,"",0,CASE,"",ibmcp4baADSImages
cp.icr.io,cp/cp4a/ads/ads-download,22.0.1-IF002-ppc64le,sha256:73c71db37befc5487726dc3b24cb965ab24019db8b2058956585f0ec312b2ec0,IMAGE,linux,ppc64le,"",0,CASE,"",ibmcp4baADSImages
cp.icr.io,cp/cp4a/ads/ads-parsing,22.0.1-IF002,sha256:14467a92fea5a6631631a8f0e6e06a190074a83d71369403aa559341fce15437,LIST,"","","",0,CASE,"",ibmcp4baADSImages
cp.icr.io,cp/cp4a/ads/ads-parsing,22.0.1-IF002-amd64,sha256:47a8532638d3c7b3ce2c130a93093cf0904358215e21fe213d90b309715a3c32,IMAGE,linux,amd64,"",0,CASE,"",ibmcp4baADSImages
cp.icr.io,cp/cp4a/ads/ads-parsing,22.0.1-IF002-s390x,sha256:40fe46b3336b4f87e85a87adc1b5e52ba8b4b7e92d8d1106e9448822d81da10c,IMAGE,linux,s390x,"",0,CASE,"",ibmcp4baADSImages
cp.icr.io,cp/cp4a/ads/ads-parsing,22.0.1-IF002-ppc64le,sha256:854df1a4323b24114e8ff341f44b26537063cdd6ae944fd6158141216eb2a551,IMAGE,linux,ppc64le,"",0,CASE,"",ibmcp4baADSImages
cp.icr.io,cp/cp4a/ads/ads-credentials,22.0.1-IF002,sha256:97acd5882391fb8e1f7a0ad6e757f4e7d1ee56770d9597e29055ec3cf220150a,LIST,"","","",0,CASE,"",ibmcp4baADSImages
cp.icr.io,cp/cp4a/ads/ads-credentials,22.0.1-IF002-amd64,sha256:9b952ab766b6e7efe09242012d400b945ae6d38d96db3569988e24a683465021,IMAGE,linux,amd64,"",0,CASE,"",ibmcp4baADSImages
cp.icr.io,cp/cp4a/ads/ads-credentials,22.0.1-IF002-s390x,sha256:d83ee6fc2c712db84316de81e53caa4cd610c408b06db053afa8ce8fc7bb1942,IMAGE,linux,s390x,"",0,CASE,"",ibmcp4baADSImages
cp.icr.io,cp/cp4a/ads/ads-credentials,22.0.1-IF002-ppc64le,sha256:450586948798d9325ebd2b45ce61995914ff02831b7e4f6a2e9bb730909a146e,IMAGE,linux,ppc64le,"",0,CASE,"",ibmcp4baADSImages
cp.icr.io,cp/cp4a/ads/ads-run,22.0.1-IF002,sha256:8944eb049d4c7bdecefa2df35b20e3e265c04374e3d0642513c4f6454840b9db,LIST,"","","",0,CASE,"",ibmcp4baADSImages
cp.icr.io,cp/cp4a/ads/ads-run,22.0.1-IF002-amd64,sha256:ad28eba9f90eded8440d745f1b849467ff2168ce84653087c9bb313285d48014,IMAGE,linux,amd64,"",0,CASE,"",ibmcp4baADSImages
cp.icr.io,cp/cp4a/ads/ads-run,22.0.1-IF002-s390x,sha256:ca6e1fae634eca95a11be03f89ad66a3f75af1b2562a2930daa9fbfdddad635b,IMAGE,linux,s390x,"",0,CASE,"",ibmcp4baADSImages
cp.icr.io,cp/cp4a/ads/ads-run,22.0.1-IF002-ppc64le,sha256:06ad6445bb20e9d69ef1968aec78f20ce97c7668734cf1e98b054a4b650cc8d5,IMAGE,linux,ppc64le,"",0,CASE,"",ibmcp4baADSImages
cp.icr.io,cp/cp4a/ads/ads-build,22.0.1-IF002,sha256:254714fc00105a532144ddfe34178e32a195f085ff455d4db4e1ca30db364d66,LIST,"","","",0,CASE,"",ibmcp4baADSImages
cp.icr.io,cp/cp4a/ads/ads-build,22.0.1-IF002-amd64,sha256:5f2c367489a537d41ae21b5062ab6dc0b1f055c2f87c1dfb82d7d66cd0b009b6,IMAGE,linux,amd64,"",0,CASE,"",ibmcp4baADSImages
cp.icr.io,cp/cp4a/ads/ads-build,22.0.1-IF002-s390x,sha256:967131abd7d35237f0b27f0c494aab513d0a1d6e00e871a71deeb0fdd7469ab1,IMAGE,linux,s390x,"",0,CASE,"",ibmcp4baADSImages
cp.icr.io,cp/cp4a/ads/ads-build,22.0.1-IF002-ppc64le,sha256:8503936d4917798ab6c17d4338d3604c104ebfc8569685e2f0fec9155b8af866,IMAGE,linux,ppc64le,"",0,CASE,"",ibmcp4baADSImages
cp.icr.io,cp/cp4a/ads/ads-gitservice,22.0.1-IF002,sha256:85d8bdd053a2404e8f93d71acfbb63b6560f5c44647b76cd840dbd0945d8d0c6,LIST,"","","",0,CASE,"",ibmcp4baADSImages
cp.icr.io,cp/cp4a/ads/ads-gitservice,22.0.1-IF002-amd64,sha256:586975e344cdde33a312fd494f0e6d12ea898653d07c021daccf1cf96e1ea56f,IMAGE,linux,amd64,"",0,CASE,"",ibmcp4baADSImages
cp.icr.io,cp/cp4a/ads/ads-gitservice,22.0.1-IF002-s390x,sha256:81fb1df80c895d971573a4bab260ceac51cfbf730b16167f6e6121ec1fcfa47c,IMAGE,linux,s390x,"",0,CASE,"",ibmcp4baADSImages
cp.icr.io,cp/cp4a/ads/ads-gitservice,22.0.1-IF002-ppc64le,sha256:551482eaa255749708f09bcdb1f61a09328199c7e0dc6cc59b0d99c98108df22,IMAGE,linux,ppc64le,"",0,CASE,"",ibmcp4baADSImages
cp.icr.io,cp/cp4a/ads/mongo,4.4.15,sha256:94c73546bc7dd5e2fc79f2658b5c4cfd2d33c91c90245d73d1211aaafa886ede,LIST,"","","",0,CASE,"",ibmcp4baADSImages
cp.icr.io,cp/cp4a/ads/mongo,4.4.15-amd64,sha256:6b268793ac4bd3456b22a3ab9b3286723907c440f88536a307f6dd05d9893387,IMAGE,linux,amd64,"",0,CASE,"",ibmcp4baADSImages
cp.icr.io,cp/cp4a/ads/mongo,4.4.15-s390x,sha256:9cedb396384400908bce3e96304b79cfebed69a1cb74b05daff2fda61bd840df,IMAGE,linux,s390x,"",0,CASE,"",ibmcp4baADSImages
cp.icr.io,cp/cp4a/ads/mongo,4.4.15-ppc64le,sha256:013841065b7087369126dc86919eae550ab8662a451deae65022a3d9522e2d9b,IMAGE,linux,ppc64le,"",0,CASE,"",ibmcp4baADSImages
cp.icr.io,cp/cp4a/ads/dba-keytool-initcontainer,22.0.1-IF002,sha256:ac459272f6a61edc894f3bedebb9dbe44794b7da8460d978e1b5541469db0bf6,LIST,"","","",0,CASE,"",ibmcp4baADSImages
cp.icr.io,cp/cp4a/ads/dba-keytool-initcontainer,22.0.1-IF002-amd64,sha256:42d61411a1c96dfbf2721ac96055b0398a81af1bdbe206a01398beb768ba1fd9,IMAGE,linux,amd64,"",0,CASE,"",ibmcp4baADSImages
cp.icr.io,cp/cp4a/ads/dba-keytool-initcontainer,22.0.1-IF002-s390x,sha256:1e9bfdaf962302522093f368955e1f6e8fcc4debe7274bcb7ccb2b73c6e72b44,IMAGE,linux,s390x,"",0,CASE,"",ibmcp4baADSImages
cp.icr.io,cp/cp4a/ads/dba-keytool-initcontainer,22.0.1-IF002-ppc64le,sha256:efcfcab1d8db70a97e30df3c796567b5f0945e073d13977f9ba3cccf2334caf1,IMAGE,linux,ppc64le,"",0,CASE,"",ibmcp4baADSImages
cp.icr.io,cp/cp4a/ads/dba-keytool-jobcontainer,22.0.1-IF002,sha256:d9dc29ada0b1b8bb534f806640d7e045de36fc82d78510ce2062024b16cef079,LIST,"","","",0,CASE,"",ibmcp4baADSImages
cp.icr.io,cp/cp4a/ads/dba-keytool-jobcontainer,22.0.1-IF002-amd64,sha256:3d93d28bc055da51e2421fea641fada22cbef2a106c61bc4a68cfda925a5ea7b,IMAGE,linux,amd64,"",0,CASE,"",ibmcp4baADSImages
cp.icr.io,cp/cp4a/ads/dba-keytool-jobcontainer,22.0.1-IF002-s390x,sha256:f6b8af05cf1347af4faa89a38f43dcbfa4e205849bec08ceb9ae0168a1255414,IMAGE,linux,s390x,"",0,CASE,"",ibmcp4baADSImages
cp.icr.io,cp/cp4a/ads/dba-keytool-jobcontainer,22.0.1-IF002-ppc64le,sha256:3bdf5f4ba976d2ee10a05a4325adb3333bf9354cd569df86ecde1046fb5e211e,IMAGE,linux,ppc64le,"",0,CASE,"",ibmcp4baADSImages
cp.icr.io,cp/cp4a/ads/dba-umsregistration-initjob,22.0.1-IF002,sha256:e4db8aae999a6cf7f65cbcbdc2cd6ec7128cf67f7116b68351344842186731dc,LIST,"","","",0,CASE,"",ibmcp4baADSImages
cp.icr.io,cp/cp4a/ads/dba-umsregistration-initjob,22.0.1-IF002-amd64,sha256:e1af2a8f33e9593e13d3e0090c0cbcf03b6fc6c35f3ad6aa469420a6e1ef9835,IMAGE,linux,amd64,"",0,CASE,"",ibmcp4baADSImages
cp.icr.io,cp/cp4a/ads/dba-umsregistration-initjob,22.0.1-IF002-s390x,sha256:0a4cf1e4392af3feebab61c928ca3e89b50e66e5a8f1c91a4f3107e48e02274f,IMAGE,linux,s390x,"",0,CASE,"",ibmcp4baADSImages
cp.icr.io,cp/cp4a/ads/dba-umsregistration-initjob,22.0.1-IF002-ppc64le,sha256:b8fe9227105a4794f487f35917f26b9098b657fbe291f389d976f40df8cb5f7b,IMAGE,linux,ppc64le,"",0,CASE,"",ibmcp4baADSImages
cp.icr.io,cp/cp4a/baw/workflow-server,22.0.1-IF002,sha256:2b64113763e96d49660ccc5669bfd20f128705db95de4ab6074485182ca3a78a,LIST,"","","",0,CASE,"",ibmcp4baBAWImages
cp.icr.io,cp/cp4a/baw/workflow-server,22.0.1-IF002-amd64,sha256:f8f0bd4cd062c668655328957b5d0cf23003d82ef6dbc8bfe0cabc9bcd60f6df,IMAGE,linux,amd64,"",0,CASE,"",ibmcp4baBAWImages
cp.icr.io,cp/cp4a/baw/workflow-server,22.0.1-IF002-s390x,sha256:d4e3a107153d69f78327a503b85728c54dc0e792a88383ad133526c1d4f4f646,IMAGE,linux,s390x,"",0,CASE,"",ibmcp4baBAWImages
cp.icr.io,cp/cp4a/baw/workflow-server,22.0.1-IF002-ppc64le,sha256:9720eb41270cbfbfcec8c302457ec5ea213475b9e68f2e759a1b0e2ec1a7b1fd,IMAGE,linux,ppc64le,"",0,CASE,"",ibmcp4baBAWImages
cp.icr.io,cp/cp4a/baw/workflow-server-dbhandling,22.0.1-IF002,sha256:ada3d09ed0e4f59a1f1292c7deb458d52c4dcc8937b3ecdad027dad93b7e41b8,LIST,"","","",0,CASE,"",ibmcp4baBAWImages
cp.icr.io,cp/cp4a/baw/workflow-server-dbhandling,22.0.1-IF002-amd64,sha256:79ee0c62f2035338fdd40638d2fa09cd082e19efb74173d6a5f06f02d702b772,IMAGE,linux,amd64,"",0,CASE,"",ibmcp4baBAWImages
cp.icr.io,cp/cp4a/baw/workflow-server-dbhandling,22.0.1-IF002-s390x,sha256:a74e1c4e18416bd078a88a5f912cce28f1b151856a2de7be3ec4802ecaa7c0e5,IMAGE,linux,s390x,"",0,CASE,"",ibmcp4baBAWImages
cp.icr.io,cp/cp4a/baw/workflow-server-dbhandling,22.0.1-IF002-ppc64le,sha256:90962938d0fee5c9440735b037c9d8e63dfc0450eb5fda7c5087b769ba720298,IMAGE,linux,ppc64le,"",0,CASE,"",ibmcp4baBAWImages
cp.icr.io,cp/cp4a/baw/workflow-server-case-initialization,22.0.1-IF002,sha256:b128a02306657986b887cca37b8427fc76efe2996667c41e16bc81fb85e78aae,LIST,"","","",0,CASE,"",ibmcp4baBAWImages
cp.icr.io,cp/cp4a/baw/workflow-server-case-initialization,22.0.1-IF002-amd64,sha256:c1ee9de3a2b1ace0ca016bfe2849037c65023e50dc740b40f7ba00b69b679be1,IMAGE,linux,amd64,"",0,CASE,"",ibmcp4baBAWImages
cp.icr.io,cp/cp4a/baw/workflow-server-case-initialization,22.0.1-IF002-s390x,sha256:705df130bdd99c5d0ba22a95dcc0ec90f0dc93caa4b5097a06ad6bef7e91dd99,IMAGE,linux,s390x,"",0,CASE,"",ibmcp4baBAWImages
cp.icr.io,cp/cp4a/baw/workflow-server-case-initialization,22.0.1-IF002-ppc64le,sha256:ee566690a9fb12f994b10a57b3080efb367e975298cc3eb72d16f865b9af976d,IMAGE,linux,ppc64le,"",0,CASE,"",ibmcp4baBAWImages
cp.icr.io,cp/cp4a/baw/iaws-ps-content-integration,22.0.1-IF002,sha256:4785979b4c5080af9e6b211df22d6c66aeadf4f4332489b3c5ba310a4bac06c3,LIST,"","","",0,CASE,"",ibmcp4baBAWImages
cp.icr.io,cp/cp4a/baw/iaws-ps-content-integration,22.0.1-IF002-amd64,sha256:687ce796d67c6c30a47dd83db5a150a80aee63f0ee132c16c9232dd131e99b2e,IMAGE,linux,amd64,"",0,CASE,"",ibmcp4baBAWImages
cp.icr.io,cp/cp4a/baw/iaws-ps-content-integration,22.0.1-IF002-s390x,sha256:303d51b3388da44c54bb284c93d7baeb85e615624ee15577de06e1812ae622d5,IMAGE,linux,s390x,"",0,CASE,"",ibmcp4baBAWImages
cp.icr.io,cp/cp4a/baw/iaws-ps-content-integration,22.0.1-IF002-ppc64le,sha256:b54b063c758762cb5b58a49a038505f217c8101750149d02877bdae40bcff709,IMAGE,linux,ppc64le,"",0,CASE,"",ibmcp4baBAWImages
cp.icr.io,cp/cp4a/baw/iaws-ibm-workplace,22.0.1-IF002,sha256:e81474217cdcd4f8b871ea35d8e537c7cfafdcf47c3fdc95fd2d5301c4f8fb51,LIST,"","","",0,CASE,"",ibmcp4baBAWImages
cp.icr.io,cp/cp4a/baw/iaws-ibm-workplace,22.0.1-IF002-amd64,sha256:b533d63129bf05b89929a570d786c1659fc21a4d7252fd37dc0124a4ff1cb350,IMAGE,linux,amd64,"",0,CASE,"",ibmcp4baBAWImages
cp.icr.io,cp/cp4a/baw/iaws-ibm-workplace,22.0.1-IF002-s390x,sha256:28e60b839410a2b196fcc845b1f4f42048e755841ef5ae17fa643d7a60707c20,IMAGE,linux,s390x,"",0,CASE,"",ibmcp4baBAWImages
cp.icr.io,cp/cp4a/baw/iaws-ibm-workplace,22.0.1-IF002-ppc64le,sha256:cc4230377c3dc622c1559478ea33502ea98fdcd38b66a59f3ec8b4071d4aba0c,IMAGE,linux,ppc64le,"",0,CASE,"",ibmcp4baBAWImages
cp.icr.io,cp/cp4a/baw/bui-task-prioritization,22.0.1-IF002,sha256:b94eb1558511c6a0f0f9bcc2af8f70b0defd01e15c64c57b887e5ee9a552efe9,LIST,"","","",0,CASE,"",ibmcp4baBAWImages
cp.icr.io,cp/cp4a/baw/bui-task-prioritization,22.0.1-IF002-amd64,sha256:32bbcd316f1dd31fc3b4984145808526c1f7f681cf8d4a39b2f95137e4381d5c,IMAGE,linux,amd64,"",0,CASE,"",ibmcp4baBAWImages
cp.icr.io,cp/cp4a/baw/workforce-insights,22.0.1-IF002,sha256:7cf4e67b04f7549bae5e77af5898ad00a035c1fdc961ec2614ae680f22ed7883,LIST,"","","",0,CASE,"",ibmcp4baBAWImages
cp.icr.io,cp/cp4a/baw/workforce-insights,22.0.1-IF002-amd64,sha256:49f1e2e9bd0038d91964406b43ea6472c88676da33bae320e233ca406b757592,IMAGE,linux,amd64,"",0,CASE,"",ibmcp4baBAWImages
cp.icr.io,cp/cp4a/baw/jms,22.0.1-IF002,sha256:54e36b363e2546294a8dac1de8cc693583632f178ac7a429c8da6eb6665b1767,LIST,"","","",0,CASE,"",ibmcp4baBAWImages
cp.icr.io,cp/cp4a/baw/jms,22.0.1-IF002-amd64,sha256:cb6b39bc7b2d8cebe17136c40b0f2e9c685b52fce98f2a3635037981c3e772c2,IMAGE,linux,amd64,"",0,CASE,"",ibmcp4baBAWImages
cp.icr.io,cp/cp4a/baw/jms,22.0.1-IF002-s390x,sha256:384b7ba803d11a551608ed74a1a5a81102522f435991f4d488abeca4856431ef,IMAGE,linux,s390x,"",0,CASE,"",ibmcp4baBAWImages
cp.icr.io,cp/cp4a/baw/jms,22.0.1-IF002-ppc64le,sha256:d63a02c0e2941a5e19bf5293545fc83708b4051775c1a47fcf2639ed2caeb34f,IMAGE,linux,ppc64le,"",0,CASE,"",ibmcp4baBAWImages
cp.icr.io,cp/cp4a/baw/pfs-prod,22.0.1-IF002,sha256:784558442b734316ff4e88dd75bdbb1e3280b508c65571beb1803117d1c16caa,LIST,"","","",0,CASE,"",ibmcp4baBAWImages
cp.icr.io,cp/cp4a/baw/pfs-prod,22.0.1-IF002-amd64,sha256:9f62d1fc6570fb40ebc9dceff6e0c38ef6c4939b9d3d63943e0582013dc7fbf1,IMAGE,linux,amd64,"",0,CASE,"",ibmcp4baBAWImages
cp.icr.io,cp/cp4a/baw/pfs-prod,22.0.1-IF002-s390x,sha256:8252ebbed025ade67b9e163318914444a5c10df07ace3732af761047c09be175,IMAGE,linux,s390x,"",0,CASE,"",ibmcp4baBAWImages
cp.icr.io,cp/cp4a/baw/pfs-prod,22.0.1-IF002-ppc64le,sha256:b0ee834f48948363a3d21e2a0ef5c6a4a433b34f08bc23155b0282295bb1d8df,IMAGE,linux,ppc64le,"",0,CASE,"",ibmcp4baBAWImages
cp.icr.io,cp/cp4a/baw/pfs-bpd-database-init-prod,22.0.1-IF002,sha256:442beeb0e21e21add88b0566794dc1f605f1b57af4b3d5ff93ff6c35ca1d09ea,LIST,"","","",0,CASE,"",ibmcp4baBAWImages
cp.icr.io,cp/cp4a/baw/pfs-bpd-database-init-prod,22.0.1-IF002-amd64,sha256:f34314a9736361dcd1e03cba86740dff4675006b005bbe1c11e7c0163877ab36,IMAGE,linux,amd64,"",0,CASE,"",ibmcp4baBAWImages
cp.icr.io,cp/cp4a/baw/pfs-bpd-database-init-prod,22.0.1-IF002-s390x,sha256:848bd6e458bbe447a4eb60d36f15123410457e651cc4415b00a2106ac4d7f753,IMAGE,linux,s390x,"",0,CASE,"",ibmcp4baBAWImages
cp.icr.io,cp/cp4a/baw/pfs-bpd-database-init-prod,22.0.1-IF002-ppc64le,sha256:b2517f567d269e954698be62ab66e7db496961eacc4ab58f5d1bf71bf26dc39b,IMAGE,linux,ppc64le,"",0,CASE,"",ibmcp4baBAWImages
cp.icr.io,cp/cp4a/baw/pfs-elasticsearch-prod,22.0.1-IF002,sha256:61f8a8b6028d93cd21930cde0500a088e590c8fd6c5f42bce9d8b23413ca904e,LIST,"","","",0,CASE,"",ibmcp4baBAWImages
cp.icr.io,cp/cp4a/baw/pfs-elasticsearch-prod,22.0.1-IF002-amd64,sha256:931cbcab45d6d1f17d87d58edea8b1aa2ac17aea29577fb2a45bfed05fc786af,IMAGE,linux,amd64,"",0,CASE,"",ibmcp4baBAWImages
cp.icr.io,cp/cp4a/baw/pfs-init-prod,22.0.1-IF002,sha256:193c096b24f13ea3a808ae7b6065bc7c10beabb70c0fd3653c97ad9374cf6f79,LIST,"","","",0,CASE,"",ibmcp4baBAWImages
cp.icr.io,cp/cp4a/baw/pfs-init-prod,22.0.1-IF002-amd64,sha256:ab7c16e05856f61d1727a1f14aa22e45dc1c85ac49a52987a9d4433d49221cd2,IMAGE,linux,amd64,"",0,CASE,"",ibmcp4baBAWImages
cp.icr.io,cp/cp4a/baw/pfs-nginx-prod,22.0.1-IF002,sha256:a897add77a96310bbb2f8fe13c31a7bd4c790b5059301f223a6d7d3a3e97e534,LIST,"","","",0,CASE,"",ibmcp4baBAWImages
cp.icr.io,cp/cp4a/baw/pfs-nginx-prod,22.0.1-IF002-amd64,sha256:9128390ea6f51961291b1d2b248d464042925ed68417a336b518f4cc98be9489,IMAGE,linux,amd64,"",0,CASE,"",ibmcp4baBAWImages
cp.icr.io,cp/cp4a/baw/toolkit-installer,22.0.1-IF002,sha256:bb2c620afd3f578f0f6c0bd58b29117ff98f97ce1ea81907922b296a1ee1c321,LIST,"","","",0,CASE,"",ibmcp4baBAWImages
cp.icr.io,cp/cp4a/baw/toolkit-installer,22.0.1-IF002-amd64,sha256:de9cc857332875bdc00f762b35f3d4e534aa70b6f5cbf16b55d4fdcadb7ff4d5,IMAGE,linux,amd64,"",0,CASE,"",ibmcp4baBAWImages
cp.icr.io,cp/cp4a/baw/toolkit-installer,22.0.1-IF002-s390x,sha256:5de68b60c93517f9523f6de006fc89c052c42345aaa84a4906b6c846df9a49ea,IMAGE,linux,s390x,"",0,CASE,"",ibmcp4baBAWImages
cp.icr.io,cp/cp4a/baw/toolkit-installer,22.0.1-IF002-ppc64le,sha256:8244b25a41872391b57f5728488df458fbe4afa9323c4a93d1a2a92fd03ed8ba,IMAGE,linux,ppc64le,"",0,CASE,"",ibmcp4baBAWImages
cp.icr.io,cp/cp4a/baw/dba-keytool-initcontainer,22.0.1-IF002,sha256:ac459272f6a61edc894f3bedebb9dbe44794b7da8460d978e1b5541469db0bf6,LIST,"","","",0,CASE,"",ibmcp4baBAWImages
cp.icr.io,cp/cp4a/baw/dba-keytool-initcontainer,22.0.1-IF002-amd64,sha256:42d61411a1c96dfbf2721ac96055b0398a81af1bdbe206a01398beb768ba1fd9,IMAGE,linux,amd64,"",0,CASE,"",ibmcp4baBAWImages
cp.icr.io,cp/cp4a/baw/dba-keytool-initcontainer,22.0.1-IF002-s390x,sha256:1e9bfdaf962302522093f368955e1f6e8fcc4debe7274bcb7ccb2b73c6e72b44,IMAGE,linux,s390x,"",0,CASE,"",ibmcp4baBAWImages
cp.icr.io,cp/cp4a/baw/dba-keytool-initcontainer,22.0.1-IF002-ppc64le,sha256:efcfcab1d8db70a97e30df3c796567b5f0945e073d13977f9ba3cccf2334caf1,IMAGE,linux,ppc64le,"",0,CASE,"",ibmcp4baBAWImages
cp.icr.io,cp/cp4a/baw/dba-keytool-jobcontainer,22.0.1-IF002,sha256:d9dc29ada0b1b8bb534f806640d7e045de36fc82d78510ce2062024b16cef079,LIST,"","","",0,CASE,"",ibmcp4baBAWImages
cp.icr.io,cp/cp4a/baw/dba-keytool-jobcontainer,22.0.1-IF002-amd64,sha256:3d93d28bc055da51e2421fea641fada22cbef2a106c61bc4a68cfda925a5ea7b,IMAGE,linux,amd64,"",0,CASE,"",ibmcp4baBAWImages
cp.icr.io,cp/cp4a/baw/dba-keytool-jobcontainer,22.0.1-IF002-s390x,sha256:f6b8af05cf1347af4faa89a38f43dcbfa4e205849bec08ceb9ae0168a1255414,IMAGE,linux,s390x,"",0,CASE,"",ibmcp4baBAWImages
cp.icr.io,cp/cp4a/baw/dba-keytool-jobcontainer,22.0.1-IF002-ppc64le,sha256:3bdf5f4ba976d2ee10a05a4325adb3333bf9354cd569df86ecde1046fb5e211e,IMAGE,linux,ppc64le,"",0,CASE,"",ibmcp4baBAWImages
cp.icr.io,cp/cp4a/baw/dba-umsregistration-initjob,22.0.1-IF002,sha256:e4db8aae999a6cf7f65cbcbdc2cd6ec7128cf67f7116b68351344842186731dc,LIST,"","","",0,CASE,"",ibmcp4baBAWImages
cp.icr.io,cp/cp4a/baw/dba-umsregistration-initjob,22.0.1-IF002-amd64,sha256:e1af2a8f33e9593e13d3e0090c0cbcf03b6fc6c35f3ad6aa469420a6e1ef9835,IMAGE,linux,amd64,"",0,CASE,"",ibmcp4baBAWImages
cp.icr.io,cp/cp4a/baw/dba-umsregistration-initjob,22.0.1-IF002-s390x,sha256:0a4cf1e4392af3feebab61c928ca3e89b50e66e5a8f1c91a4f3107e48e02274f,IMAGE,linux,s390x,"",0,CASE,"",ibmcp4baBAWImages
cp.icr.io,cp/cp4a/baw/dba-umsregistration-initjob,22.0.1-IF002-ppc64le,sha256:b8fe9227105a4794f487f35917f26b9098b657fbe291f389d976f40df8cb5f7b,IMAGE,linux,ppc64le,"",0,CASE,"",ibmcp4baBAWImages
cp.icr.io,cp/cp4a/baw/dba-dbcompatibility-initcontainer,22.0.1-IF002,sha256:63b3414eeee04ef8662804303614acd9d818c37775aaf2dbf5c7a04b3f2036ca,LIST,"","","",0,CASE,"",ibmcp4baBAWImages
cp.icr.io,cp/cp4a/baw/dba-dbcompatibility-initcontainer,22.0.1-IF002-amd64,sha256:aad45c787695ab3720f18f9e043f971663593dd8de1aec3ff94e03ac9621611f,IMAGE,linux,amd64,"",0,CASE,"",ibmcp4baBAWImages
cp.icr.io,cp/cp4a/baw/dba-dbcompatibility-initcontainer,22.0.1-IF002-s390x,sha256:b91c3df9c0b4644c4e2de142f8fcd3229eb07669b50feeab661f215f4159fe78,IMAGE,linux,s390x,"",0,CASE,"",ibmcp4baBAWImages
cp.icr.io,cp/cp4a/baw/dba-dbcompatibility-initcontainer,22.0.1-IF002-ppc64le,sha256:91f5af1d058dd996f155bbb0a2234bf5367c8596aa5d81b6b0af519f98685def,IMAGE,linux,ppc64le,"",0,CASE,"",ibmcp4baBAWImages
cp.icr.io,cp/cp4a/workflow-ps/workflow-ps-server,22.0.1-IF002,sha256:b416bdc663226951cff640695b79c787d18c5e9ef8b12b7980bba44a207a0cf7,LIST,"","","",0,CASE,"",ibmcp4baWFPSImages
cp.icr.io,cp/cp4a/workflow-ps/workflow-ps-server,22.0.1-IF002-amd64,sha256:2f710fad172d67d73182cccfffa7c4e22748b799ba8c12b4db42d453c1d67c21,IMAGE,linux,amd64,"",0,CASE,"",ibmcp4baWFPSImages
cp.icr.io,cp/cp4a/workflow-ps/workflow-ps-server,22.0.1-IF002-s390x,sha256:d80cf615b2c04ff7abcf3002026ed767d8a980c3a7fce81a4f19402ed445d974,IMAGE,linux,s390x,"",0,CASE,"",ibmcp4baWFPSImages
cp.icr.io,cp/cp4a/workflow-ps/workflow-ps-server,22.0.1-IF002-ppc64le,sha256:9ed42aa03e8b495a7869c2f95c6dc275278523737817d7d8a4fe241e146060ed,IMAGE,linux,ppc64le,"",0,CASE,"",ibmcp4baWFPSImages
cp.icr.io,cp/cp4a/workflow-ps/workflow-ps-authoring,22.0.1-IF002,sha256:36470306282048c3d493d2cab07f138c314c513aeffd6e7d2758fa1ee326c072,LIST,"","","",0,CASE,"",ibmcp4baWFPSImages
cp.icr.io,cp/cp4a/workflow-ps/workflow-ps-authoring,22.0.1-IF002-amd64,sha256:5b3f8ea73f45cab35ff7407275a92de100ded299e621aa5a5a5cf572be308935,IMAGE,linux,amd64,"",0,CASE,"",ibmcp4baWFPSImages
cp.icr.io,cp/cp4a/ier/ier,22.0.1-IF002,sha256:eb7b32542a55cdd7ccbff1626a427991cb49053d286027f53ab09c20e9232e48,LIST,"","","",0,CASE,"",ibmcp4baFNCMImages
cp.icr.io,cp/cp4a/ier/ier,22.0.1-IF002-amd64,sha256:c4bfb01cbd742c1458e37bb3913db5c0bc386e3561afd25079c478659df3a404,IMAGE,linux,amd64,"",0,CASE,"",ibmcp4baFNCMImages
cp.icr.io,cp/cp4a/ier/ier,22.0.1-IF002-s390x,sha256:2fffd5d5c1e94abbcab3c79a0910d7e72b3b2115aa1121956461c2831780c167,IMAGE,linux,s390x,"",0,CASE,"",ibmcp4baFNCMImages
cp.icr.io,cp/cp4a/ier/ier,22.0.1-IF002-ppc64le,sha256:a6f954916ac132a0a6ac6b6b6c05fe21b8fcf4137f63a8ab24dd300db57e4ac5,IMAGE,linux,ppc64le,"",0,CASE,"",ibmcp4baFNCMImages
cp.icr.io,cp/cp4a/iadp/processing,22.0.1-IF002,sha256:9755b3087f1f16c07b78f7f33af071c5d625baf4ac18c96c1739dd161fda53b9,LIST,"","","",0,CASE,"",ibmcp4baADPImages
cp.icr.io,cp/cp4a/iadp/processing,22.0.1-IF002-amd64,sha256:56d78935b47cee53aa0f2509e08920df237c8deaca0aad48eb080c068a1fb552,IMAGE,linux,amd64,"",0,CASE,"",ibmcp4baADPImages
cp.icr.io,cp/cp4a/iadp/extraction,22.0.1-IF002,sha256:5dc16d2141c92be4ea7cd32d004818c9f645cf963a2fe50aae336491c63e0a11,LIST,"","","",0,CASE,"",ibmcp4baADPImages
cp.icr.io,cp/cp4a/iadp/extraction,22.0.1-IF002-amd64,sha256:dceda78cbbdb7c9e828c52ccee2db6d730efbd8009240dc85b30e29adf57bc04,IMAGE,linux,amd64,"",0,CASE,"",ibmcp4baADPImages
cp.icr.io,cp/cp4a/iadp/backend,22.0.1-IF002,sha256:7a04036dd1ca47e72b2b75fd0aa688c4270c57ebe5164022612dd0d038077e61,LIST,"","","",0,CASE,"",ibmcp4baADPImages
cp.icr.io,cp/cp4a/iadp/backend,22.0.1-IF002-amd64,sha256:f57662901e26eb4c5857a553add109f076a41c487a9fe74226173c558290863c,IMAGE,linux,amd64,"",0,CASE,"",ibmcp4baADPImages
cp.icr.io,cp/cp4a/iadp/rabbitmq,22.0.1-IF002,sha256:f8e1dd762a437de62bae7ba5037362c11d18b60eaa27d200dc79cf4003ea419c,LIST,"","","",0,CASE,"",ibmcp4baADPImages
cp.icr.io,cp/cp4a/iadp/rabbitmq,22.0.1-IF002-amd64,sha256:92b1de95e134a6551b0f7b996d1b3ddd52e09d62ea1178f140c1d970a1b70307,IMAGE,linux,amd64,"",0,CASE,"",ibmcp4baADPImages
cp.icr.io,cp/cp4a/iadp/redis,22.0.1-IF002,sha256:c6901733f0382f21f9da25be3b9159cdea6c06da3724820b8d1e1419aa281ba2,LIST,"","","",0,CASE,"",ibmcp4baADPImages
cp.icr.io,cp/cp4a/iadp/redis,22.0.1-IF002-amd64,sha256:19a934864466a06157fa6a367d564b12b03958159964fa2b5bb62afa1cff7d3a,IMAGE,linux,amd64,"",0,CASE,"",ibmcp4baADPImages
cp.icr.io,cp/cp4a/iadp/natural_language_extractor,22.0.1-IF002,sha256:d766a0e4cd08c66daa6749ffdf63afbd898a9ae56ade1c1d4f57fcded825b5e0,LIST,"","","",0,CASE,"",ibmcp4baADPImages
cp.icr.io,cp/cp4a/iadp/natural_language_extractor,22.0.1-IF002-amd64,sha256:2df92245e2921954d29628e6b9d98e1dd172b32aacc66c7be4fa03f55c5787d3,IMAGE,linux,amd64,"",0,CASE,"",ibmcp4baADPImages
cp.icr.io,cp/cp4a/iadp/deep_learning,22.0.1-IF002,sha256:ebd1a2c173a605a3106a7ba8ca0d177ec642f0dc6a5043db72c92b50323076f5,LIST,"","","",0,CASE,"",ibmcp4baADPImages
cp.icr.io,cp/cp4a/iadp/deep_learning,22.0.1-IF002-amd64,sha256:b45003a64763d6ab06c8cd096f0dbdb69dcb81dd4cae7af510d1ea97b9a83314,IMAGE,linux,amd64,"",0,CASE,"",ibmcp4baADPImages
cp.icr.io,cp/cp4a/iadp/viewone,22.0.1-IF002,sha256:3cb2ff8d00d21ea666f0855daa1f3c1e12f2271475edb16ef346e88f9d6b7806,LIST,"","","",0,CASE,"",ibmcp4baADPImages
cp.icr.io,cp/cp4a/iadp/viewone,22.0.1-IF002-amd64,sha256:997d416840791886f975cda5421999c3f9f939a76ef8fce13e54ef58fa2824b2,IMAGE,linux,amd64,"",0,CASE,"",ibmcp4baADPImages
cp.icr.io,cp/cp4a/iadp/cdra,22.0.1-IF002,sha256:f6b316720b719df68de06a83723caeee16863d965fdd96bb69b162726bb942c1,LIST,"","","",0,CASE,"",ibmcp4baADPImages
cp.icr.io,cp/cp4a/iadp/cdra,22.0.1-IF002-amd64,sha256:7fc9a860e8607bb76b9e1edc18a190abee5691c97da51cf390fd0ad9d0631647,IMAGE,linux,amd64,"",0,CASE,"",ibmcp4baADPImages
cp.icr.io,cp/cp4a/iadp/cpds,22.0.1-IF002,sha256:d871000e834db07c927bde8110dd3487d8193d034e01c9a72972c866b54678e3,LIST,"","","",0,CASE,"",ibmcp4baADPImages
cp.icr.io,cp/cp4a/iadp/cpds,22.0.1-IF002-amd64,sha256:b6f9474bc2bb09b2655afe70ff065ade8bc354a3312e9171a522eaf44a5e671b,IMAGE,linux,amd64,"",0,CASE,"",ibmcp4baADPImages
cp.icr.io,cp/cp4a/iadp/cds,22.0.1-IF002,sha256:aee64a924c4e250a0c4ff3163dddb1244fcd617684e572c7464f4014a0cde59e,LIST,"","","",0,CASE,"",ibmcp4baADPImages
cp.icr.io,cp/cp4a/iadp/cds,22.0.1-IF002-amd64,sha256:94f32c5047ce4f55ed3b90bab066385ff4070515db34bd745f4c2a3a15428359,IMAGE,linux,amd64,"",0,CASE,"",ibmcp4baADPImages
cp.icr.io,cp/cp4a/iadp/gitgateway,22.0.1-IF002,sha256:68871b7ea92232208a21bd6ac3075721f3b19ce44a0af6f17240e8946eb77611,LIST,"","","",0,CASE,"",ibmcp4baADPImages
cp.icr.io,cp/cp4a/iadp/gitgateway,22.0.1-IF002-amd64,sha256:7fa50558787bfd213e54f21e2f71477d7796e1f33404c40d19caec0520f42dd9,IMAGE,linux,amd64,"",0,CASE,"",ibmcp4baADPImages
cp.icr.io,cp/cp4a/iadp/mongo_adp,4.2.21,sha256:98725fea4b0abcb45c9d7461ee4001c2048be3ff595f66383662ee76053b08bb,LIST,"","","",0,CASE,"",ibmcp4baADPImages
cp.icr.io,cp/cp4a/iadp/mongo_adp,4.2.21-amd64,sha256:68f432c24a2086e234f8cfaa531963c7fcba946f96d60af2f44ac99477f0f780,IMAGE,linux,amd64,"",0,CASE,"",ibmcp4baADPImages
cp.icr.io,cp/cp4a/iadp/mongo_adp,4.2.21-s390x,sha256:0eacfbfc3317f489a1a5ce6c103b733f47712655d14343507cfddebc228250d3,IMAGE,linux,s390x,"",0,CASE,"",ibmcp4baADPImages
cp.icr.io,cp/cp4a/iadp/dba-keytool-initcontainer,22.0.1-IF002,sha256:ac459272f6a61edc894f3bedebb9dbe44794b7da8460d978e1b5541469db0bf6,LIST,"","","",0,CASE,"",ibmcp4baADPImages
cp.icr.io,cp/cp4a/iadp/dba-keytool-initcontainer,22.0.1-IF002-amd64,sha256:42d61411a1c96dfbf2721ac96055b0398a81af1bdbe206a01398beb768ba1fd9,IMAGE,linux,amd64,"",0,CASE,"",ibmcp4baADPImages
cp.icr.io,cp/cp4a/iadp/dba-keytool-initcontainer,22.0.1-IF002-s390x,sha256:1e9bfdaf962302522093f368955e1f6e8fcc4debe7274bcb7ccb2b73c6e72b44,IMAGE,linux,s390x,"",0,CASE,"",ibmcp4baADPImages
cp.icr.io,cp/cp4a/iadp/dba-keytool-initcontainer,22.0.1-IF002-ppc64le,sha256:efcfcab1d8db70a97e30df3c796567b5f0945e073d13977f9ba3cccf2334caf1,IMAGE,linux,ppc64le,"",0,CASE,"",ibmcp4baADPImages
cp.icr.io,cp/cp4a/iccsap/iccsap,22.0.1-IF002,sha256:6debdddbcbf9ba44ab83e43c7b1954caf09669ed37679238dc087ad3dce684fc,LIST,"","","",0,CASE,"",ibmcp4baFNCMImages
cp.icr.io,cp/cp4a/iccsap/iccsap,22.0.1-IF002-amd64,sha256:46b9bf3ae26df2b5e9c7c3b7c493075b2fec9bdc434307dead6fed8097807440,IMAGE,linux,amd64,"",0,CASE,"",ibmcp4baFNCMImages
cp.icr.io,cp/cp4a/iccsap/iccsap,22.0.1-IF002-s390x,sha256:106de875437ffc87c1193517d42682f48bb3a6acb34691eef8935b4b39bc2223,IMAGE,linux,s390x,"",0,CASE,"",ibmcp4baFNCMImages
cp.icr.io,cp/cp4a/demo/openldap,1.5.0.1,sha256:0b040665432d02711cbdcf9b02c4bd8d6fd5fa56eba5602503199b3e21899acc,LIST,"","","",0,CASE,"",ibmcp4baStarterImages
cp.icr.io,cp/cp4a/demo/openldap,1.5.0.1-amd64,sha256:8f2743f04b56c593d15a489f779f974318bab60cf30ca174b45e257e5664930f,IMAGE,linux,amd64,"",0,CASE,"",ibmcp4baStarterImages
cp.icr.io,cp/cp4a/demo/openldap,1.5.0.1-s390x,sha256:8fbc6714c070ca5d03758e4559c28d79308282072a9e2281c85545ce65e964d4,IMAGE,linux,s390x,"",0,CASE,"",ibmcp4baStarterImages
cp.icr.io,cp/cp4a/demo/openldap,1.5.0.1-ppc64le,sha256:dc2d73574af6dca668b9fb441da928ffddfea72a21b747090c26eebb24fabbf1,IMAGE,linux,ppc64le,"",0,CASE,"",ibmcp4baStarterImages
cp.icr.io,cp/cp4a/demo/gitea,1.16.7,sha256:ad116eec75ced1e37e5b5c80e42601dc2f649e9135d35c0f8a7ea4f822437f8e,LIST,"","","",0,CASE,"",ibmcp4baStarterImages
cp.icr.io,cp/cp4a/demo/gitea,1.16.7-amd64,sha256:ec437e4c8d4ef409c13fbf78c613d41f60a177e523869a87079fb2611d970c31,IMAGE,linux,amd64,"",0,CASE,"",ibmcp4baStarterImages
cp.icr.io,cp/cp4a/demo/gitea,1.16.7-s390x,sha256:81f4146c416ed35af80be275a800a61fb3b1be5b13fc6266243de3ad573d9921,IMAGE,linux,s390x,"",0,CASE,"",ibmcp4baStarterImages
cp.icr.io,cp/cp4a/demo/gitea,1.16.7-ppc64le,sha256:05a26ea464ad8471ccc5ea4d0a1dceb922fd851617417d159461b9e8b7e55252,IMAGE,linux,ppc64le,"",0,CASE,"",ibmcp4baStarterImages
icr.io,cpopen/icp4a-operator,22.0.1-IF002,sha256:b2cef06ef00d7f912db62a2f435f9a0884aeac09f3ffeded1c43cc93c37e875c,LIST,"","","",0,CASE,"",ibmcp4baProd;ibmcp4baStarter
icr.io,cpopen/icp4a-operator,22.0.1-IF002-amd64,sha256:1177f1993a14dcdeda9686e64c42c6f89e7d64cd5a130cbe8190e13d8568c86a,IMAGE,linux,amd64,"",0,CASE,"",ibmcp4baProd;ibmcp4baStarter
icr.io,cpopen/icp4a-operator,22.0.1-IF002-s390x,sha256:5839a01aed6d64bf0515ece8b06d3191bb2c46447a29d4a313d7079876aa61b2,IMAGE,linux,s390x,"",0,CASE,"",ibmcp4baProd;ibmcp4baStarter
icr.io,cpopen/icp4a-operator,22.0.1-IF002-ppc64le,sha256:56dbb40303adcfca5b9de2ec4f52b5578e0ff02ff8fbc93cbed96f2b8bb6c600,IMAGE,linux,ppc64le,"",0,CASE,"",ibmcp4baProd;ibmcp4baStarter
icr.io,cpopen/icp4a-workflow-ps-operator,22.0.1-IF002,sha256:fda0b79a08a1ea95a0ef1e3f2518dc674ae66e88976e5af367b05da6494e45bf,LIST,"","","",0,CASE,"",ibmcp4baProd;ibmcp4baStarter
icr.io,cpopen/icp4a-workflow-ps-operator,22.0.1-IF002-amd64,sha256:4c49f4f8f722120b70a3f6d6f220822fce640c42fc592059967ae1219c89a3da,IMAGE,linux,amd64,"",0,CASE,"",ibmcp4baProd;ibmcp4baStarter
icr.io,cpopen/icp4a-workflow-ps-operator,22.0.1-IF002-s390x,sha256:f01cfb41e2deafa4b941655590153878bf896193846abb3db80482f8506c3da9,IMAGE,linux,s390x,"",0,CASE,"",ibmcp4baProd;ibmcp4baStarter
icr.io,cpopen/icp4a-workflow-ps-operator,22.0.1-IF002-ppc64le,sha256:53966b04569a634ba5e7e6eb205a28980970c76d3eef812d42e37436dd3d3258,IMAGE,linux,ppc64le,"",0,CASE,"",ibmcp4baProd;ibmcp4baStarter
icr.io,cpopen/icp4a-content-operator,22.0.1-IF002,sha256:525d29c8f5247f35565a061aef0b391cc8364e0676f90d0868891bac8523fec9,LIST,"","","",0,CASE,"",ibmcp4baProd;ibmcp4baStarter
icr.io,cpopen/icp4a-content-operator,22.0.1-IF002-amd64,sha256:a64df42561dd319abaf922f8b606e4551f13250b9ef346756ea02e481a1bff49,IMAGE,linux,amd64,"",0,CASE,"",ibmcp4baProd;ibmcp4baStarter
icr.io,cpopen/icp4a-content-operator,22.0.1-IF002-s390x,sha256:dcd02fef8446a728e86e8c2323c0574b92932049544b223e0d1c920b07365cb0,IMAGE,linux,s390x,"",0,CASE,"",ibmcp4baProd;ibmcp4baStarter
icr.io,cpopen/icp4a-content-operator,22.0.1-IF002-ppc64le,sha256:30a340a1c22dc10647f340e253c1f6d343d93fe7634a78975c15f838d36549b0,IMAGE,linux,ppc64le,"",0,CASE,"",ibmcp4baProd;ibmcp4baStarter
icr.io,cpopen/icp4a-pfs-operator,22.0.1-IF002,sha256:070614cc4ef04b074a93cb4f2cb8ba130d5bee50abd5e466c67e76b7d2b6bd96,LIST,"","","",0,CASE,"",ibmcp4baProd;ibmcp4baStarter
icr.io,cpopen/icp4a-pfs-operator,22.0.1-IF002-amd64,sha256:2206047c52d58bed458e39c575ca82262df06baf68934e4fb63b1110c9e071e6,IMAGE,linux,amd64,"",0,CASE,"",ibmcp4baProd;ibmcp4baStarter
icr.io,cpopen/icp4a-pfs-operator,22.0.1-IF002-s390x,sha256:36780fdf482ecb5a5cdc27bcb68ebada8a7085c3538853a97c28a8e4e3966409,IMAGE,linux,s390x,"",0,CASE,"",ibmcp4baProd;ibmcp4baStarter
icr.io,cpopen/icp4a-pfs-operator,22.0.1-IF002-ppc64le,sha256:3beb4ba8a136eb7d7d71b57505c30f452f1140a31e9585cd51716320c15c4f7b,IMAGE,linux,ppc64le,"",0,CASE,"",ibmcp4baProd;ibmcp4baStarter
icr.io,cpopen/icp4a-workflow-ps-operator-bundle,22.1.0,sha256:bfd7eca7da1b56c0e53c3e645399551f53a2374c48f0de2dafb09892f6b4aa2a,LIST,"","","",0,CASE,olm-bundle,ibmcp4baProd;ibmcp4baStarter
icr.io,cpopen/icp4a-workflow-ps-operator-bundle,22.1.0-linux.amd64,sha256:b690bd810938e320349509abbfa5f2ab21657e4e210684431479bf6794a3c6c4,IMAGE,linux,amd64,"",0,CASE,olm-bundle,ibmcp4baProd;ibmcp4baStarter
icr.io,cpopen/icp4a-workflow-ps-operator-bundle,22.1.0-linux.s390x,sha256:4949ce378851ef384b25bd1648e7d1ed1b69f057f1e4c373763119fa02f1407d,IMAGE,linux,s390x,"",0,CASE,olm-bundle,ibmcp4baProd;ibmcp4baStarter
icr.io,cpopen/icp4a-workflow-ps-operator-bundle,22.1.0-linux.ppc64le,sha256:06bdecf5205d9170cc87aa86b60e4858b68fab759c573ccf6c34f3ad77b5981d,IMAGE,linux,ppc64le,"",0,CASE,olm-bundle,ibmcp4baProd;ibmcp4baStarter
icr.io,cpopen/workflow-ps-operator-bundle,21.3.8,sha256:001a8278a9a82d4fae94ab7e1a3188775933739952dbd955891d21487816c54d,IMAGE,linux,amd64,"",0,CASE,olm-bundle,ibmcp4baProd;ibmcp4baStarter
icr.io,cpopen/workflow-ps-operator-bundle,21.3.7,sha256:90395b1b26d9a16766d1f7466c7f91571abe405d9c0cc58ef1c46828ba70a5db,IMAGE,linux,amd64,"",0,CASE,olm-bundle,ibmcp4baProd;ibmcp4baStarter
icr.io,cpopen/workflow-ps-operator-bundle,21.3.5,sha256:6de75b03c8a3e86dd2ef462b738dfae5c731224dbfea93a17297168ec90b662b,IMAGE,linux,amd64,"",0,CASE,olm-bundle,ibmcp4baProd;ibmcp4baStarter
icr.io,cpopen/workflow-ps-operator-bundle,21.3.4,sha256:4e840c83c5a66a34c0edcee817d0ab78299cc1c8e36bc178ca07e79955cda912,IMAGE,linux,amd64,"",0,CASE,olm-bundle,ibmcp4baStarter;ibmcp4baProd
icr.io,cpopen/workflow-ps-operator-bundle,21.3.2,sha256:9fb8a8e7958bb04c6c232a6b6e7e01aa65b9195d677d198fc25d805f0177c1ca,IMAGE,linux,amd64,"",0,CASE,olm-bundle,ibmcp4baProd;ibmcp4baStarter
icr.io,cpopen/workflow-ps-operator-bundle,21.3.0,sha256:b36e612f8f8a1369171dc1fb0fbbba52ffcdbd56519e1e16ec9f1ae78da0dd26,IMAGE,linux,amd64,"",0,CASE,olm-bundle,ibmcp4baStarter;ibmcp4baProd
icr.io,cpopen/icp4a-operator-bundle,21.3.3,sha256:0eb7cb70674b8a4d940db5329f9157420ac5ddeea3768a4fd1bcac1047a11adb,LIST,"","","",0,CASE,olm-bundle,ibmcp4baProd;ibmcp4baStarter
icr.io,cpopen/icp4a-operator-bundle,21.3.3-linux.amd64,sha256:7359006bc3a6729824fe9a719173901486cd89e518bd5cd7bfdc8b49a023f030,IMAGE,linux,amd64,"",0,CASE,olm-bundle,ibmcp4baProd;ibmcp4baStarter
icr.io,cpopen/icp4a-operator-bundle,21.3.3-linux.s390x,sha256:443545833f4bf9067fa16abce8105e15ca4f9fbe1544c9353ae9000973747178,IMAGE,linux,s390x,"",0,CASE,olm-bundle,ibmcp4baProd;ibmcp4baStarter
icr.io,cpopen/icp4a-operator-bundle,21.3.2,sha256:73f9e3e4d03698583f9891ffe32cd1020522a3d4708cf5d6d90c2bf1902a0116,LIST,"","","",0,CASE,olm-bundle,ibmcp4baProd;ibmcp4baStarter
icr.io,cpopen/icp4a-operator-bundle,21.3.2-linux.amd64,sha256:8982747f538d9ca3cc6a5bd0374c50b05f4c1db9182562449b693f0377a7d3e8,IMAGE,linux,amd64,"",0,CASE,olm-bundle,ibmcp4baProd;ibmcp4baStarter
icr.io,cpopen/icp4a-operator-bundle,21.3.2-linux.s390x,sha256:1da64645b12e8734dc81e2d18277b3ac1d9d4d6917734829312f8da972df7ea6,IMAGE,linux,s390x,"",0,CASE,olm-bundle,ibmcp4baProd;ibmcp4baStarter
icr.io,cpopen/icp4a-operator-bundle,21.3.0,sha256:7d475d3616046452bb82c1d4ebfe2ddd288aa2d1fa4669fdb76416ea42ef59c0,LIST,"","","",0,CASE,olm-bundle,ibmcp4baStarter;ibmcp4baProd
icr.io,cpopen/icp4a-operator-bundle,21.3.0-linux.amd64,sha256:6ac59324aa99b664041184bdcd99d0e9be07a4e2b47083266d822730564131b6,IMAGE,linux,amd64,"",0,CASE,olm-bundle,ibmcp4baStarter;ibmcp4baProd
icr.io,cpopen/icp4a-operator-bundle,21.3.0-linux.s390x,sha256:97fa4e58645ca7297c7d15a11f6365923ade87a24cf8f638eaebfe9d8c41fafc,IMAGE,linux,s390x,"",0,CASE,olm-bundle,ibmcp4baStarter;ibmcp4baProd
icr.io,cpopen/icp4a-operator-bundle,21.2.7,sha256:b843ed4b99c050dd7c0d38be79a4460856a1333b5efe87fef5930bf7838b152d,IMAGE,linux,amd64,"",0,CASE,olm-bundle,ibmcp4baProd;ibmcp4baStarter
icr.io,cpopen/icp4a-operator-bundle,21.2.6,sha256:d4ce85bd1823e5db7f96f3bb680bd834118b7f0c7b6a052a2870a91d0031f044,IMAGE,linux,amd64,"",0,CASE,olm-bundle,ibmcp4baProd;ibmcp4baStarter
icr.io,cpopen/icp4a-operator-bundle,21.2.5,sha256:3e9985dae60c6d00186b5876e8b1d9bd1f3726bbe4d95ab84c3af439b1ad2211,IMAGE,linux,amd64,"",0,CASE,olm-bundle,ibmcp4baProd;ibmcp4baStarter
icr.io,cpopen/icp4a-operator-bundle,21.2.4,sha256:de250d72137ff89452346a01f28a726abecab5fdb8cf38fc482ea50679a65957,IMAGE,linux,amd64,"",0,CASE,olm-bundle,ibmcp4baProd;ibmcp4baStarter
icr.io,cpopen/icp4a-operator-bundle,21.2.3,sha256:5980b40ed670384f7af046d55f54f3e4d5b72a703e506355eb944d62da962200,IMAGE,linux,amd64,"",0,CASE,olm-bundle,ibmcp4baProd;ibmcp4baStarter
icr.io,cpopen/icp4a-operator-bundle,21.2.2,sha256:b8de1ac9c6ef497f7f06a75dcac8554fb012654b780357ecd5f3ce642e12be8f,IMAGE,linux,amd64,"",0,CASE,olm-bundle,ibmcp4baProd;ibmcp4baStarter
icr.io,cpopen/ibm-cp-automation-catalog,v22.0.1-IF002-20220901.184706-DD9D92980,sha256:986420416b2426c008aeaf42a6506c7a41f6492476b31d9b890aaa96698b7e45,LIST,"","","",0,CASE,olm-catalog,ibmcp4baProd;ibmcp4baStarter
icr.io,cpopen/ibm-cp-automation-catalog,v22.0.1-IF002-20220901.184706-DD9D92980-amd64,sha256:a687890bda3053f6fd4f9bd29a03ca93a5a2397bb89abc37052e05b8ff2b552e,IMAGE,linux,amd64,"",0,CASE,olm-catalog,ibmcp4baProd;ibmcp4baStarter
icr.io,cpopen/ibm-cp-automation-catalog,v22.0.1-IF002-20220901.184706-DD9D92980-s390x,sha256:7136f1315cc5d26f6454e9f3e3d1a60ab558ef658f6d569841e36dc8800a11e4,IMAGE,linux,s390x,"",0,CASE,olm-catalog,ibmcp4baProd;ibmcp4baStarter
icr.io,cpopen/ibm-cp-automation-catalog,v22.0.1-IF002-20220901.184706-DD9D92980-ppc64le,sha256:94456e0ade4629ffedb9aa2456ad147ee0b2bf1dc720898b029aec0aea11c5b6,IMAGE,linux,ppc64le,"",0,CASE,olm-catalog,ibmcp4baProd;ibmcp4baStarter
icr.io,cpopen/icp4a-operator-bundle,21.3.4,sha256:3d1b8b3133b8047989c12a8e2e7f65b0e276bb1a8b734e79cb2350492e7d78a1,LIST,"","","",0,CASE,olm-bundle,ibmcp4baProd;ibmcp4baStarter
icr.io,cpopen/icp4a-operator-bundle,21.3.4-linux.amd64,sha256:69c989af95f5bddfaca3c8c8e1f03a0058742a50807b647e7f671401f9465125,IMAGE,linux,amd64,"",0,CASE,olm-bundle,ibmcp4baProd;ibmcp4baStarter
icr.io,cpopen/icp4a-operator-bundle,21.3.4-linux.s390x,sha256:53e90db21f97598190e531dc8416444aab3030e540dd1075bb724a96d3cd67c5,IMAGE,linux,s390x,"",0,CASE,olm-bundle,ibmcp4baProd;ibmcp4baStarter
icr.io,cpopen/icp4a-operator-bundle,21.3.5,sha256:6acc7884a4caf632ee103c970132816a5efd9c10228091862e58febe907198af,LIST,"","","",0,CASE,olm-bundle,ibmcp4baProd;ibmcp4baStarter
icr.io,cpopen/icp4a-operator-bundle,21.3.5-linux.amd64,sha256:117fd1490091a322515d93da34b2d6a73d7110dc15889fc14e7f997a94c52b85,IMAGE,linux,amd64,"",0,CASE,olm-bundle,ibmcp4baProd;ibmcp4baStarter
icr.io,cpopen/icp4a-operator-bundle,21.3.5-linux.s390x,sha256:86f9cd536d9c3ce0b5996ff7d6fde65a9f42d8587f66773ba579079306e1ca45,IMAGE,linux,s390x,"",0,CASE,olm-bundle,ibmcp4baProd;ibmcp4baStarter
icr.io,cpopen/icp4a-operator-bundle,21.3.6,sha256:39de4422cbebd984fde1646f5d503247234251d2b848c33bee0d2cf1136f15eb,LIST,"","","",0,CASE,olm-bundle,ibmcp4baStarter;ibmcp4baProd
icr.io,cpopen/icp4a-operator-bundle,21.3.6-linux.amd64,sha256:a196a135e1cce9e7fbc96e78c8153a48c68af0cc40a0385f541e1bb001fdb0ea,IMAGE,linux,amd64,"",0,CASE,olm-bundle,ibmcp4baStarter;ibmcp4baProd
icr.io,cpopen/icp4a-operator-bundle,21.3.6-linux.s390x,sha256:40698de7902fe56abe1acadaf835477ed27a84ab5cce4f616ad7e7c19c63df9d,IMAGE,linux,s390x,"",0,CASE,olm-bundle,ibmcp4baStarter;ibmcp4baProd
icr.io,cpopen/icp4a-operator-bundle,21.3.8,sha256:7503db5a3b64f63b696f53db9e8f94c4aa45a079cef7dc9a21f31548743bb7a3,LIST,"","","",0,CASE,olm-bundle,ibmcp4baProd;ibmcp4baStarter
icr.io,cpopen/icp4a-operator-bundle,21.3.8-linux.amd64,sha256:03663c83b933bc27c6acffa4d0de20fe448dbf79e1bc1bfdeb16fb3345cc34be,IMAGE,linux,amd64,"",0,CASE,olm-bundle,ibmcp4baProd;ibmcp4baStarter
icr.io,cpopen/icp4a-operator-bundle,21.3.8-linux.s390x,sha256:2cfdd57950a5a99e40d9725516693e2f2a8a316336ad5fb69c6dd0953ae27fe9,IMAGE,linux,s390x,"",0,CASE,olm-bundle,ibmcp4baProd;ibmcp4baStarter
icr.io,cpopen/icp4a-operator-bundle,21.3.9,sha256:e2cd814fe85bac098904fcf4344f8172a055a256eb586d53e574188ec4a3da4c,LIST,"","","",0,CASE,olm-bundle,ibmcp4baProd;ibmcp4baStarter
icr.io,cpopen/icp4a-operator-bundle,21.3.9-linux.amd64,sha256:2c189886442dc743970ed44885190344856c85b843f6e7bd337b3fd35c9e96d8,IMAGE,linux,amd64,"",0,CASE,olm-bundle,ibmcp4baProd;ibmcp4baStarter
icr.io,cpopen/icp4a-operator-bundle,21.3.9-linux.s390x,sha256:692d8c12b07ea44064346f9adc226d205e8e8e560d8f864da13df5b99efb4308,IMAGE,linux,s390x,"",0,CASE,olm-bundle,ibmcp4baProd;ibmcp4baStarter
icr.io,cpopen/icp4a-content-operator-bundle,22.1.0,sha256:b312b072303d642e5e44fed5d17c03a919bd678d7c335978d90aa0c69eb6c97a,LIST,"","","",0,CASE,olm-bundle,ibmcp4baStarter;ibmcp4baProd
icr.io,cpopen/icp4a-content-operator-bundle,22.1.0-linux.amd64,sha256:421ae049f1999bca307ba125474157b32b24635f290edfdf483d3f5939a1151b,IMAGE,linux,amd64,"",0,CASE,olm-bundle,ibmcp4baStarter;ibmcp4baProd
icr.io,cpopen/icp4a-content-operator-bundle,22.1.0-linux.s390x,sha256:8d1708ee18d5cb764195ad127d7bf5c9bce12032ffff9ba5fcb3e021d48dcb32,IMAGE,linux,s390x,"",0,CASE,olm-bundle,ibmcp4baStarter;ibmcp4baProd
icr.io,cpopen/icp4a-content-operator-bundle,22.1.0-linux.ppc64le,sha256:0db3c7d867f55facd391cc802bd72599204647a072046bb659fb93d792f43b03,IMAGE,linux,ppc64le,"",0,CASE,olm-bundle,ibmcp4baStarter;ibmcp4baProd
icr.io,cpopen/icp4a-pfs-operator-bundle,22.1.0,sha256:2dfc3d5cb265566667198187add7c888c668161b13f121a8b034f19c0cf64f20,LIST,"","","",0,CASE,olm-bundle,ibmcp4baProd;ibmcp4baStarter
icr.io,cpopen/icp4a-pfs-operator-bundle,22.1.0-amd64,sha256:66dbb9a55790d6e22271a0d66d7ef16adcb1ea30f069a32ac6b70b9aa4c72d3d,IMAGE,linux,amd64,"",0,CASE,olm-bundle,ibmcp4baProd;ibmcp4baStarter
icr.io,cpopen/icp4a-pfs-operator-bundle,22.1.0-s390x,sha256:9f46699238b61817637842dc018638d97922213d2ce98d7fc13dc6c67b477297,IMAGE,linux,s390x,"",0,CASE,olm-bundle,ibmcp4baProd;ibmcp4baStarter
icr.io,cpopen/icp4a-pfs-operator-bundle,22.1.0-ppc64le,sha256:26d248e061b29bd343d7eb0c635be6596ffc9cd63d39e074336805bde3996afd,IMAGE,linux,ppc64le,"",0,CASE,olm-bundle,ibmcp4baProd;ibmcp4baStarter
icr.io,cpopen/icp4a-foundation-operator-bundle,22.1.0,sha256:3a6e5c20a6bab6ccf1f1340c43b23f3c41e33084a4cd5a21818ce7c6563c58a6,LIST,"","","",0,CASE,olm-bundle,ibmcp4baProd;ibmcp4baStarter
icr.io,cpopen/icp4a-foundation-operator-bundle,22.1.0-linux.amd64,sha256:0b1fae89c98f854afcce3b72441ef662e29f92cc60ae148f85c4ca5778149ad3,IMAGE,linux,amd64,"",0,CASE,olm-bundle,ibmcp4baProd;ibmcp4baStarter
icr.io,cpopen/icp4a-foundation-operator-bundle,22.1.0-linux.s390x,sha256:4620c3bd3ca20883db8e43b25b51969dfcfb2ebfe01a97a068832f40a0cf2a12,IMAGE,linux,s390x,"",0,CASE,olm-bundle,ibmcp4baProd;ibmcp4baStarter
icr.io,cpopen/icp4a-foundation-operator-bundle,22.1.0-linux.ppc64le,sha256:9b2126b7308b0128ca4463821b14a95323afc092dd872ee7df06a91cf9eb8918,IMAGE,linux,ppc64le,"",0,CASE,olm-bundle,ibmcp4baProd;ibmcp4baStarter
icr.io,cpopen/icp4a-operator-bundle,22.1.0,sha256:e78750936ff3e5cf61f310d86a520aad4374d17b89fc3e25f4e16c8d55fa8f68,LIST,"","","",0,CASE,olm-bundle,ibmcp4baProd;ibmcp4baStarter
icr.io,cpopen/icp4a-operator-bundle,22.1.0-linux.amd64,sha256:a644512b230ac2df33e745e700d43ead36253abb491dc0a2b8b789078cc451a7,IMAGE,linux,amd64,"",0,CASE,olm-bundle,ibmcp4baProd;ibmcp4baStarter
icr.io,cpopen/icp4a-operator-bundle,22.1.0-linux.s390x,sha256:0444a42887e1c6b379d2f31f1289fd9b2f0c9ea05a01922bbe3c5801d3c2c737,IMAGE,linux,s390x,"",0,CASE,olm-bundle,ibmcp4baProd;ibmcp4baStarter
icr.io,cpopen/icp4a-operator-bundle,22.1.0-linux.ppc64le,sha256:50dcd1c3d8740e9f2740daa2767703f435b1caf6b2f44979b5e608f3f5f4190a,IMAGE,linux,ppc64le,"",0,CASE,olm-bundle,ibmcp4baProd;ibmcp4baStarter
icr.io,cpopen/icp4a-operator-bundle,22.0.1-IF001,sha256:1c1436c4218f069e0b26911f017374180a6f6e66d0a0bff8990f21ac731081a3,LIST,"","","",0,CASE,olm-bundle,ibmcp4baProd;ibmcp4baStarter
icr.io,cpopen/icp4a-operator-bundle,22.0.1-IF001-amd64,sha256:7dc90adcfcbfc7bc13273710091fc196f9b0600710b81cd47fbccaa53e167d7d,IMAGE,linux,amd64,"",0,CASE,olm-bundle,ibmcp4baProd;ibmcp4baStarter
icr.io,cpopen/icp4a-operator-bundle,22.0.1-IF001-s390x,sha256:889869785f1099aab0da59debcc4a6851181f454a7b933f4c7641fbd9835c1ec,IMAGE,linux,s390x,"",0,CASE,olm-bundle,ibmcp4baProd;ibmcp4baStarter
icr.io,cpopen/icp4a-operator-bundle,22.0.1-IF001-ppc64le,sha256:d08763b9f443434b958572536f11fcb8d262d4a053249e4efcad078a9573e9d1,IMAGE,linux,ppc64le,"",0,CASE,olm-bundle,ibmcp4baProd;ibmcp4baStarter
icr.io,cpopen/icp4a-foundation-operator-bundle,22.0.1-IF001,sha256:1d858906876cf6cde5e199ca3c9b04b2f69dbbf3841b97758b694293966a42de,LIST,"","","",0,CASE,olm-bundle,ibmcp4baProd;ibmcp4baStarter
icr.io,cpopen/icp4a-foundation-operator-bundle,22.0.1-IF001-amd64,sha256:00febc74339add344c9c6430ececb2a2fd80a1560a9b204b971d371ff54e6c2e,IMAGE,linux,amd64,"",0,CASE,olm-bundle,ibmcp4baProd;ibmcp4baStarter
icr.io,cpopen/icp4a-foundation-operator-bundle,22.0.1-IF001-s390x,sha256:526e8d995a86be9a2777ec7840847ec88296dd1810702c0238d3a28b0650869a,IMAGE,linux,s390x,"",0,CASE,olm-bundle,ibmcp4baProd;ibmcp4baStarter
icr.io,cpopen/icp4a-foundation-operator-bundle,22.0.1-IF001-ppc64le,sha256:35c67158f1f7040d41cbdc33acabc286796acf503a94c71049af10d6e67edb6e,IMAGE,linux,ppc64le,"",0,CASE,olm-bundle,ibmcp4baProd;ibmcp4baStarter
icr.io,cpopen/icp4a-content-operator-bundle,22.0.1-IF001,sha256:9db7a67e0f7181e8342b844211cebc3fc741730f3670f2d3f96ee55009312573,LIST,"","","",0,CASE,olm-bundle,ibmcp4baProd;ibmcp4baStarter
icr.io,cpopen/icp4a-content-operator-bundle,22.0.1-IF001-amd64,sha256:8bc14c8a72fed04725b211b395fe8c16a3dfb9bdac1642ba52eee63a2638de00,IMAGE,linux,amd64,"",0,CASE,olm-bundle,ibmcp4baProd;ibmcp4baStarter
icr.io,cpopen/icp4a-content-operator-bundle,22.0.1-IF001-s390x,sha256:43346c13df07dc17d73bb8e0f3976db82f5e27d7117350ab09c19dcc929133c6,IMAGE,linux,s390x,"",0,CASE,olm-bundle,ibmcp4baProd;ibmcp4baStarter
icr.io,cpopen/icp4a-content-operator-bundle,22.0.1-IF001-ppc64le,sha256:cba7f8b99fa0b7f2be197766236461151079871b66d18e0ce00fa278110a4c2e,IMAGE,linux,ppc64le,"",0,CASE,olm-bundle,ibmcp4baProd;ibmcp4baStarter
icr.io,cpopen/icp4a-workflow-ps-operator-bundle,22.0.1-IF001,sha256:530691ddfefca505f3a88bf02cee72c24e6413ec501204d22a0686337d53d903,LIST,"","","",0,CASE,olm-bundle,ibmcp4baProd;ibmcp4baStarter
icr.io,cpopen/icp4a-workflow-ps-operator-bundle,22.0.1-IF001-amd64,sha256:329f357fcd445eb3fb4275b5cd98f0be0c45998479358de88875a58a13954f33,IMAGE,linux,amd64,"",0,CASE,olm-bundle,ibmcp4baProd;ibmcp4baStarter
icr.io,cpopen/icp4a-workflow-ps-operator-bundle,22.0.1-IF001-s390x,sha256:0d5aa53cac6d380210846fe6d39d68fa819faa500a6f63b9a967d9de5a443a0b,IMAGE,linux,s390x,"",0,CASE,olm-bundle,ibmcp4baProd;ibmcp4baStarter
icr.io,cpopen/icp4a-workflow-ps-operator-bundle,22.0.1-IF001-ppc64le,sha256:b09e4f296cda5af52aab0926bbf71e6e6b8f2035f5c473721284918708b57191,IMAGE,linux,ppc64le,"",0,CASE,olm-bundle,ibmcp4baProd;ibmcp4baStarter
icr.io,cpopen/icp4a-pfs-operator-bundle,22.0.1-IF001,sha256:1ab909c74e420063f7034e1c50c232ce64df6ba0b3ba2981222464f4db7afb23,LIST,"","","",0,CASE,olm-bundle,ibmcp4baProd;ibmcp4baStarter
icr.io,cpopen/icp4a-pfs-operator-bundle,22.0.1-IF001-amd64,sha256:74e394aa695c559b08f2de12a8d3332ef9c59d2e80bb5f46d2e293349a1c8cc9,IMAGE,linux,amd64,"",0,CASE,olm-bundle,ibmcp4baProd;ibmcp4baStarter
icr.io,cpopen/icp4a-pfs-operator-bundle,22.0.1-IF001-s390x,sha256:5a7b023a2da390ccce6a5a4f0cb2bf7a54cb73e65f77362d9d93310a343df24a,IMAGE,linux,s390x,"",0,CASE,olm-bundle,ibmcp4baProd;ibmcp4baStarter
icr.io,cpopen/icp4a-pfs-operator-bundle,22.0.1-IF001-ppc64le,sha256:4ced088251fc865ff14e2d963f33aa7e50172e84210468d193cf19bdd611e852,IMAGE,linux,ppc64le,"",0,CASE,olm-bundle,ibmcp4baProd;ibmcp4baStarter
icr.io,cpopen/icp4a-operator-bundle,22.0.1-IF002,sha256:bf9d50c24302ca579520f15460309899480a482e6cf269798cc50b9b7b34f9a0,LIST,"","","",0,CASE,olm-bundle,ibmcp4baProd;ibmcp4baStarter
icr.io,cpopen/icp4a-operator-bundle,22.0.1-IF002-amd64,sha256:e2b345e2b54fb097446df1164cd6d0c85d16c82e35dc81a6e809538998e78708,IMAGE,linux,amd64,"",0,CASE,olm-bundle,ibmcp4baProd;ibmcp4baStarter
icr.io,cpopen/icp4a-operator-bundle,22.0.1-IF002-s390x,sha256:aebac27bc694dea41748ffb47c4e3385fc12173bf251c2ecaeb07dcce0a7c991,IMAGE,linux,s390x,"",0,CASE,olm-bundle,ibmcp4baProd;ibmcp4baStarter
icr.io,cpopen/icp4a-operator-bundle,22.0.1-IF002-ppc64le,sha256:9c0c0783ba8ad0455e7bc3df48e6f0d41817706cd42209b5a1735f12ecf44af1,IMAGE,linux,ppc64le,"",0,CASE,olm-bundle,ibmcp4baProd;ibmcp4baStarter
icr.io,cpopen/icp4a-foundation-operator-bundle,22.0.1-IF002,sha256:d00160a8bc58aaf2ceebd5082f4dce110b5f6188443e3ec6bafdc0785f665a4f,LIST,"","","",0,CASE,olm-bundle,ibmcp4baProd;ibmcp4baStarter
icr.io,cpopen/icp4a-foundation-operator-bundle,22.0.1-IF002-amd64,sha256:4e1ad1d7d93c39a3ff14aa664697356e57d5cb3739dea639c1348cd69df90c31,IMAGE,linux,amd64,"",0,CASE,olm-bundle,ibmcp4baProd;ibmcp4baStarter
icr.io,cpopen/icp4a-foundation-operator-bundle,22.0.1-IF002-s390x,sha256:791b78d83ae59d05a48c028dc8a78fcd3abfb305b90b7eaf971c6f90ae703592,IMAGE,linux,s390x,"",0,CASE,olm-bundle,ibmcp4baProd;ibmcp4baStarter
icr.io,cpopen/icp4a-foundation-operator-bundle,22.0.1-IF002-ppc64le,sha256:be6aa3bb8cf7639fa82c63e773827ea00e4d36173783e5928d18670f3253f13c,IMAGE,linux,ppc64le,"",0,CASE,olm-bundle,ibmcp4baProd;ibmcp4baStarter
icr.io,cpopen/icp4a-content-operator-bundle,22.0.1-IF002,sha256:8b238b003bcee44213656d7e05109d2cb4bd007bcac87837672f270be65677b8,LIST,"","","",0,CASE,olm-bundle,ibmcp4baProd;ibmcp4baStarter
icr.io,cpopen/icp4a-content-operator-bundle,22.0.1-IF002-amd64,sha256:f8c1f5f8c8c4d855d1ab1edd2b179e5eee72b0b5829e94863093b0f8b6334b65,IMAGE,linux,amd64,"",0,CASE,olm-bundle,ibmcp4baProd;ibmcp4baStarter
icr.io,cpopen/icp4a-content-operator-bundle,22.0.1-IF002-s390x,sha256:bce9121fe84e045ad7b138eea4a309d71281fc6172fcedeccbe2295db389b939,IMAGE,linux,s390x,"",0,CASE,olm-bundle,ibmcp4baProd;ibmcp4baStarter
icr.io,cpopen/icp4a-content-operator-bundle,22.0.1-IF002-ppc64le,sha256:e1adb01d476414111cca0684b4522c787e92a6963414d84f3116a32017cb941d,IMAGE,linux,ppc64le,"",0,CASE,olm-bundle,ibmcp4baProd;ibmcp4baStarter
icr.io,cpopen/icp4a-workflow-ps-operator-bundle,22.0.1-IF002,sha256:2d89c11c25ec6700afa26f55633f125c16d28a9c2405bf6069d250b5a0124c84,LIST,"","","",0,CASE,olm-bundle,ibmcp4baProd;ibmcp4baStarter
icr.io,cpopen/icp4a-workflow-ps-operator-bundle,22.0.1-IF002-amd64,sha256:76713d48d50f0d4baab43226f857384470fc2b11fd5ab1ba0ea91be9e49dd591,IMAGE,linux,amd64,"",0,CASE,olm-bundle,ibmcp4baProd;ibmcp4baStarter
icr.io,cpopen/icp4a-workflow-ps-operator-bundle,22.0.1-IF002-s390x,sha256:791dd7ef4d98fb8971e61cc43b4e3b453a08d82644ddcba16d1ceac98d998c4b,IMAGE,linux,s390x,"",0,CASE,olm-bundle,ibmcp4baProd;ibmcp4baStarter
icr.io,cpopen/icp4a-workflow-ps-operator-bundle,22.0.1-IF002-ppc64le,sha256:656de2e2e7144376e998ee1a9805e7f5c0a6ecaa0643f6e14ab36418dc2733b7,IMAGE,linux,ppc64le,"",0,CASE,olm-bundle,ibmcp4baProd;ibmcp4baStarter
icr.io,cpopen/icp4a-pfs-operator-bundle,22.0.1-IF002,sha256:091c3364eb7c56bf6620e1d309acf9bf7ec694f79308a7f6b1e933a83119cfc2,LIST,"","","",0,CASE,olm-bundle,ibmcp4baProd;ibmcp4baStarter
icr.io,cpopen/icp4a-pfs-operator-bundle,22.0.1-IF002-amd64,sha256:4acd6bb4629cda7808a052a146b15a6814c53ffca2eff3827b36eff87c9453c8,IMAGE,linux,amd64,"",0,CASE,olm-bundle,ibmcp4baProd;ibmcp4baStarter
icr.io,cpopen/icp4a-pfs-operator-bundle,22.0.1-IF002-s390x,sha256:9219af43e164aff6f7c043279defdaa597d0b07cc7f76dec8544903a98465504,IMAGE,linux,s390x,"",0,CASE,olm-bundle,ibmcp4baProd;ibmcp4baStarter
icr.io,cpopen/icp4a-pfs-operator-bundle,22.0.1-IF002-ppc64le,sha256:a1b8e351f62fa4394e01e6bf7ffda02c8a86f7aa7c995b4a3e022304d49747b0,IMAGE,linux,ppc64le,"",0,CASE,olm-bundle,ibmcp4baProd;ibmcp4baStarter
