registry,image_name,tag,digest,mtype,os,arch,variant,insecure,digest_source,image_type,groups
docker.io,ibmcom/ibm-mq-operator,v1.0.0,sha256:c921dd79c2b53251e72bc53586ca3aff88b9a3ed9484bc1ef3c064b6be095034,IMAGE,linux,amd64,"",0,CASE,"",""
docker.io,ibmcom/ibm-mq-operator,v1.1.0,sha256:0b0692c59d1e783c768a8640a94833deae20dcff2f397ee9b59a5492127ef7c1,IMAGE,linux,amd64,"",0,CASE,"",""
docker.io,ibmcom/ibm-mq-operator,v1.2.0,sha256:7dfd0291afab44e84ccbb30f6b879b89d1df49d1bc4d8671521a58cac64a8810,LIST,"","","",0,CASE,"",""
docker.io,ibmcom/ibm-mq-operator,v1.2.0-amd64,sha256:52754a17647469eddba792ed95d2aa82e9d927b215039ecc463ac7f4c2ddd14a,IMAGE,linux,amd64,"",0,CASE,"",""
docker.io,ibmcom/ibm-mq-operator,v1.2.0-s390x,sha256:5c6bbff9f2ed634a5f18039d1e52ebb80cc373a42c0711c65000fb5b076290e9,IMAGE,linux,s390x,"",0,CASE,"",""
docker.io,ibmcom/ibm-mq-operator-bundle,v1.0.0,sha256:d952ec9f07ccc9ec4ca4e0070445eb37088dceea6781864336c3cb50c2d4aaac,IMAGE,linux,amd64,"",0,CASE,olm-bundle,""
docker.io,ibmcom/ibm-mq-operator-bundle,v1.1.0,sha256:4e04b18181ac1ebce03d502737b5c9a7b79eae64a1a7f664d82a3fcbe2463c9c,IMAGE,linux,amd64,"",0,CASE,olm-bundle,""
docker.io,ibmcom/ibm-mq-operator-bundle,v1.2.0,sha256:fa981ebae99a8f7eb7d7e3aa3c6a073e16b7c6e19627babed10827a9da31272c,LIST,"","","",0,CASE,olm-bundle,""
docker.io,ibmcom/ibm-mq-operator-bundle,v1.2.0-amd64,sha256:9dfc783ede60a70bfbeebb8fd93927de5bebbd8bafe54bc0642f26677479af7f,IMAGE,linux,amd64,"",0,CASE,olm-bundle,""
docker.io,ibmcom/ibm-mq-operator-bundle,v1.2.0-s390x,sha256:34f779027129509a7740c962f72f2888891c72465feaf495471bff7e6bd63f19,IMAGE,linux,s390x,"",0,CASE,olm-bundle,""
icr.io,cpopen/ibm-mq-operator-catalog,v1.8.2,sha256:8775212f7d592a7971f8baf20898551dce6e9e5a984abad8658e18cf8bc76cb1,LIST,"","","",0,CASE,olm-catalog,""
icr.io,cpopen/ibm-mq-operator-catalog,v1.8.2-amd64,sha256:cb5d38874249dab89a553a22f400163b3398345c6028ca3a1dcf51f1f01324a3,IMAGE,linux,amd64,"",0,CASE,olm-catalog,""
icr.io,cpopen/ibm-mq-operator-catalog,v1.8.2-s390x,sha256:d85333087adbbfd739d75a8c785e8de09618b49e55dbeee1318acca7f72d909c,IMAGE,linux,s390x,"",0,CASE,olm-catalog,""
icr.io,cpopen/ibm-mq-operator-catalog,v1.8.2-ppc64le,sha256:e20e5855c3051d4577a633920105ca0143e52f5e3946cd494eb331c08c827d0e,IMAGE,linux,ppc64le,"",0,CASE,olm-catalog,""
icr.io,cpopen/ibm-mq-operator,v1.3.3,sha256:ecacd486bd170ad5ac3494ef3853670cb911cfbac676e175ba8b54b72e12a340,LIST,"","","",0,CASE,"",""
icr.io,cpopen/ibm-mq-operator,v1.3.3-amd64,sha256:8a2bc748d00aea85f4458eb30d44ea5b8951b46494c8b76cb96289d2a1e7a938,IMAGE,linux,amd64,"",0,CASE,"",""
icr.io,cpopen/ibm-mq-operator,v1.3.3-s390x,sha256:6e901390cf5de5e4072d8d59a1882f79837902334ff2e5f36570d7da106b2ddd,IMAGE,linux,s390x,"",0,CASE,"",""
icr.io,cpopen/ibm-mq-operator-bundle,v1.3.3,sha256:1a6c6ef66d0e19572053ddcd39301df8cb4fc608dcdb2954d06fbc75468ebe52,IMAGE,linux,amd64,"",0,CASE,olm-bundle,""
docker.io,ibmcom/ibm-mq-operator,v1.4.0,sha256:43bab5d5e67b90bc8179816769d295876dfa7d96ab80a62fdda1e4861e1127ac,LIST,"","","",0,CASE,"",""
docker.io,ibmcom/ibm-mq-operator,v1.4.0-amd64,sha256:5443767cc088b0065dca7f26923b61648b31ba207a967cb04eaeb2c951f4ad97,IMAGE,linux,amd64,"",0,CASE,"",""
docker.io,ibmcom/ibm-mq-operator,v1.4.0-s390x,sha256:04bbb089bee4bb1dcfb24daba083ed42c83972c5bc3d16f5a8e9a01269e0f6da,IMAGE,linux,s390x,"",0,CASE,"",""
docker.io,ibmcom/ibm-mq-operator-bundle,v1.4.0,sha256:48b428684a201c009a9ff4175c46307670a5dfb49e076280bdf4e3a11139ead1,IMAGE,linux,amd64,"",0,CASE,olm-bundle,""
docker.io,ibmcom/ibm-mq-operator,v1.5.0,sha256:837a34e4f79e63bf3dc8afd27f0171a2761b22b34f412908c325b6fd89b4c1c7,LIST,"","","",0,CASE,"",""
docker.io,ibmcom/ibm-mq-operator,v1.5.0-amd64,sha256:d323462dfa3eac8b8a19580c9ce7c4ea18704c70b58b1e66dfd1c520580d3ba8,IMAGE,linux,amd64,"",0,CASE,"",""
docker.io,ibmcom/ibm-mq-operator,v1.5.0-s390x,sha256:ca854fb0c97e44633d699cb2163edd3bbfcee8fa0513e56fb70b3b1ea0c38c39,IMAGE,linux,s390x,"",0,CASE,"",""
docker.io,ibmcom/ibm-mq-operator-bundle,v1.5.0,sha256:7c0906529711836218035b75d1b47dc6af7d57304788383e11b468226ca13961,IMAGE,linux,amd64,"",0,CASE,olm-bundle,""
icr.io,cpopen/ibm-mq-operator,v1.6.0,sha256:71813543f7d177773ce0aa3e429df41a4c6f90e312f672e8abd66bd6964c8f4e,LIST,"","","",0,CASE,"",""
icr.io,cpopen/ibm-mq-operator,v1.6.0-amd64,sha256:1f69837bf4ae0a519cd31fc7a791ceedf868bee736b630f2e0aeb597138b067a,IMAGE,linux,amd64,"",0,CASE,"",""
icr.io,cpopen/ibm-mq-operator,v1.6.0-s390x,sha256:abdc054df8fa46046e5b962d614474060b43d7acd90a9759cd1ef1130a9310ec,IMAGE,linux,s390x,"",0,CASE,"",""
icr.io,cpopen/ibm-mq-operator-bundle,v1.6.0,sha256:6780af29fee35292d7b5cd62179d1f5ae0a083eb135bda9ecb40a52ad19b70e1,IMAGE,linux,amd64,"",0,CASE,olm-bundle,""
icr.io,cpopen/ibm-mq-operator,v1.7.0,sha256:fc726d1ee8af090e09c23c08bf83f63bbb819727cea6d1facce31e72a959f174,LIST,"","","",0,CASE,"",""
icr.io,cpopen/ibm-mq-operator,v1.7.0-amd64,sha256:f0d6bfc688466741bd69c29e22413460700d1d33a1734dbdd7b60aef0a4da8d3,IMAGE,linux,amd64,"",0,CASE,"",""
icr.io,cpopen/ibm-mq-operator,v1.7.0-s390x,sha256:18b6f4430758e4840aa15af6d8c827438f061f4969deff6fdec287b7dd57c3e7,IMAGE,linux,s390x,"",0,CASE,"",""
icr.io,cpopen/ibm-mq-operator-bundle,v1.7.0,sha256:12aaf91e3322d5386eeb622576408011fdc5b90714c590dda15418144134309a,IMAGE,linux,amd64,"",0,CASE,olm-bundle,""
icr.io,cpopen/ibm-mq-operator,v1.8.0,sha256:e53a119acde5773bd052257e2a6bb9780b954fb2a33c6879328a19b333abaf3e,LIST,"","","",0,CASE,"",""
icr.io,cpopen/ibm-mq-operator,v1.8.0-amd64,sha256:c0fd93bce90cd6bb5c3f141fc6c5aaece5c874b346ec068d6e2f1a0b4d667da7,IMAGE,linux,amd64,"",0,CASE,"",""
icr.io,cpopen/ibm-mq-operator,v1.8.0-s390x,sha256:5eafac30423f1613525c21e853eab83d923424b481e55dacf50a6cda61453e45,IMAGE,linux,s390x,"",0,CASE,"",""
icr.io,cpopen/ibm-mq-operator,v1.8.0-ppc64le,sha256:8715e444bac60efc3fbaae39c8105b1813819eb9e453f49c2ee038cae3b46199,IMAGE,linux,ppc64le,"",0,CASE,"",""
icr.io,cpopen/ibm-mq-operator-bundle,v1.8.0,sha256:df56324e4677109e78876522b25f338c634b1506e8e3ed24d40e6b4d36118f4d,IMAGE,linux,amd64,"",0,CASE,olm-bundle,""
icr.io,cpopen/ibm-mq-operator,v1.8.1,sha256:dc449648c9ad69be7fa8c193ed46566f9e07efedf27ab5bc7ad84e3dd1f0d69f,LIST,"","","",0,CASE,"",""
icr.io,cpopen/ibm-mq-operator,v1.8.1-amd64,sha256:a18c07565fbc70c1f6d785498171f6e73786e588f6bd81c225a99c5e2cd5105b,IMAGE,linux,amd64,"",0,CASE,"",""
icr.io,cpopen/ibm-mq-operator,v1.8.1-s390x,sha256:db856c2331d164f226a93880be9357d8402aa5b9bdd56722ed8ec4ed9c7d6a5f,IMAGE,linux,s390x,"",0,CASE,"",""
icr.io,cpopen/ibm-mq-operator,v1.8.1-ppc64le,sha256:405dddde68022f1c1d03803d2447d148d856cac0498f52875890b5c94fb7f918,IMAGE,linux,ppc64le,"",0,CASE,"",""
icr.io,cpopen/ibm-mq-operator-bundle,v1.8.1,sha256:36dbce49dbfda68db9a194cad8f236a70056c1c38c104d1edd5cd6b6fd2287db,IMAGE,linux,amd64,"",0,CASE,olm-bundle,""
icr.io,cpopen/ibm-mq-operator,v1.8.2,sha256:3cb8a3021a434a656eeff95e285d525158a8372c14ec04c1a234d9b639640e23,LIST,"","","",0,CASE,"",""
icr.io,cpopen/ibm-mq-operator,v1.8.2-amd64,sha256:1e174daa3ab3e6850b0e8b85709bba7d6ae08696a3d4e7d727669c718b6b76bb,IMAGE,linux,amd64,"",0,CASE,"",""
icr.io,cpopen/ibm-mq-operator,v1.8.2-s390x,sha256:24efc61402eb7981c3be35cf608c141702134d49aa069889b75cd39374448f38,IMAGE,linux,s390x,"",0,CASE,"",""
icr.io,cpopen/ibm-mq-operator,v1.8.2-ppc64le,sha256:6a7156ce091cc8c150b149515c49cb3bbe87deb9ed2bd0a8bedc35e601174ac9,IMAGE,linux,ppc64le,"",0,CASE,"",""
icr.io,cpopen/ibm-mq-operator-bundle,v1.8.2,sha256:185121d824e2df34ce7395dd0bfadb93e5506aa248885f5c21ee5de0e50ffc0c,IMAGE,linux,amd64,"",0,CASE,olm-bundle,""
cp.icr.io,cp/ibm-mqadvanced-server,9.1.5.0-r2-amd64,sha256:8dee84b6f41a5da4b0a3e10e4e7e29832f571c30fc4d85bbbe5ef5f554a7d7af,IMAGE,linux,amd64,"",0,CASE,"",""
cp.icr.io,cp/ibm-mqadvanced-server,9.2.0.0-r1-amd64,sha256:10353222ecf9c0bd09034820d5c14a8ce03b9ffc18c9e148b99f7171da9be825,IMAGE,linux,amd64,"",0,CASE,"",""
cp.icr.io,cp/ibm-mqadvanced-server,9.2.0.0-r2,sha256:2f3697dd13dfe9d6ff2286a304864758a118692382502cff77722f35f8d75207,LIST,"","","",0,CASE,"",""
cp.icr.io,cp/ibm-mqadvanced-server,9.2.0.0-r2-amd64,sha256:a56098a7a983381b3456c4b275a2846fd00ca714888a181ad3597fcd0a4a3df2,IMAGE,linux,amd64,"",0,CASE,"",""
cp.icr.io,cp/ibm-mqadvanced-server,9.2.0.0-r2-s390x,sha256:e0c873aa2c64a04218ce25eb5ef7d44e50b8117a8ecd7a49279c0d32b9f292a7,IMAGE,linux,s390x,"",0,CASE,"",""
cp.icr.io,cp/ibm-mqadvanced-server-integration,9.1.5.0-r2-amd64,sha256:615a3730ab42a57537fe65a617a13eac59e9c0858d5cfc9abeb8555a6b534225,IMAGE,linux,amd64,"",0,CASE,"",""
cp.icr.io,cp/ibm-mqadvanced-server-integration,9.2.0.0-r1-amd64,sha256:cfe3a4cec7a353e7496d367f9789dbe21fbf60dac46f127d288dda329560d13a,IMAGE,linux,amd64,"",0,CASE,"",""
cp.icr.io,cp/ibm-mqadvanced-server-integration,9.2.0.0-r2,sha256:8fcb49d89c250adc42ece9fca3f6774ba78361a082174958bd0f37373cdb6360,LIST,"","","",0,CASE,"",""
cp.icr.io,cp/ibm-mqadvanced-server-integration,9.2.0.0-r2-amd64,sha256:b03d83a14f5fc21b943ed23ca9c532bd564821b72d782864f7345d388334a197,IMAGE,linux,amd64,"",0,CASE,"",""
cp.icr.io,cp/ibm-mqadvanced-server-integration,9.2.0.0-r2-s390x,sha256:d2f3e80b51717c2a21c8c88652e41b7fc52056fba22e5f75334f50b4b55461d1,IMAGE,linux,s390x,"",0,CASE,"",""
docker.io,ibmcom/mq,9.1.5.0-r2-amd64,sha256:9bcee09b99b596610e7d660d597b76d9c395ed9bb6bdb970b8975ac6a3c0217e,IMAGE,linux,amd64,"",0,CASE,"",""
docker.io,ibmcom/mq,9.2.0.0-r1-amd64,sha256:2fa0766a68d936fc8a7e70cb1fc5be49795c74b99ea85e4babcbf934998a6b90,IMAGE,linux,amd64,"",0,CASE,"",""
docker.io,ibmcom/mq,9.2.0.0-r2,sha256:90643072d29782788321581a114d24af3fcaeac86b3b17fafe59031f3245b1be,LIST,"","","",0,CASE,"",""
docker.io,ibmcom/mq,9.2.0.0-r2-amd64,sha256:ee7e244e6b3c99b49952cfe8fb2621fcb31122948c8a839028ad3484e109be62,IMAGE,linux,amd64,"",0,CASE,"",""
docker.io,ibmcom/mq,9.2.0.0-r2-s390x,sha256:8845f8ce55dc9e24ec4a0b066c76b68a51a0f1a8352d409b19d40925bf4ee945,IMAGE,linux,s390x,"",0,CASE,"",""
cp.icr.io,cp/icp4i/od/icp4i-od-agent,1.0.6-amd64,sha256:f1abc56564c2e49a3608a334b2238c47bff855736e443c0694efa1613dc173d8,IMAGE,linux,amd64,"",0,CASE,"",""
cp.icr.io,cp/icp4i/od/icp4i-od-collector,1.0.6-amd64,sha256:25ce2acd5b7fec8b4adf39aee8c281c97c9a4dad40ed96298263a50896e93b90,IMAGE,linux,amd64,"",0,CASE,"",""
cp.icr.io,cp/ibm-mqadvanced-server-integration,9.2.0.1-r1-eus,sha256:84f3bf90e6719a6d908df331304a2af854cc4e277b8bc21c7054ce9c24e4f2c5,LIST,"","","",0,CASE,"",""
cp.icr.io,cp/ibm-mqadvanced-server-integration,9.2.0.1-r1-eus-amd64,sha256:41a51066afb4d4909cf0a4ccb96e29a327951472d4a1b1709bf76be6a13c9185,IMAGE,linux,amd64,"",0,CASE,"",""
cp.icr.io,cp/ibm-mqadvanced-server-integration,9.2.0.1-r1-eus-s390x,sha256:a747c81a601b564b20a032d2a8f0dedb1b6c036fc423d7e25421fe875b08608f,IMAGE,linux,s390x,"",0,CASE,"",""
cp.icr.io,cp/ibm-mqadvanced-server,9.2.1.0-r1,sha256:4b8c399f887eea1003505f7a2ed9a299f1de71e55e634f9ac2f0380626ef015b,LIST,"","","",0,CASE,"",""
cp.icr.io,cp/ibm-mqadvanced-server,9.2.1.0-r1-amd64,sha256:3588b00e417418779eb14bd6bc1d46afd4a19e3e989779592c06e5733ef60f36,IMAGE,linux,amd64,"",0,CASE,"",""
cp.icr.io,cp/ibm-mqadvanced-server,9.2.1.0-r1-s390x,sha256:f1a24eab21b1b53d7f8d874daa55e2c51a9ba451e494707f53e8cf64304903f6,IMAGE,linux,s390x,"",0,CASE,"",""
cp.icr.io,cp/ibm-mqadvanced-server-integration,9.2.1.0-r1,sha256:b4a257dc07942709b22d1a409e68580c651b6566830df1abda450c87b0c3e5c3,LIST,"","","",0,CASE,"",""
cp.icr.io,cp/ibm-mqadvanced-server-integration,9.2.1.0-r1-amd64,sha256:ba14991830226cf788d270fb3479e75e4ec00b9f7ebf3a9fc9675b77291a0f36,IMAGE,linux,amd64,"",0,CASE,"",""
cp.icr.io,cp/ibm-mqadvanced-server-integration,9.2.1.0-r1-s390x,sha256:b3f07f1ace84f7d9d682e05d7e88b9b53e445df7559b32f7d30db66abfa8a4f9,IMAGE,linux,s390x,"",0,CASE,"",""
docker.io,ibmcom/mq,9.2.1.0-r1,sha256:a5509870321333729fd5938bc4e71fc7cdf7e0d19690b77893b5ea5fe29f11b3,LIST,"","","",0,CASE,"",""
docker.io,ibmcom/mq,9.2.1.0-r1-amd64,sha256:54a3e64f23f3d7a9256c6aea7f468bc1ab3b32151ef7f88cf7191a4e7eea9921,IMAGE,linux,amd64,"",0,CASE,"",""
docker.io,ibmcom/mq,9.2.1.0-r1-s390x,sha256:08fb168cdc25f217d5c4a88e2300ee34f2e0494f85544e8e393d1998aa994124,IMAGE,linux,s390x,"",0,CASE,"",""
cp.icr.io,cp/ibm-mqadvanced-server,9.2.2.0-r1,sha256:97a9f4581957b8e5c72473b2d8061803d0b6883fa16f69525149d9968d7b947b,LIST,"","","",0,CASE,"",""
cp.icr.io,cp/ibm-mqadvanced-server,9.2.2.0-r1-amd64,sha256:b964892796a97c2cadbd07bdeb89a2064438fd469a382f5eabb71138f470a2d2,IMAGE,linux,amd64,"",0,CASE,"",""
cp.icr.io,cp/ibm-mqadvanced-server,9.2.2.0-r1-s390x,sha256:430b706c6e3aaf82f003284786db6daaf860c02101aa0d16be5a70af4d1bbc66,IMAGE,linux,s390x,"",0,CASE,"",""
cp.icr.io,cp/ibm-mqadvanced-server-integration,9.2.2.0-r1,sha256:99c9bc6d3fb56a62b841ed51175fa2239d57124da7e84dca2c9a9472dcba0374,LIST,"","","",0,CASE,"",""
cp.icr.io,cp/ibm-mqadvanced-server-integration,9.2.2.0-r1-amd64,sha256:803bfe708a955dc0956311a03d7552e9c17d03f94e5fdf16cae5cdd738eeceab,IMAGE,linux,amd64,"",0,CASE,"",""
cp.icr.io,cp/ibm-mqadvanced-server-integration,9.2.2.0-r1-s390x,sha256:294893661e0705d7a760b44667311dfc869b1910553528821d399bac28d2c318,IMAGE,linux,s390x,"",0,CASE,"",""
docker.io,ibmcom/mq,9.2.2.0-r1,sha256:fffd99b88fb102f2d9df70f097eee740f20ecb908358a3d4e5822e6b0252bcf8,LIST,"","","",0,CASE,"",""
docker.io,ibmcom/mq,9.2.2.0-r1-amd64,sha256:0aaad6dccee9521f1c37b2dd47e8fcda43d9bb7865a9f804db56ab85265feb64,IMAGE,linux,amd64,"",0,CASE,"",""
docker.io,ibmcom/mq,9.2.2.0-r1-s390x,sha256:cdf453873b914a7f5e2c706818d6d3142079439390a4250535f90d4c16695fde,IMAGE,linux,s390x,"",0,CASE,"",""
cp.icr.io,cp/icp4i/od/icp4i-od-agent,1.0.3-amd64,sha256:18bf9e7ab3c6818865488c919d9d26de74186223db0318c8e118184a08ef9956,IMAGE,linux,amd64,"",0,CASE,"",""
cp.icr.io,cp/icp4i/od/icp4i-od-collector,1.0.3-amd64,sha256:1eceef4bbd0f963b04ff57fbf8b24f497217ae8579ad3b58f833dce3c72eaab2,IMAGE,linux,amd64,"",0,CASE,"",""
cp.icr.io,cp/icp4i/od/icp4i-od-agent,1.0.4-amd64,sha256:9a74edde8ec2196d15cd6b057d05138a176eb562e2c49704ea44abc91655826e,IMAGE,linux,amd64,"",0,CASE,"",""
cp.icr.io,cp/icp4i/od/icp4i-od-collector,1.0.4-amd64,sha256:028a1fea6927f422fb1b9d35757d682fff45609c68130f2a675efe3d71a51be4,IMAGE,linux,amd64,"",0,CASE,"",""
cp.icr.io,cp/ibm-mqadvanced-server,9.2.0.0-r3,sha256:3248bb3ece67b71245e78b00c93b773703b08420d1276178ac7787791d8c88cc,LIST,"","","",0,CASE,"",""
cp.icr.io,cp/ibm-mqadvanced-server,9.2.0.0-r3-amd64,sha256:dfa5792fe12348252c546bf2caa0922fca6e6a88497bd5f28f7c8f7f8ed26800,IMAGE,linux,amd64,"",0,CASE,"",""
cp.icr.io,cp/ibm-mqadvanced-server,9.2.0.0-r3-s390x,sha256:d02426e8a78f0c5bc5d42a506c7a79026d1cdb48aed15e015ad17bfcf2e3a5b4,IMAGE,linux,s390x,"",0,CASE,"",""
cp.icr.io,cp/ibm-mqadvanced-server-integration,9.2.0.0-r3,sha256:9c06e7484114ca9a85751adaf9dac217738d9df205ca1d66da7f2e80b8db0306,LIST,"","","",0,CASE,"",""
cp.icr.io,cp/ibm-mqadvanced-server-integration,9.2.0.0-r3-amd64,sha256:9af6e86a1f00a83c551de7170e2a35642571cc029ad198507f5ee82dcd44e897,IMAGE,linux,amd64,"",0,CASE,"",""
cp.icr.io,cp/ibm-mqadvanced-server-integration,9.2.0.0-r3-s390x,sha256:3d82ba906fb49153e5df59d1f97a62a84d0536340947a8fa745aece761c7c602,IMAGE,linux,s390x,"",0,CASE,"",""
docker.io,ibmcom/mq,9.2.0.0-r3,sha256:8a03a12bfd560201213cbaf59ab8bc2e3d6b1c996a03186f0c26587cde1b2081,LIST,"","","",0,CASE,"",""
docker.io,ibmcom/mq,9.2.0.0-r3-amd64,sha256:cb8802ace1d265baa6830dbc38d6e9c5fe98c0333e1dc4cdb017b07f7297c897,IMAGE,linux,amd64,"",0,CASE,"",""
docker.io,ibmcom/mq,9.2.0.0-r3-s390x,sha256:827805a78ef5b2aac75a21500794c78efc20290ecc86968b7349cafb982640aa,IMAGE,linux,s390x,"",0,CASE,"",""
cp.icr.io,cp/ibm-mqadvanced-server,9.2.1.0-r2,sha256:aa34e132da483f10d2e06617b5d46d916d461ad11f5b0aac579203c662baad68,LIST,"","","",0,CASE,"",""
cp.icr.io,cp/ibm-mqadvanced-server,9.2.1.0-r2-amd64,sha256:a3759570090f4252dfd078f50c561819e1946ce7e2c8928eafd714e16c71cd2a,IMAGE,linux,amd64,"",0,CASE,"",""
cp.icr.io,cp/ibm-mqadvanced-server,9.2.1.0-r2-s390x,sha256:b77680bacfb36a1bd6bd86e86c268af841ac544eb9f794a5ff677131f049b77d,IMAGE,linux,s390x,"",0,CASE,"",""
cp.icr.io,cp/ibm-mqadvanced-server-integration,9.2.1.0-r2,sha256:475dfaf069c2af5c5af5b5cda2404ddb7d07dd4ecc5a606f2c3763326f0b148a,LIST,"","","",0,CASE,"",""
cp.icr.io,cp/ibm-mqadvanced-server-integration,9.2.1.0-r2-amd64,sha256:f5acdbbe09d84c45aa1c239fbb3f24f0268241741326a3b6d59afa9704304185,IMAGE,linux,amd64,"",0,CASE,"",""
cp.icr.io,cp/ibm-mqadvanced-server-integration,9.2.1.0-r2-s390x,sha256:694ce13e9097685acb72f20d1c040b1cc0acc75d078bfb87713168ab55759273,IMAGE,linux,s390x,"",0,CASE,"",""
docker.io,ibmcom/mq,9.2.1.0-r2,sha256:6419c383638f0993a6539ab6a392ce7ab0e6c72124d2e6e034976a132ba74623,LIST,"","","",0,CASE,"",""
docker.io,ibmcom/mq,9.2.1.0-r2-amd64,sha256:45d394e1a22433859a33a35d43268bec91c357cab8d95c30f9f380b38fd0a70b,IMAGE,linux,amd64,"",0,CASE,"",""
docker.io,ibmcom/mq,9.2.1.0-r2-s390x,sha256:a073ffb23f9156715476216ebeaf243dd04df616868f622b3f57617f13dbbf2e,IMAGE,linux,s390x,"",0,CASE,"",""
cp.icr.io,cp/icp4i/od/icp4i-od-agent,1.1.0-amd64,sha256:9143f522727dcfa7e3a45dee17aff324df52fe05f4d6a40466859a084db59e4f,IMAGE,linux,amd64,"",0,CASE,"",""
cp.icr.io,cp/icp4i/od/icp4i-od-collector,1.1.0-amd64,sha256:2c17a1bb5d45fa0b8bae6f2581ec6f5308a605b6a8934b78188eda3c6a0ef21f,IMAGE,linux,amd64,"",0,CASE,"",""
cp.icr.io,cp/ibm-mqadvanced-server,9.2.3.0-r1,sha256:b611e0417ca9b7d8036074221783194d9f5128951de6687ee1e91069fcaadc76,LIST,"","","",0,CASE,"",""
cp.icr.io,cp/ibm-mqadvanced-server,9.2.3.0-r1-amd64,sha256:19c63f807c58d2670f23ed9620cf89bc03df8ae5d732d569d0a298430f3ac8ad,IMAGE,linux,amd64,"",0,CASE,"",""
cp.icr.io,cp/ibm-mqadvanced-server,9.2.3.0-r1-s390x,sha256:eee938bdf5b053bf93af14c9078fe44d172d307cf3029e93a103f08b07fc31a7,IMAGE,linux,s390x,"",0,CASE,"",""
cp.icr.io,cp/ibm-mqadvanced-server-integration,9.2.3.0-r1,sha256:e527f7279954a0abd9e5a50b8287dbdc3fff36aaeacf0335ebc0c4f7a0aab58e,LIST,"","","",0,CASE,"",""
cp.icr.io,cp/ibm-mqadvanced-server-integration,9.2.3.0-r1-amd64,sha256:1ae91942cb0e3a0d219e99b397acfca8971a14d80efd21c44440b95680a7b82b,IMAGE,linux,amd64,"",0,CASE,"",""
cp.icr.io,cp/ibm-mqadvanced-server-integration,9.2.3.0-r1-s390x,sha256:749575f9a0a923630ed08154ba83240665662288ab78937416de0b6ea57d2934,IMAGE,linux,s390x,"",0,CASE,"",""
docker.io,ibmcom/mq,9.2.3.0-r1,sha256:ab781c17c563c216002f3abb737aebcbe1e586d0b8c1dab1a2da8294e6edcc2c,LIST,"","","",0,CASE,"",""
docker.io,ibmcom/mq,9.2.3.0-r1-amd64,sha256:ac44cdf670864fbff36d9a8a416df1cadda2930b01f6904123cf14e6067ed11b,IMAGE,linux,amd64,"",0,CASE,"",""
docker.io,ibmcom/mq,9.2.3.0-r1-s390x,sha256:c1cef88c4dfb7e5d1f10fa5ec9dc2b5d86224c0cd6a765423df756a6f5f5fa5a,IMAGE,linux,s390x,"",0,CASE,"",""
cp.icr.io,cp/icp4i/od/icp4i-od-agent,1.2.0-amd64,sha256:c84630361233e9a58460d78c1c4da070fade502391e5798cde49993fec7d53fd,IMAGE,linux,amd64,"",0,CASE,"",""
cp.icr.io,cp/icp4i/od/icp4i-od-collector,1.2.0-amd64,sha256:dece12c89c569e52125c1284967a15652e309a56866e7bc799031e49a1423241,IMAGE,linux,amd64,"",0,CASE,"",""
cp.icr.io,cp/ibm-mqadvanced-server-integration,9.2.0.2-r1-eus,sha256:208e614e580a426c81ec7b41574e9f948c36b6460f697db06c10fff0095f35dc,LIST,"","","",0,CASE,"",""
cp.icr.io,cp/ibm-mqadvanced-server-integration,9.2.0.2-r1-eus-amd64,sha256:2cb2fcdca22208294eda6d7497ebf86ec9f116a65dc036f708a6527abf34da2e,IMAGE,linux,amd64,"",0,CASE,"",""
cp.icr.io,cp/ibm-mqadvanced-server-integration,9.2.0.2-r1-eus-s390x,sha256:015185a568acd0727e097cb4d3757d2b8a0a5b9f758d9bdbefe10adaedfdb429,IMAGE,linux,s390x,"",0,CASE,"",""
cp.icr.io,cp/icp4i/od/icp4i-od-agent,1.0.8-amd64,sha256:9cd52f1fed6b1e61c1b388e2fe32d059322b367795c3195a64fb0fe1e2c6be9c,IMAGE,linux,amd64,"",0,CASE,"",""
cp.icr.io,cp/icp4i/od/icp4i-od-collector,1.0.8-amd64,sha256:81cc559193c335f01bd026d800bf9b030c7712363094815d4e724cda4c639747,IMAGE,linux,amd64,"",0,CASE,"",""
cp.icr.io,cp/ibm-mqadvanced-server-integration,9.2.0.2-r2-eus,sha256:50e38d3664d6f1c8de4aada4af1f46a642bc9ff09f50a765c76e5541ab75a0e1,LIST,"","","",0,CASE,"",""
cp.icr.io,cp/ibm-mqadvanced-server-integration,9.2.0.2-r2-eus-amd64,sha256:d310abffd605dfc7e20ced0a2258ce3318e09850cb9d9a2be2ab1b4e506ca972,IMAGE,linux,amd64,"",0,CASE,"",""
cp.icr.io,cp/ibm-mqadvanced-server-integration,9.2.0.2-r2-eus-s390x,sha256:ae4af8dc3ca7744aabb4ce98e169b782ebe3433df73c11f69ee1d349800c9f8b,IMAGE,linux,s390x,"",0,CASE,"",""
cp.icr.io,cp/ibm-mqadvanced-server,9.2.4.0-r1,sha256:640b8789e6101d09f5137c929c6edc5e5fb28e6c03755a794001a0b0f59ba1f7,LIST,"","","",0,CASE,"",""
cp.icr.io,cp/ibm-mqadvanced-server,9.2.4.0-r1-amd64,sha256:cdaf501ef59c93cbc0b302b92b4ec7fec32cef0a2fe29e6393e275b45854d9f2,IMAGE,linux,amd64,"",0,CASE,"",""
cp.icr.io,cp/ibm-mqadvanced-server,9.2.4.0-r1-s390x,sha256:375cb28b8f304eeb111506f380dd25d387d5d9ead31ab5265bcb1ac8b53e8171,IMAGE,linux,s390x,"",0,CASE,"",""
cp.icr.io,cp/ibm-mqadvanced-server-integration,9.2.4.0-r1,sha256:dca6dbcfbd93ea0e4503f410c4bb986531435965bda6a63f1b6fecff70e88767,LIST,"","","",0,CASE,"",""
cp.icr.io,cp/ibm-mqadvanced-server-integration,9.2.4.0-r1-amd64,sha256:a883145d213c52945fa94b84ff6d598e0c11353f106baf93de46c79a04309219,IMAGE,linux,amd64,"",0,CASE,"",""
cp.icr.io,cp/ibm-mqadvanced-server-integration,9.2.4.0-r1-s390x,sha256:774adb69ed874cb063ba691ec0b3b8491cd65042358634927ca728d85cbf9aba,IMAGE,linux,s390x,"",0,CASE,"",""
docker.io,ibmcom/mq,9.2.4.0-r1,sha256:7590ea14750ecba7bd24b758dc9978d2280e880fcda6b4a996068966dea8c61d,LIST,"","","",0,CASE,"",""
docker.io,ibmcom/mq,9.2.4.0-r1-amd64,sha256:417f17642b700eeaf6e930489de2ccd1239cdf9dde56976d9fe2e1cc8c06fc59,IMAGE,linux,amd64,"",0,CASE,"",""
docker.io,ibmcom/mq,9.2.4.0-r1-s390x,sha256:4b2cd669388ec01b0a39e07219b7f4ca3492a7d5549b2a8ab4fce026efb251dd,IMAGE,linux,s390x,"",0,CASE,"",""
cp.icr.io,cp/ibm-mqadvanced-server-integration,9.2.0.4-r1-eus,sha256:008eb413a9352f7902f1294fee44c782675fe4a9b650e9cd6714685dd730461a,LIST,"","","",0,CASE,"",""
cp.icr.io,cp/ibm-mqadvanced-server-integration,9.2.0.4-r1-eus-amd64,sha256:e1b55d139b1a1ea7523e451bff8070242d346c468e8021a50edb07e1d3bc6431,IMAGE,linux,amd64,"",0,CASE,"",""
cp.icr.io,cp/ibm-mqadvanced-server-integration,9.2.0.4-r1-eus-s390x,sha256:a8516e07eab3625cb39ed47002065a024a81b8a90bbc7070763dd5a22a204b34,IMAGE,linux,s390x,"",0,CASE,"",""
cp.icr.io,cp/icp4i/od/icp4i-od-agent,2.5.0-amd64,sha256:000bab734ce0d423655370307c9750ae0dc0fc50bd0d766ed22591b6bfe84cb1,IMAGE,linux,amd64,"",0,CASE,"",""
cp.icr.io,cp/icp4i/od/icp4i-od-collector,2.5.0-amd64,sha256:44460e67780a4166a07a36da10260d9497526afdd899af9ad745ac6197e92ca6,IMAGE,linux,amd64,"",0,CASE,"",""
cp.icr.io,cp/icp4i/od/icp4i-od-agent,1.0.10-amd64,sha256:8539c5f2870034abe7142a24107519d05ccd35d846d220f2091eca29c6fdb811,IMAGE,linux,amd64,"",0,CASE,"",""
cp.icr.io,cp/icp4i/od/icp4i-od-collector,1.0.10-amd64,sha256:9955618af2cbe571a696354f0db8df6c592e045577b7f29bed28de4b4f33486c,IMAGE,linux,amd64,"",0,CASE,"",""
cp.icr.io,cp/ibm-mqadvanced-server,9.2.5.0-r1,sha256:f12bfa6088ae7af3bcbf4377cd41818ab9160d90b232ed2d952327dea1b70e21,LIST,"","","",0,CASE,"",""
cp.icr.io,cp/ibm-mqadvanced-server,9.2.5.0-r1-amd64,sha256:7a5ab2a46e64e5e9f62cbf372cc02c910f4803d47a821de2cb6a7e4a30e30673,IMAGE,linux,amd64,"",0,CASE,"",""
cp.icr.io,cp/ibm-mqadvanced-server,9.2.5.0-r1-s390x,sha256:bef90332861115b3784e33a4670161caace269992e6263c88d715eb01386dc76,IMAGE,linux,s390x,"",0,CASE,"",""
cp.icr.io,cp/ibm-mqadvanced-server,9.2.5.0-r1-ppc64le,sha256:cd4811b5057f428c05f4c50d3d1f217b00126cc8bcb2a2be06ccdb2046aa97a5,IMAGE,linux,ppc64le,"",0,CASE,"",""
cp.icr.io,cp/ibm-mqadvanced-server-integration,9.2.5.0-r1,sha256:97d8d002ff34cd2a6d07f81f9104a3b8eb6eda6626e646e32b47f0fd108c6ad1,LIST,"","","",0,CASE,"",""
cp.icr.io,cp/ibm-mqadvanced-server-integration,9.2.5.0-r1-amd64,sha256:1cd4a04f7b68c6a4990da3c8e64b3af9f7202eec7ff37cbd51c5b6f1c5a39760,IMAGE,linux,amd64,"",0,CASE,"",""
cp.icr.io,cp/ibm-mqadvanced-server-integration,9.2.5.0-r1-s390x,sha256:5605db7cbb367dbdaf1ffdf9d0db351190434e5933cf5aeb770681e836959dfc,IMAGE,linux,s390x,"",0,CASE,"",""
cp.icr.io,cp/ibm-mqadvanced-server-integration,9.2.5.0-r1-ppc64le,sha256:3dac97fe54ed2ecc7dbd6577c92232537a629fd324868c7c00c4f81282e273bd,IMAGE,linux,ppc64le,"",0,CASE,"",""
icr.io,ibm-messaging/mq,9.2.5.0-r1,sha256:8236529768dfe9ab29f5a91a20a7b4b1f9dde1b54f21ff926769fb3e929d0bcc,LIST,"","","",0,CASE,"",""
icr.io,ibm-messaging/mq,9.2.5.0-r1-amd64,sha256:30972e1f33860d9c630361596d6f784c32a6875119364a2db91be97291683307,IMAGE,linux,amd64,"",0,CASE,"",""
icr.io,ibm-messaging/mq,9.2.5.0-r1-s390x,sha256:b870029ef6ac0ea98ee9f471a6b65759c9e4de99829493e1df5e04987488c59a,IMAGE,linux,s390x,"",0,CASE,"",""
icr.io,ibm-messaging/mq,9.2.5.0-r1-ppc64le,sha256:48b147cd3205feb630e8ed09b3d01e641e226729eaca28bf2ce0c721f354612d,IMAGE,linux,ppc64le,"",0,CASE,"",""
cp.icr.io,cp/icp4i/od/icp4i-od-agent,2.5.4-amd64,sha256:6312de06059faaaec5fb67e67d5b4e0402e2da7bf02687adfb72d55102345898,IMAGE,linux,amd64,"",0,CASE,"",""
cp.icr.io,cp/icp4i/od/icp4i-od-collector,2.5.4-amd64,sha256:c9e237a52f12bda79f4801d699c791f7e26d7349900f385165acf9d603d8f272,IMAGE,linux,amd64,"",0,CASE,"",""
cp.icr.io,cp/ibm-mqadvanced-server-integration,9.2.0.5-r1-eus,sha256:7902ec5de627a7c6ea09d14ca9a672435bec9923a3d28e5c097cbe8385ba39a6,LIST,"","","",0,CASE,"",""
cp.icr.io,cp/ibm-mqadvanced-server-integration,9.2.0.5-r1-eus-amd64,sha256:4b0bcceded03caabed24a8f3f02fe87fcbdee0492482b3d1a6430bf5121e9ab8,IMAGE,linux,amd64,"",0,CASE,"",""
cp.icr.io,cp/ibm-mqadvanced-server-integration,9.2.0.5-r1-eus-s390x,sha256:b0b7ad9c4e86baaa20db89a776620ec79a626a1c63930fce0becd237ab6bf433,IMAGE,linux,s390x,"",0,CASE,"",""
cp.icr.io,cp/ibm-mqadvanced-server,9.2.5.0-r2,sha256:7b451e1040dab4e5b9db74fe6527a026c7e3c8685e208f0c6df6b4da7fc06884,LIST,"","","",0,CASE,"",""
cp.icr.io,cp/ibm-mqadvanced-server,9.2.5.0-r2-amd64,sha256:59924da29cf8944eeacfe2f89697f54bad0068aa0eb1042eead7896653b3a21d,IMAGE,linux,amd64,"",0,CASE,"",""
cp.icr.io,cp/ibm-mqadvanced-server,9.2.5.0-r2-s390x,sha256:fbe1ea97f3620c00459cacd2ad4d522b0fe5c15d85826dd38e061daade5a7c24,IMAGE,linux,s390x,"",0,CASE,"",""
cp.icr.io,cp/ibm-mqadvanced-server,9.2.5.0-r2-ppc64le,sha256:efc61db614f35ec6284148c5eb7c5a06bb8451d318b5441d5411014bfba868a9,IMAGE,linux,ppc64le,"",0,CASE,"",""
cp.icr.io,cp/ibm-mqadvanced-server-integration,9.2.5.0-r2,sha256:9b19e2606394e9629cc6410001be1e2bcc59a0a2c77ddce90a01428adf8db928,LIST,"","","",0,CASE,"",""
cp.icr.io,cp/ibm-mqadvanced-server-integration,9.2.5.0-r2-amd64,sha256:baf6b8fa7575be6becbf143f4e22b88b1d22454198cd5143bd2c3ae881e7d9af,IMAGE,linux,amd64,"",0,CASE,"",""
cp.icr.io,cp/ibm-mqadvanced-server-integration,9.2.5.0-r2-s390x,sha256:65043e1d1609e7728b77688dcabcd66bd96e04707aaccb85b1a7dbe05a614a57,IMAGE,linux,s390x,"",0,CASE,"",""
cp.icr.io,cp/ibm-mqadvanced-server-integration,9.2.5.0-r2-ppc64le,sha256:1d58d096a69128194db912f34b34c891983a2a05614d9d613286b46fa98f6acf,IMAGE,linux,ppc64le,"",0,CASE,"",""
icr.io,ibm-messaging/mq,9.2.5.0-r2,sha256:367e836c5246fedeab80cc9dba6f19eab3375bb12d61661ff84706977668c492,LIST,"","","",0,CASE,"",""
icr.io,ibm-messaging/mq,9.2.5.0-r2-amd64,sha256:0d6a818f188b28523c7a59e202b5bb27acaa8ddd4685e0d5ba1a8fa4afe74603,IMAGE,linux,amd64,"",0,CASE,"",""
icr.io,ibm-messaging/mq,9.2.5.0-r2-s390x,sha256:7233ef937e4323fc53d5b9980554a8dc19c34cecab289de922ca3d85b904ecc0,IMAGE,linux,s390x,"",0,CASE,"",""
icr.io,ibm-messaging/mq,9.2.5.0-r2-ppc64le,sha256:d31f8793986e8668705c0664b98ecd451325e9c387f51af0b2d2d1034a8d5456,IMAGE,linux,ppc64le,"",0,CASE,"",""
cp.icr.io,cp/icp4i/od/icp4i-od-agent,1.0.15-amd64,sha256:37292a45da3a78ef6227ee317f271331fbfe6eb63a495f80965d24f5335e0eb3,IMAGE,linux,amd64,"",0,CASE,"",""
cp.icr.io,cp/icp4i/od/icp4i-od-collector,1.0.15-amd64,sha256:3a57700dad22a140e8d6ca3cf0c5ea545a2bc79569bca2fa17fdb01204c576bf,IMAGE,linux,amd64,"",0,CASE,"",""
cp.icr.io,cp/icp4i/od/icp4i-od-agent,2.5.5-amd64,sha256:f192a28410a1c4cc98efe05e58614895bb890218ddb731000b6f6977e4e3dc3a,IMAGE,linux,amd64,"",0,CASE,"",""
cp.icr.io,cp/icp4i/od/icp4i-od-collector,2.5.5-amd64,sha256:4fb34e623cb7b85acff6dcd2922dab01e63ba7913a61432d99ee43860bb2cbed,IMAGE,linux,amd64,"",0,CASE,"",""
cp.icr.io,cp/ibm-mqadvanced-server-integration,9.2.0.5-r2-eus,sha256:c17795de836bb9b553682b4b22f9b78f98232291c99383f570a83d7fdd25afec,LIST,"","","",0,CASE,"",""
cp.icr.io,cp/ibm-mqadvanced-server-integration,9.2.0.5-r2-eus-amd64,sha256:bad7b1facc0227c99155eb9dea724db4349e4fa4803c5dda18d2a6c5a95478ee,IMAGE,linux,amd64,"",0,CASE,"",""
cp.icr.io,cp/ibm-mqadvanced-server-integration,9.2.0.5-r2-eus-s390x,sha256:c8c1cfbf17b1d80b3b08e6c3e265c701c805faf9c9f0f674f5e498846b0c3643,IMAGE,linux,s390x,"",0,CASE,"",""
cp.icr.io,cp/ibm-mqadvanced-server,9.2.5.0-r3,sha256:2442d0bcb0b0b78ac61e66fbdb5bb5d0fc117d9912a8c95046d6a544036620e2,LIST,"","","",0,CASE,"",""
cp.icr.io,cp/ibm-mqadvanced-server,9.2.5.0-r3-amd64,sha256:64eed89f8557ad89c803f956cb984a9a89501b93518b06cd525a57af1fcfc40e,IMAGE,linux,amd64,"",0,CASE,"",""
cp.icr.io,cp/ibm-mqadvanced-server,9.2.5.0-r3-s390x,sha256:bc4ca7c62bae59a4bb42d1cd8f77e4643a20226a39d546f24cfbcb33f8efbaf2,IMAGE,linux,s390x,"",0,CASE,"",""
cp.icr.io,cp/ibm-mqadvanced-server,9.2.5.0-r3-ppc64le,sha256:4e06b59daa5d0f5794a1d600eb5d2899824130875011eede770019ce6459a8a1,IMAGE,linux,ppc64le,"",0,CASE,"",""
cp.icr.io,cp/ibm-mqadvanced-server-integration,9.2.5.0-r3,sha256:69c2e6440964e847cce19dbd68aabb5fa51b338a49836b1e202aa57c184c2614,LIST,"","","",0,CASE,"",""
cp.icr.io,cp/ibm-mqadvanced-server-integration,9.2.5.0-r3-amd64,sha256:b7717a1cfe2e0dd29df480c1dc4c92c7b91cad7806d9f546da14a30d26470a55,IMAGE,linux,amd64,"",0,CASE,"",""
cp.icr.io,cp/ibm-mqadvanced-server-integration,9.2.5.0-r3-s390x,sha256:e1fa98041721364119c8a4dcf07f8113a7f160709b344e8f0a7f081952d8aefc,IMAGE,linux,s390x,"",0,CASE,"",""
cp.icr.io,cp/ibm-mqadvanced-server-integration,9.2.5.0-r3-ppc64le,sha256:9d9f26230407694888a88e06b5d2b89eb6d0e055f32f174f895c0ec75515a1be,IMAGE,linux,ppc64le,"",0,CASE,"",""
icr.io,ibm-messaging/mq,9.2.5.0-r3,sha256:febe3fbf180fd844e9d94fb48b954b84a0f20a0c1dd6052f3ce4e1545d379c9a,LIST,"","","",0,CASE,"",""
icr.io,ibm-messaging/mq,9.2.5.0-r3-amd64,sha256:945a16180248c3420a78c6924aa56131ffdddff37c45861ffd0a497b2a02549b,IMAGE,linux,amd64,"",0,CASE,"",""
icr.io,ibm-messaging/mq,9.2.5.0-r3-s390x,sha256:65b72fd6b964bff7ee7839d665e9c639a2ca2367e90119e06b2655b3e4a039f1,IMAGE,linux,s390x,"",0,CASE,"",""
icr.io,ibm-messaging/mq,9.2.5.0-r3-ppc64le,sha256:b5c60184a5aefeb2b1c93c3be868abe605f991e2e45b1d05280808c179c9e777,IMAGE,linux,ppc64le,"",0,CASE,"",""
cp.icr.io,cp/icp4i/od/icp4i-od-agent,1.0.16-amd64,sha256:7d56a25281630571ca4fe3321777dc2b516d6d1e207159a1b3007d79c8a4fef3,IMAGE,linux,amd64,"",0,CASE,"",""
cp.icr.io,cp/icp4i/od/icp4i-od-collector,1.0.16-amd64,sha256:2c3fc1a49e206e6b0c92bd2521b0d0522062116c5d1502dff7134f61fc8b3461,IMAGE,linux,amd64,"",0,CASE,"",""
cp.icr.io,cp/icp4i/od/icp4i-od-agent,2.5.6-amd64,sha256:8c808d1b54664eda44b7b54e4a7af89e12f6e701baf69b1d6e752704448f0305,IMAGE,linux,amd64,"",0,CASE,"",""
cp.icr.io,cp/icp4i/od/icp4i-od-collector,2.5.6-amd64,sha256:d3934be22d88e11f9512f878d6ac05f2d29e40be7cee0b39c4b455ff786aba76,IMAGE,linux,amd64,"",0,CASE,"",""
