registry,image_name,tag,digest,mtype,os,arch,variant,insecure,digest_source,image_type,groups
cp.icr.io,cp/redis-db-5.0.9,1.2.3,sha256:1fb39c7f9c16b8668bbc92416bc55e2ad4d94020a61decaf634f3464e24f2d48,LIST,"","","",0,CASE,"",""
cp.icr.io,cp/redis-db-5.0.9,1.2.3-amd64,sha256:40028bd324a35e6bfc971cd6db4347ae3486ec10d7855ceb6016ec95f24fff20,IMAGE,linux,amd64,"",0,CASE,"",""
cp.icr.io,cp/redis-db-5.0.9,1.2.3-s390x,sha256:72d079378cbfd53cfd43de9537806a60e6b0be5a996640489706c496bfd87a34,IMAGE,linux,s390x,"",0,CASE,"",""
cp.icr.io,cp/redis-mgmt-5.0.9,1.2.3,sha256:399bc06aee99a925734af09bc5bbb934d5d00f261309a40045d20899568c1d8c,LIST,"","","",0,CASE,"",""
cp.icr.io,cp/redis-mgmt-5.0.9,1.2.3-amd64,sha256:71ed8ad0325a39bad9950341f3f16a462a53d335582454132b57ba1cded05795,IMAGE,linux,amd64,"",0,CASE,"",""
cp.icr.io,cp/redis-mgmt-5.0.9,1.2.3-s390x,sha256:21ead594deaefec0a46460220dc7987c30f6d6679d53bbad92857ad27bbbc9d4,IMAGE,linux,s390x,"",0,CASE,"",""
cp.icr.io,cp/redis-proxy-5.0.9,1.2.3,sha256:99f6020211b2e69722b9c6d6100a48fde506c06860ba957764ef9c30141f8d89,LIST,"","","",0,CASE,"",""
cp.icr.io,cp/redis-proxy-5.0.9,1.2.3-amd64,sha256:67e2e99eb5fb09cb9408b30b4b037b38803e6e7bef5de9fa2c169dc7a615d150,IMAGE,linux,amd64,"",0,CASE,"",""
cp.icr.io,cp/redis-proxy-5.0.9,1.2.3-s390x,sha256:1796e243f1f91d7dbd2878066371de6e0ac6de508a21d85cf2d61af8300934e2,IMAGE,linux,s390x,"",0,CASE,"",""
cp.icr.io,cp/redis-proxylog-5.0.9,1.2.3,sha256:ad94fe2072450af2687d42ece502889a7b62ad5bdb77a63db50f26632bb2d1a5,LIST,"","","",0,CASE,"",""
cp.icr.io,cp/redis-proxylog-5.0.9,1.2.3-amd64,sha256:b9f73b2a824d8450199c8244dd60f344059029c255dfaf475b296795f5914860,IMAGE,linux,amd64,"",0,CASE,"",""
cp.icr.io,cp/redis-proxylog-5.0.9,1.2.3-s390x,sha256:3b7a0d229a8ceb0e94fec85b394996141f5cfc8e066cce482c72deea4365656c,IMAGE,linux,s390x,"",0,CASE,"",""
cp.icr.io,cp/redis-db-5.0.9,1.3.0,sha256:1f6ed6d1fc145c98a223c773face1465f1a3db454547e7d1d0cae90d92bb3306,LIST,"","","",0,CASE,"",""
cp.icr.io,cp/redis-db-5.0.9,1.3.0-amd64,sha256:853e48c1c1937863d20056c3d31d482a1b8a56b0187f8911610c4155c0a7a257,IMAGE,linux,amd64,"",0,CASE,"",""
cp.icr.io,cp/redis-db-5.0.9,1.3.0-s390x,sha256:2e4d2d6621763af3eff52669293d9c30abb62696d4bfe8a28b9a2ea45352a25b,IMAGE,linux,s390x,"",0,CASE,"",""
cp.icr.io,cp/redis-mgmt-5.0.9,1.3.0,sha256:5dc5b4334c24b384bf6b9668b123ff66de11780629d1de5a089b8ad5cf953672,LIST,"","","",0,CASE,"",""
cp.icr.io,cp/redis-mgmt-5.0.9,1.3.0-amd64,sha256:057c4035c1f8f7684cdfb0c8dc03e1135bfbff41603ba1855045b502edc56565,IMAGE,linux,amd64,"",0,CASE,"",""
cp.icr.io,cp/redis-mgmt-5.0.9,1.3.0-s390x,sha256:471f4bf9f46b3dc82e854a3f12e36c5707c56de5948c86310160fbf6fba52f8d,IMAGE,linux,s390x,"",0,CASE,"",""
cp.icr.io,cp/redis-proxy-5.0.9,1.3.0,sha256:ea916fc36b267e8f4a43e31b3984808a5fee8613881b538e07703a3c1e124444,LIST,"","","",0,CASE,"",""
cp.icr.io,cp/redis-proxy-5.0.9,1.3.0-amd64,sha256:43ee091e77c6985baea09a39b57d1410a7452d1acff9222afe76d1a75d97072d,IMAGE,linux,amd64,"",0,CASE,"",""
cp.icr.io,cp/redis-proxy-5.0.9,1.3.0-s390x,sha256:7030c7b4038bfd2bd7d23628c427c4496baf46323e86284612a9b0de2ec072ba,IMAGE,linux,s390x,"",0,CASE,"",""
cp.icr.io,cp/redis-proxylog-5.0.9,1.3.0,sha256:cb487240ad7808eb0e98f2ed031c92275a3eeef439efca28a474e9fdfcf1df58,LIST,"","","",0,CASE,"",""
cp.icr.io,cp/redis-proxylog-5.0.9,1.3.0-amd64,sha256:b505b30205abf0659e7a0b16ddea001e3536330c62708b310a4998ce50c53eb8,IMAGE,linux,amd64,"",0,CASE,"",""
cp.icr.io,cp/redis-proxylog-5.0.9,1.3.0-s390x,sha256:887d1b83675786ea6c07ee020cc016b04f2d374df118874e5823ec91b6169209,IMAGE,linux,s390x,"",0,CASE,"",""
cp.icr.io,cp/redis-db-5.0.9,1.3.1,sha256:a9872f87afdb77fdd56d43d68f99301c96cddae11d3ce56fad31038b016ead88,LIST,"","","",0,CASE,"",""
cp.icr.io,cp/redis-db-5.0.9,1.3.1-amd64,sha256:b6c04af38179914c68ce6e0436f7d2a528a5515b3dde5000566c0ec01a12a62a,IMAGE,linux,amd64,"",0,CASE,"",""
cp.icr.io,cp/redis-db-5.0.9,1.3.1-s390x,sha256:3ed0c50134fb08a3efdf5e96a89e5b6ffab649a73f8ff2e2361a6959e17f5b4a,IMAGE,linux,s390x,"",0,CASE,"",""
cp.icr.io,cp/redis-mgmt-5.0.9,1.3.1,sha256:2df414b2c8d666257f498772a2151b574e4202cc21d2f364b5e9060e9c58be57,LIST,"","","",0,CASE,"",""
cp.icr.io,cp/redis-mgmt-5.0.9,1.3.1-amd64,sha256:c61fe78fc67957541b628e356f41b98dd72abb62f90354e42b6dd66cd4f35845,IMAGE,linux,amd64,"",0,CASE,"",""
cp.icr.io,cp/redis-mgmt-5.0.9,1.3.1-s390x,sha256:5663c2a0a3b81ac6713bb84dc0894e27418accd30aa9762588278ca426480ba2,IMAGE,linux,s390x,"",0,CASE,"",""
cp.icr.io,cp/redis-proxy-5.0.9,1.3.1,sha256:1b08f18baab855ca28fcd308968e49548375dc1f94088df8f54a26a0bb5931e8,LIST,"","","",0,CASE,"",""
cp.icr.io,cp/redis-proxy-5.0.9,1.3.1-amd64,sha256:409e92e755cc74dba4b24b4967b4b03fd8f64760a934cc0ad728409b4af2f3bf,IMAGE,linux,amd64,"",0,CASE,"",""
cp.icr.io,cp/redis-proxy-5.0.9,1.3.1-s390x,sha256:c1d1aae9757223b44d650a0d70ef090fd6e16c4186af98f0f81581ad4e3508b4,IMAGE,linux,s390x,"",0,CASE,"",""
cp.icr.io,cp/redis-proxylog-5.0.9,1.3.1,sha256:d403c796c6e77a78ec960eeff1e0de79496bf9ee49810a36a15b669ab25dc8b8,LIST,"","","",0,CASE,"",""
cp.icr.io,cp/redis-proxylog-5.0.9,1.3.1-amd64,sha256:4d5cf6473b50f878a2b678ed22d25962173ad9e3e7f22f4c8caebb100c1147c3,IMAGE,linux,amd64,"",0,CASE,"",""
cp.icr.io,cp/redis-proxylog-5.0.9,1.3.1-s390x,sha256:0ff8c223eb38486fa67e95726028eb674c8e768f8ce92d62e8a82c87c68780f7,IMAGE,linux,s390x,"",0,CASE,"",""
cp.icr.io,cp/redis-db-5.0.9,1.3.2,sha256:5b1d73c89fffa2b34f3cdc4d44b6891769d1743f932f24e7f20ba7411606b390,LIST,"","","",0,CASE,"",""
cp.icr.io,cp/redis-db-5.0.9,1.3.2-amd64,sha256:e83ab6f54890039e3cd41bd7fb68b3a9c1db51cc0774027771be6f96d1d84609,IMAGE,linux,amd64,"",0,CASE,"",""
cp.icr.io,cp/redis-db-5.0.9,1.3.2-s390x,sha256:4cea79e25c93730a87cf3ef8fadc88d6addedbe62edce0d56b15755578b79cef,IMAGE,linux,s390x,"",0,CASE,"",""
cp.icr.io,cp/redis-mgmt-5.0.9,1.3.2,sha256:fa5ed39717524390dfc151decc2213458e3839c87a430a0ef844f2814a511ffa,LIST,"","","",0,CASE,"",""
cp.icr.io,cp/redis-mgmt-5.0.9,1.3.2-amd64,sha256:954e9d1260762a751cf95d4b8f0eec439174a2d635db93da9ed63a6d86344d63,IMAGE,linux,amd64,"",0,CASE,"",""
cp.icr.io,cp/redis-mgmt-5.0.9,1.3.2-s390x,sha256:653856849e06e9be58f10b7ba6f341c44613534a985f7e1f13b10cd43a2c7d7b,IMAGE,linux,s390x,"",0,CASE,"",""
cp.icr.io,cp/redis-proxy-5.0.9,1.3.2,sha256:b3a9ac4a6f7fddbd897fa9dda34a64fdb0798ac03a20616b1859a32edb9afce7,LIST,"","","",0,CASE,"",""
cp.icr.io,cp/redis-proxy-5.0.9,1.3.2-amd64,sha256:a3e7954b65bc5528b5bf20314792cf83f28d9a8c5f874b4569695383f4f61188,IMAGE,linux,amd64,"",0,CASE,"",""
cp.icr.io,cp/redis-proxy-5.0.9,1.3.2-s390x,sha256:37841f55b420694694917e58eb53cc37855fdea19ec43342640db26ba6435c24,IMAGE,linux,s390x,"",0,CASE,"",""
cp.icr.io,cp/redis-proxylog-5.0.9,1.3.2,sha256:df5b460435671cbf0e4e476ee9eb3ae56b7efa4d93e19589a9aea465770e8338,LIST,"","","",0,CASE,"",""
cp.icr.io,cp/redis-proxylog-5.0.9,1.3.2-amd64,sha256:9c831934143d5ac63fe45363b2035107e6d521bdfa11e48bfcbbc0131b9fb232,IMAGE,linux,amd64,"",0,CASE,"",""
cp.icr.io,cp/redis-proxylog-5.0.9,1.3.2-s390x,sha256:2ab838355767674b1778095804bbb800ccc9832be3c4a16523145b3548a11cb6,IMAGE,linux,s390x,"",0,CASE,"",""
cp.icr.io,cp/redis-db-5.0.9,1.3.3,sha256:39c0ac7ce06424a752d3ddece7de9535ca3dcdb26dab849f8aab04acc2f54d97,LIST,"","","",0,CASE,"",""
cp.icr.io,cp/redis-db-5.0.9,1.3.3-amd64,sha256:002878902c160f978e2dcedce1d7f30155d7b2c9493426be7fadf7bacd4b2564,IMAGE,linux,amd64,"",0,CASE,"",""
cp.icr.io,cp/redis-db-5.0.9,1.3.3-s390x,sha256:73bb3a3c80435b68edeca9d9cc7c7f0fada6a4447eb74c5f418b729cc993607d,IMAGE,linux,s390x,"",0,CASE,"",""
cp.icr.io,cp/redis-mgmt-5.0.9,1.3.3,sha256:7f61e601b912667bac6a449072e6d468ff5f6e2f75c07bbce9233f8e5ef7f678,LIST,"","","",0,CASE,"",""
cp.icr.io,cp/redis-mgmt-5.0.9,1.3.3-amd64,sha256:513e8723d1f41f5ba131f6b0cb74361901cec3d6302b2ba2aa7e3a2c6dbc823e,IMAGE,linux,amd64,"",0,CASE,"",""
cp.icr.io,cp/redis-mgmt-5.0.9,1.3.3-s390x,sha256:3bff6fd4538fa4c02e1adcd1e1ecbda61c66c257547768cc16ccffefa2bcfb9b,IMAGE,linux,s390x,"",0,CASE,"",""
cp.icr.io,cp/redis-proxy-5.0.9,1.3.3,sha256:abbe1f13e9a0c6f0b82654945e4a131db7c520c4027ce279ace1b4a44c71eefe,LIST,"","","",0,CASE,"",""
cp.icr.io,cp/redis-proxy-5.0.9,1.3.3-amd64,sha256:87ba7a0c31b993fa7dd9799995f53e47f2c5d163759d38357955a200041d3b44,IMAGE,linux,amd64,"",0,CASE,"",""
cp.icr.io,cp/redis-proxy-5.0.9,1.3.3-s390x,sha256:05183770feeecedc225b2784f32f14a7612aa847c0676b57d1ae91fb92d124e3,IMAGE,linux,s390x,"",0,CASE,"",""
cp.icr.io,cp/redis-proxylog-5.0.9,1.3.3,sha256:8f03b3d002d1bb81142f972dd06266e7be52b8a3281b7bbbfc2cdf3198456f2d,LIST,"","","",0,CASE,"",""
cp.icr.io,cp/redis-proxylog-5.0.9,1.3.3-amd64,sha256:f5b00a199840db6aee7cc321f615efd005ef9feed28a165db5cc0f89e474e3f2,IMAGE,linux,amd64,"",0,CASE,"",""
cp.icr.io,cp/redis-proxylog-5.0.9,1.3.3-s390x,sha256:6e9d0ef8a7b631490bd0667868653bd421e4133d6501691a5896168eedaeeced,IMAGE,linux,s390x,"",0,CASE,"",""
cp.icr.io,cp/redis-db-5.0.9,1.4.0,sha256:624eaa96d4f3b0e802b51280499799d39b80308bdb18f3ad328c4721fe29bbd1,LIST,"","","",0,CASE,"",""
cp.icr.io,cp/redis-db-5.0.9,1.4.0-amd64,sha256:7d66f0b0c4dfd9f7ed01bfb1e01c4bd23df4ce4ff12564bd8c3253a2babe75bd,IMAGE,linux,amd64,"",0,CASE,"",""
cp.icr.io,cp/redis-db-5.0.9,1.4.0-s390x,sha256:ecdbfa0b8de0115a4b62147c6d45adf71b906b4a96ad6eb5c1c047efe01e72af,IMAGE,linux,s390x,"",0,CASE,"",""
cp.icr.io,cp/redis-mgmt-5.0.9,1.4.0,sha256:3ac0f915b23a6386f83dc412b254bd1bd8e443a9701ed62f5eff3bd0c74d038b,LIST,"","","",0,CASE,"",""
cp.icr.io,cp/redis-mgmt-5.0.9,1.4.0-amd64,sha256:e2dd7c2143beb9104a541c4426996e3bc0220a8494fc77ebc3506979c92b9b52,IMAGE,linux,amd64,"",0,CASE,"",""
cp.icr.io,cp/redis-mgmt-5.0.9,1.4.0-s390x,sha256:6194e092c198d2fd9c2ceffc60262f1f6d2e1b2df7ae06bf285d4e6ba96337ff,IMAGE,linux,s390x,"",0,CASE,"",""
cp.icr.io,cp/redis-proxy-5.0.9,1.4.0,sha256:91a4ca7ed09089c9b4f6dbadece04bd74761110914d1f12e57400bdc720b205d,LIST,"","","",0,CASE,"",""
cp.icr.io,cp/redis-proxy-5.0.9,1.4.0-amd64,sha256:6f07b72b63b23b8ef40bd7cef70f086ad57e058201734fe399ab6c69b2bc292c,IMAGE,linux,amd64,"",0,CASE,"",""
cp.icr.io,cp/redis-proxy-5.0.9,1.4.0-s390x,sha256:22681e49d13cd766028f0a6d83ba8ac2a7cab6be6bc5a7bc1f7966c6f8e32280,IMAGE,linux,s390x,"",0,CASE,"",""
cp.icr.io,cp/redis-proxylog-5.0.9,1.4.0,sha256:8a20ed591bdb30ca49bd7bb63e1e40ac3b9a62235b9de24bc7374d14f43684d8,LIST,"","","",0,CASE,"",""
cp.icr.io,cp/redis-proxylog-5.0.9,1.4.0-amd64,sha256:86b6677b0b91f918bbb7bfdb90bab93da5cf913415b9887c758159814617627a,IMAGE,linux,amd64,"",0,CASE,"",""
cp.icr.io,cp/redis-proxylog-5.0.9,1.4.0-s390x,sha256:90d678c9cf5dd67fe30b7a0e45ff2ea45b5423f4ecef0cbb6e879edfd8a0a9d6,IMAGE,linux,s390x,"",0,CASE,"",""
cp.icr.io,cp/redis-db-5.0.9,1.4.1,sha256:abb62a26a37480e547aa8f89cf9e5ca78a934530aae5330799ebe9f3bdec6a55,LIST,"","","",0,CASE,"",""
cp.icr.io,cp/redis-db-5.0.9,1.4.1-amd64,sha256:e65086c98f0ab7c3cdd1aa66277845d985bd88e448a04fd6edc61d88298aa380,IMAGE,linux,amd64,"",0,CASE,"",""
cp.icr.io,cp/redis-db-5.0.9,1.4.1-ppc64le,sha256:01cf8354d22a8a855eb2d623628bf0fc9640f74a9bfe62049f36c1af8fa58d8e,IMAGE,linux,ppc64le,"",0,CASE,"",""
cp.icr.io,cp/redis-db-5.0.9,1.4.1-s390x,sha256:53c9fa39741f63d5422ef57f3f5f260e6725e469bf4435d064474eaa351b60a0,IMAGE,linux,s390x,"",0,CASE,"",""
cp.icr.io,cp/redis-mgmt-5.0.9,1.4.1,sha256:934b641167b985a13f1b39528bdb60a9a6b2e26c7e67dd9ab584dda44100bd12,LIST,"","","",0,CASE,"",""
cp.icr.io,cp/redis-mgmt-5.0.9,1.4.1-amd64,sha256:4d50d6aad607b53fc31876e28de09a3cc605952dd4249b00fc9d24f88f3aa090,IMAGE,linux,amd64,"",0,CASE,"",""
cp.icr.io,cp/redis-mgmt-5.0.9,1.4.1-ppc64le,sha256:b4397a518b93debcd08036e6bc5c8a17877e71813d2548180bd45d4a3f2c48aa,IMAGE,linux,ppc64le,"",0,CASE,"",""
cp.icr.io,cp/redis-mgmt-5.0.9,1.4.1-s390x,sha256:92d29f6243dda819346236b21888dbe61c4c687599cb161a1f37a4c0a5c8396c,IMAGE,linux,s390x,"",0,CASE,"",""
cp.icr.io,cp/redis-proxy-5.0.9,1.4.1,sha256:59ab41ae0890744cce5ce427b2fa35eb5261bf3feca074d6d3652e1788ee9fff,LIST,"","","",0,CASE,"",""
cp.icr.io,cp/redis-proxy-5.0.9,1.4.1-amd64,sha256:864c0d7528167b6c96e21e83574a245c3e6f36a1839cb40a589b630e48a370ae,IMAGE,linux,amd64,"",0,CASE,"",""
cp.icr.io,cp/redis-proxy-5.0.9,1.4.1-ppc64le,sha256:192a77bf8ebef9e3ebacefc7db52b23bcb13c4778c7b300c087ff4a008ee0adb,IMAGE,linux,ppc64le,"",0,CASE,"",""
cp.icr.io,cp/redis-proxy-5.0.9,1.4.1-s390x,sha256:353441ae848bc95fd8d92160d5c370b443ce3f81bcb20fd2bcb952759165030c,IMAGE,linux,s390x,"",0,CASE,"",""
cp.icr.io,cp/redis-proxylog-5.0.9,1.4.1,sha256:7014fab71d173aef91e94e67f0ac9ba228a3d15ae898468bafc58dcc14ad028f,LIST,"","","",0,CASE,"",""
cp.icr.io,cp/redis-proxylog-5.0.9,1.4.1-amd64,sha256:defdc94d51fe7535a38737eda18a4c3667a5698259705106c7abacab8a833455,IMAGE,linux,amd64,"",0,CASE,"",""
cp.icr.io,cp/redis-proxylog-5.0.9,1.4.1-ppc64le,sha256:609f68e94c642282a2565bfd890265cebcd1224566eea16c4c155549e0fe2554,IMAGE,linux,ppc64le,"",0,CASE,"",""
cp.icr.io,cp/redis-proxylog-5.0.9,1.4.1-s390x,sha256:06ba46171be9ff16eff5f7216db8a48fd3dfd59291b81929579f19eb21af3fcc,IMAGE,linux,s390x,"",0,CASE,"",""
cp.icr.io,cp/redis-db-5.0.9,1.4.2,sha256:510ef25700c63796ab43e61f2a7222b164bc3063d3fb8e7010e80b09fccfb281,LIST,"","","",0,CASE,"",""
cp.icr.io,cp/redis-db-5.0.9,1.4.2-amd64,sha256:ede32155d96a8ddb5323ed34e9d21937159a679fe3fa3f678ffd3da51295fb49,IMAGE,linux,amd64,"",0,CASE,"",""
cp.icr.io,cp/redis-db-5.0.9,1.4.2-ppc64le,sha256:199cf3b69ca59e93742fde20f69f6024e532ad9aeb0d91d115fa6e2a0bc7f190,IMAGE,linux,ppc64le,"",0,CASE,"",""
cp.icr.io,cp/redis-db-5.0.9,1.4.2-s390x,sha256:f92da6857940b127bc634033e4f01bdc89c6b7325027d8aca07679b413e60517,IMAGE,linux,s390x,"",0,CASE,"",""
cp.icr.io,cp/redis-mgmt-5.0.9,1.4.2,sha256:2e79c915a50af87a57b9b8cc727e45986d356bd15b10847220c96b4810efde92,LIST,"","","",0,CASE,"",""
cp.icr.io,cp/redis-mgmt-5.0.9,1.4.2-amd64,sha256:984f43335950964e4414c758f1c232f71ff77d7cf03c11994b40938cc0ac727b,IMAGE,linux,amd64,"",0,CASE,"",""
cp.icr.io,cp/redis-mgmt-5.0.9,1.4.2-ppc64le,sha256:67a1ae72d77eb2be97bbda4239724456969c44c57bd2600ae55778fd686340f4,IMAGE,linux,ppc64le,"",0,CASE,"",""
cp.icr.io,cp/redis-mgmt-5.0.9,1.4.2-s390x,sha256:8d0bd38e4c74918774c5ee7f990b9b43cd41112509b1aa01722331f8f7752d9a,IMAGE,linux,s390x,"",0,CASE,"",""
cp.icr.io,cp/redis-proxy-5.0.9,1.4.2,sha256:bd9b6d5634ca260b46bb8e74bca37ba290a90abc2514a631a383044c370cd7b2,LIST,"","","",0,CASE,"",""
cp.icr.io,cp/redis-proxy-5.0.9,1.4.2-amd64,sha256:b015d572e06f070e36e2647282187e8c838841a72f5db7d8e6f2238ef31ab5f8,IMAGE,linux,amd64,"",0,CASE,"",""
cp.icr.io,cp/redis-proxy-5.0.9,1.4.2-ppc64le,sha256:3c505c9e557923d03f84a70fd04f14397ce68b35700daf36a28938db8c8ab05a,IMAGE,linux,ppc64le,"",0,CASE,"",""
cp.icr.io,cp/redis-proxy-5.0.9,1.4.2-s390x,sha256:f714988715adcc842d6951d0eb77bff432f55866ec449eb10b7173d0cf1d8737,IMAGE,linux,s390x,"",0,CASE,"",""
cp.icr.io,cp/redis-proxylog-5.0.9,1.4.2,sha256:4b8337b43bc1533329a911695e23cd93baeeb5fff5a250598b2e11f43ae47879,LIST,"","","",0,CASE,"",""
cp.icr.io,cp/redis-proxylog-5.0.9,1.4.2-amd64,sha256:e98e9f55c836170601f1deb5a19e57e5b474f0123196c5f094799c215ebac315,IMAGE,linux,amd64,"",0,CASE,"",""
cp.icr.io,cp/redis-proxylog-5.0.9,1.4.2-ppc64le,sha256:c7764575cb0548160e4cb711bd92bd7496e3776dfce8039f7d7bcc3be9958a1d,IMAGE,linux,ppc64le,"",0,CASE,"",""
cp.icr.io,cp/redis-proxylog-5.0.9,1.4.2-s390x,sha256:0189c96947696731c9e66ee957b4b55757664a8ab3dc6fb1cd19d8d78d1d66ec,IMAGE,linux,s390x,"",0,CASE,"",""
cp.icr.io,cp/redis-db-5.0.9,1.4.3,sha256:1041a0f7c2dd8a8886fe1bc22ea20c3ef8a60c44da77e27e1c7232111c6c2c54,LIST,"","","",0,CASE,"",""
cp.icr.io,cp/redis-db-5.0.9,1.4.3-amd64,sha256:f261176a99361f7732e981b57990265e63be2e89f4f42088d9c9a119677aa137,IMAGE,linux,amd64,"",0,CASE,"",""
cp.icr.io,cp/redis-db-5.0.9,1.4.3-ppc64le,sha256:6f315bc904378960b0a2d98d90f7c896215edb6fa69543ddf63735f3cb8d8450,IMAGE,linux,ppc64le,"",0,CASE,"",""
cp.icr.io,cp/redis-db-5.0.9,1.4.3-s390x,sha256:8c9435a3ee748a071f27f7d5232bbb8962f081a2bd25cdf13bcb54a7dd648e55,IMAGE,linux,s390x,"",0,CASE,"",""
cp.icr.io,cp/redis-mgmt-5.0.9,1.4.3,sha256:87121bef639910da91ede486706c1c4840b15e31a1d1e5dc5c3a48a55465d701,LIST,"","","",0,CASE,"",""
cp.icr.io,cp/redis-mgmt-5.0.9,1.4.3-amd64,sha256:8375c042bc56b96c83a0f48d71ca70e6d17d687b4fbe7aa1cfeb836c3e0795fe,IMAGE,linux,amd64,"",0,CASE,"",""
cp.icr.io,cp/redis-mgmt-5.0.9,1.4.3-ppc64le,sha256:e49b19fbda0fd2d4307c086350550adc68815718a01874b4ff61d5b76c418972,IMAGE,linux,ppc64le,"",0,CASE,"",""
cp.icr.io,cp/redis-mgmt-5.0.9,1.4.3-s390x,sha256:0e61d2cb84646a4cc2f502ca4faba21ecd48d13a70e69a9e3974f7bfa4599cce,IMAGE,linux,s390x,"",0,CASE,"",""
cp.icr.io,cp/redis-proxy-5.0.9,1.4.3,sha256:a6bf03767ca72fddbcbb2b83fc8cfb3fd71ef1477af78d6c6d7834bdf77c00b8,LIST,"","","",0,CASE,"",""
cp.icr.io,cp/redis-proxy-5.0.9,1.4.3-amd64,sha256:88f3c7438b5b4322de22e1f61be0d46f890e24d131a63c6e77bd3ef7b0cb71c2,IMAGE,linux,amd64,"",0,CASE,"",""
cp.icr.io,cp/redis-proxy-5.0.9,1.4.3-ppc64le,sha256:bc9dc525292d08688ac9cce369d5de51b7a5cdd34dca48730de4989d43e5693b,IMAGE,linux,ppc64le,"",0,CASE,"",""
cp.icr.io,cp/redis-proxy-5.0.9,1.4.3-s390x,sha256:bc2a3bdc060759340a7d2a9dba6d33d116753cb35328576ef26475652eb9b638,IMAGE,linux,s390x,"",0,CASE,"",""
cp.icr.io,cp/redis-proxylog-5.0.9,1.4.3,sha256:84b4b5fa30b738631cca76a08c77526e33faad9f66727a8dee1b9afc0b1c65e7,LIST,"","","",0,CASE,"",""
cp.icr.io,cp/redis-proxylog-5.0.9,1.4.3-amd64,sha256:88ae2d5e45669366b95e9dcbd879d7cd5a6db233b75d2d7aba5d7a3b38bc16e0,IMAGE,linux,amd64,"",0,CASE,"",""
cp.icr.io,cp/redis-proxylog-5.0.9,1.4.3-ppc64le,sha256:ea03c2d03689d80cedb620874d29388ff45f9a2a085a61441946d675a12bee09,IMAGE,linux,ppc64le,"",0,CASE,"",""
cp.icr.io,cp/redis-proxylog-5.0.9,1.4.3-s390x,sha256:94c89fa0afd47ec20e086f3ad6dbad0e600d0f6afbe8f74289c4ed90fb426281,IMAGE,linux,s390x,"",0,CASE,"",""
cp.icr.io,cp/redis-db-5.0.9,1.5.0,sha256:39aad60d1109bce2528af49fa867f9b7bc4f01df9758e2bb72ccb80de51c04ff,LIST,"","","",0,CASE,"",""
cp.icr.io,cp/redis-db-5.0.9,1.5.0-amd64,sha256:709be1c373e3626647312c22fa4fe91ff2167d24e35a46763985f80bbe05a54d,IMAGE,linux,amd64,"",0,CASE,"",""
cp.icr.io,cp/redis-db-5.0.9,1.5.0-ppc64le,sha256:7377938736c9967b23f80e1ee27290b608143cc9665325120282539852185ba7,IMAGE,linux,ppc64le,"",0,CASE,"",""
cp.icr.io,cp/redis-db-5.0.9,1.5.0-s390x,sha256:33477c15c3f880a7a6ca9630813f2f53b7bdae33b79c434cf730640fbd8e14e5,IMAGE,linux,s390x,"",0,CASE,"",""
cp.icr.io,cp/redis-mgmt-5.0.9,1.5.0,sha256:b018eaf47aa51cd3f51c15a39eba05f2231e77993ba8d30183077db3dfaf6ebf,LIST,"","","",0,CASE,"",""
cp.icr.io,cp/redis-mgmt-5.0.9,1.5.0-amd64,sha256:c50fdb220b0df171928047b8357a0aa9f9350269fc9d18c26521237e942767da,IMAGE,linux,amd64,"",0,CASE,"",""
cp.icr.io,cp/redis-mgmt-5.0.9,1.5.0-ppc64le,sha256:b6abedf61ac17489101234f889bbdd45ed2f2b64d7f3e68e37deb2371c854581,IMAGE,linux,ppc64le,"",0,CASE,"",""
cp.icr.io,cp/redis-mgmt-5.0.9,1.5.0-s390x,sha256:8e0811988c295ff08705b9fba4c8ff7eef259a1b3581a891f27637d8894d5eb7,IMAGE,linux,s390x,"",0,CASE,"",""
cp.icr.io,cp/redis-proxy-5.0.9,1.5.0,sha256:0ca80a10dd261e7dae2e5f0853ff0e8d637d9848a850f20d2a37e5493d13f586,LIST,"","","",0,CASE,"",""
cp.icr.io,cp/redis-proxy-5.0.9,1.5.0-amd64,sha256:30b17e95824252705cdd6012f8c7db43dc8d0c491047146ded1e5100951c2180,IMAGE,linux,amd64,"",0,CASE,"",""
cp.icr.io,cp/redis-proxy-5.0.9,1.5.0-ppc64le,sha256:f2a1fb5dac5acf679107028cfdd52cd97f25dd4273b020f8d614978552df5851,IMAGE,linux,ppc64le,"",0,CASE,"",""
cp.icr.io,cp/redis-proxy-5.0.9,1.5.0-s390x,sha256:fd59bab778954b18f7a9339c344de8786153f2ee76858020f99d5582465eb5e7,IMAGE,linux,s390x,"",0,CASE,"",""
cp.icr.io,cp/redis-proxylog-5.0.9,1.5.0,sha256:ba96c8df29872fc21972d14094551224eda1fa742f5b83600abf8953e70e21cf,LIST,"","","",0,CASE,"",""
cp.icr.io,cp/redis-proxylog-5.0.9,1.5.0-amd64,sha256:f62d129ca24cbf4a8a0d07106b5ca2e31ddd00d54c699189278f0766c5fe72ad,IMAGE,linux,amd64,"",0,CASE,"",""
cp.icr.io,cp/redis-proxylog-5.0.9,1.5.0-ppc64le,sha256:d1046e4fc0121e715c779f346fe1d620bf796c01f3415be2cfd7e55a0e92f1e6,IMAGE,linux,ppc64le,"",0,CASE,"",""
cp.icr.io,cp/redis-proxylog-5.0.9,1.5.0-s390x,sha256:401cf309bbeb6a05300cd6c9003b9e3c6eb7407b549ed4913239089c4b91db35,IMAGE,linux,s390x,"",0,CASE,"",""
cp.icr.io,cp/redis-db-5.0.14,1.5.1,sha256:1eb1479c8d72eacc1b984c1d5b7266e878bcb3245881d6626ea0e0942b07b2ac,LIST,"","","",0,CASE,"",""
cp.icr.io,cp/redis-db-5.0.14,1.5.1-amd64,sha256:e81e9a80c1ee808ce9115b30752a849d5f31790517888a47bd55237c759aaa61,IMAGE,linux,amd64,"",0,CASE,"",""
cp.icr.io,cp/redis-db-5.0.14,1.5.1-ppc64le,sha256:fbf270a01fd1bafdcba4de94d1a44bea9525d9e390bc933e310a88fc8d6792db,IMAGE,linux,ppc64le,"",0,CASE,"",""
cp.icr.io,cp/redis-db-5.0.14,1.5.1-s390x,sha256:565af01a6f0e7bebbe3514bfce976294d87b37b0599dc4fd0359f827127b279b,IMAGE,linux,s390x,"",0,CASE,"",""
cp.icr.io,cp/redis-mgmt-5.0.14,1.5.1,sha256:f6d19be5c27743001387529cbaae9005483cc17d166a2a401ee24fb2c2d63d18,LIST,"","","",0,CASE,"",""
cp.icr.io,cp/redis-mgmt-5.0.14,1.5.1-amd64,sha256:d8dabbf3287f9ede9df670ef03e7a90fa3f2ba30006632139273165d82b796a1,IMAGE,linux,amd64,"",0,CASE,"",""
cp.icr.io,cp/redis-mgmt-5.0.14,1.5.1-ppc64le,sha256:200e258f3f4d31e6c9bd6ed771bb5a37ec2c22744ee490bbdaa2251379c97971,IMAGE,linux,ppc64le,"",0,CASE,"",""
cp.icr.io,cp/redis-mgmt-5.0.14,1.5.1-s390x,sha256:aea16a5e9db55d57fb206d2b8c38548e8e34bd18b492b52510207c012d044d8c,IMAGE,linux,s390x,"",0,CASE,"",""
cp.icr.io,cp/redis-proxy-5.0.14,1.5.1,sha256:d923ce867bf3da0d9190487741b0fa00e4eaabb2c5ce1eac7f1d319a3cb759f8,LIST,"","","",0,CASE,"",""
cp.icr.io,cp/redis-proxy-5.0.14,1.5.1-amd64,sha256:d191617adc51c5e57b389ef1618778e7e73ac1131f2a9675119f59c69532b25f,IMAGE,linux,amd64,"",0,CASE,"",""
cp.icr.io,cp/redis-proxy-5.0.14,1.5.1-ppc64le,sha256:eeb9d6c82699fa28b1c95ae82060afe344e87345034ba73ced555eca82343e2e,IMAGE,linux,ppc64le,"",0,CASE,"",""
cp.icr.io,cp/redis-proxy-5.0.14,1.5.1-s390x,sha256:f050a68ff34053ccc34b7e860497c568ca5e1c9b52740b8787f0495cf3532c84,IMAGE,linux,s390x,"",0,CASE,"",""
cp.icr.io,cp/redis-proxylog-5.0.14,1.5.1,sha256:474c618f9c6cd41359ee4239a3a829b1bb7f7acc6ba6d3e33aea625cd5511790,LIST,"","","",0,CASE,"",""
cp.icr.io,cp/redis-proxylog-5.0.14,1.5.1-amd64,sha256:e251283bc3a70e4a280ad61caa3e92aeed4501b9b0dd8abe89e73a9db02c15eb,IMAGE,linux,amd64,"",0,CASE,"",""
cp.icr.io,cp/redis-proxylog-5.0.14,1.5.1-ppc64le,sha256:3a5dca1779616e4d95e70d8f771905984b84c8b4e4cd792dc666e335f1f3189c,IMAGE,linux,ppc64le,"",0,CASE,"",""
cp.icr.io,cp/redis-proxylog-5.0.14,1.5.1-s390x,sha256:e61a68dfe98b366669a25f183bb5875b832e343f35055666be3066783eae14f4,IMAGE,linux,s390x,"",0,CASE,"",""
cp.icr.io,cp/redis-db-5.0.14,1.5.2,sha256:d965717240e1df0bcdf6b1d53efd6d44d5c8e03e23a4fa46cccbc4ed786e88a2,LIST,"","","",0,CASE,"",""
cp.icr.io,cp/redis-db-5.0.14,1.5.2-amd64,sha256:76d1af74c501a7850f4415ac43b6ed3d40ac9c59f7cba76391924ac210083f80,IMAGE,linux,amd64,"",0,CASE,"",""
cp.icr.io,cp/redis-db-5.0.14,1.5.2-ppc64le,sha256:2d459b2988e8156488375cdbe15e1e88c6c14cd256c3becd7fd4eac030f5c728,IMAGE,linux,ppc64le,"",0,CASE,"",""
cp.icr.io,cp/redis-db-5.0.14,1.5.2-s390x,sha256:4ed27c64df30db279eb6434a835e2307a3b1d81f1c99829230aa7ab6bc336283,IMAGE,linux,s390x,"",0,CASE,"",""
cp.icr.io,cp/redis-mgmt-5.0.14,1.5.2,sha256:da61f48affdc50e43849d3ec425920d35f51484ca52b007c8f095ac5d3368426,LIST,"","","",0,CASE,"",""
cp.icr.io,cp/redis-mgmt-5.0.14,1.5.2-amd64,sha256:ffa2fc534f89896924db4e6f0cb0a555a658c73fe073c5ead9c9537406fd3156,IMAGE,linux,amd64,"",0,CASE,"",""
cp.icr.io,cp/redis-mgmt-5.0.14,1.5.2-ppc64le,sha256:75e3f6250cace207b3d0e404a742a926505c6426fa885a501e7d38fe10dae9f0,IMAGE,linux,ppc64le,"",0,CASE,"",""
cp.icr.io,cp/redis-mgmt-5.0.14,1.5.2-s390x,sha256:4ae2b6910d8151a8c83e0292fc292c4542bdaaa7c9c6b99dfaaa2179de2f85d6,IMAGE,linux,s390x,"",0,CASE,"",""
cp.icr.io,cp/redis-proxy-5.0.14,1.5.2,sha256:46ceeedec8004b86845c1b76adfe5656ec0a167d58529e88b91b3fde753de442,LIST,"","","",0,CASE,"",""
cp.icr.io,cp/redis-proxy-5.0.14,1.5.2-amd64,sha256:63dc933c5cd0923c4d51d4d53d711efeb0d906ac5da0d08494432225250c8059,IMAGE,linux,amd64,"",0,CASE,"",""
cp.icr.io,cp/redis-proxy-5.0.14,1.5.2-ppc64le,sha256:edfe787f3e61a93726d8f7eea3835751afb34b3af2e9080d88128fa2663bdb71,IMAGE,linux,ppc64le,"",0,CASE,"",""
cp.icr.io,cp/redis-proxy-5.0.14,1.5.2-s390x,sha256:a6e3962cb83c8e861df52d8287d17a78973a0b962d73520c1984cfb682dd7fa6,IMAGE,linux,s390x,"",0,CASE,"",""
cp.icr.io,cp/redis-proxylog-5.0.14,1.5.2,sha256:47d93912927bbb27445e88eb62ae744dcc90d529d4eaa0c4e5f80af953b13853,LIST,"","","",0,CASE,"",""
cp.icr.io,cp/redis-proxylog-5.0.14,1.5.2-amd64,sha256:3045a4398299d3eff086c285286e0473562784e740631eca8326f913585ba9fa,IMAGE,linux,amd64,"",0,CASE,"",""
cp.icr.io,cp/redis-proxylog-5.0.14,1.5.2-ppc64le,sha256:22fbc53885223fa187b21500620fcb9e068e245191081c5e61ac31ecbc5e528c,IMAGE,linux,ppc64le,"",0,CASE,"",""
cp.icr.io,cp/redis-proxylog-5.0.14,1.5.2-s390x,sha256:5a7c15a24b7de1d3cacd44eee2cddaee8e5d032677257b75716baec5e0057db7,IMAGE,linux,s390x,"",0,CASE,"",""
cp.icr.io,cp/redis-db-5.0.9,1.5.2,sha256:a26c743d2c1dc90b4ed452ca679435186496a152275dda79765c75761b17db6d,LIST,"","","",0,CASE,"",""
cp.icr.io,cp/redis-db-5.0.9,1.5.2-amd64,sha256:ad023f1f4493fe94186627217fbdb8c1020f86082a8d5848dfdc81245fdcfa1e,IMAGE,linux,amd64,"",0,CASE,"",""
cp.icr.io,cp/redis-db-5.0.9,1.5.2-ppc64le,sha256:52d276ef2c94e9cd8c089dce4be3f595df95bd7f59ad05e9f1ea5148da697e16,IMAGE,linux,ppc64le,"",0,CASE,"",""
cp.icr.io,cp/redis-db-5.0.9,1.5.2-s390x,sha256:97eb3461b7328880cedaf6ede87cb0964e93d8765c494e2baec6c4ae1d0e8413,IMAGE,linux,s390x,"",0,CASE,"",""
cp.icr.io,cp/redis-mgmt-5.0.9,1.5.2,sha256:d3531a3d860d3a3b619477094f5e3ca79453f53fde23c3beeb3d9c3e92ab7db8,LIST,"","","",0,CASE,"",""
cp.icr.io,cp/redis-mgmt-5.0.9,1.5.2-amd64,sha256:f6964350ffa9de00cf72ec9c222e1451d42f5124d7a06fd48f840a199af52941,IMAGE,linux,amd64,"",0,CASE,"",""
cp.icr.io,cp/redis-mgmt-5.0.9,1.5.2-ppc64le,sha256:b82797060882c8aae90b6c49725897330ce64cf2e858711b52f9166669b39f7c,IMAGE,linux,ppc64le,"",0,CASE,"",""
cp.icr.io,cp/redis-mgmt-5.0.9,1.5.2-s390x,sha256:2560e75a25d80207b9b0f63895db5ace274c9dba2d0cf52cca3aba889b3d16dc,IMAGE,linux,s390x,"",0,CASE,"",""
cp.icr.io,cp/redis-proxy-5.0.9,1.5.2,sha256:10bbfa923ba2faa142ba097b9b79a5b086121b4b0c1ad9a7d4681f8b83ae065f,LIST,"","","",0,CASE,"",""
cp.icr.io,cp/redis-proxy-5.0.9,1.5.2-amd64,sha256:a82d3ee7986bba708f2831fef5292f6ff8cda9d6f2f50e869ea6fe62b2407c80,IMAGE,linux,amd64,"",0,CASE,"",""
cp.icr.io,cp/redis-proxy-5.0.9,1.5.2-ppc64le,sha256:42db1354e6aaa7a95944be9efb7349b88c0c797b23384aff9a1d1d9d6ad25d5a,IMAGE,linux,ppc64le,"",0,CASE,"",""
cp.icr.io,cp/redis-proxy-5.0.9,1.5.2-s390x,sha256:1af6dcba7d3d7aef1dc4c47d77a55b3b22b1d3c64af326178af2a606c8629e55,IMAGE,linux,s390x,"",0,CASE,"",""
cp.icr.io,cp/redis-proxylog-5.0.9,1.5.2,sha256:8ddc9f9122f73c610f633903ad7c94607bbae8de33a6d1bc307edce0d127b94c,LIST,"","","",0,CASE,"",""
cp.icr.io,cp/redis-proxylog-5.0.9,1.5.2-amd64,sha256:52ad192f0da278ac85d52a55773ec7ef8d26bcd54ca15d586924baa662e122b3,IMAGE,linux,amd64,"",0,CASE,"",""
cp.icr.io,cp/redis-proxylog-5.0.9,1.5.2-ppc64le,sha256:481aee901f8edb5e8cc187fa311184b9453fbd5044739637294b4ea38cf4fcc8,IMAGE,linux,ppc64le,"",0,CASE,"",""
cp.icr.io,cp/redis-proxylog-5.0.9,1.5.2-s390x,sha256:35acedc13766a18a03404df564ea8b4b83e663756b7b2adf085b4cb7e38eab0a,IMAGE,linux,s390x,"",0,CASE,"",""
cp.icr.io,cp/redis-db-5.0.14,1.5.3,sha256:44796bdf3526c2709e1be8494db21afac64a8364e404e4515844f0dcd564e452,LIST,"","","",0,CASE,"",""
cp.icr.io,cp/redis-db-5.0.14,1.5.3-amd64,sha256:bbc9af54906647e392e1ac3aff32a508427cd8bd08407c8f14c8ecf62f613c24,IMAGE,linux,amd64,"",0,CASE,"",""
cp.icr.io,cp/redis-db-5.0.14,1.5.3-ppc64le,sha256:7f98eb7dca1ccc8b1132318484c00d1babc71857809e549e0e2da2f4e4886ad5,IMAGE,linux,ppc64le,"",0,CASE,"",""
cp.icr.io,cp/redis-db-5.0.14,1.5.3-s390x,sha256:11be33dc60222b2ad6a50c507c35f440ae01b7ebc22e30b874c19c07af4dc5b2,IMAGE,linux,s390x,"",0,CASE,"",""
cp.icr.io,cp/redis-mgmt-5.0.14,1.5.3,sha256:94899dad963f5d5dbba5fa4cc410976cda850767dd132360c5acf4c208e9cf08,LIST,"","","",0,CASE,"",""
cp.icr.io,cp/redis-mgmt-5.0.14,1.5.3-amd64,sha256:71e4fefb7c8f9879aa959363b9ac6deb01117add9149f6acfa8d02f5b7ec56a7,IMAGE,linux,amd64,"",0,CASE,"",""
cp.icr.io,cp/redis-mgmt-5.0.14,1.5.3-ppc64le,sha256:889b63a935cd5e4c05b4c3e9710e243f7d031d69726800a5fff13d9c6b583223,IMAGE,linux,ppc64le,"",0,CASE,"",""
cp.icr.io,cp/redis-mgmt-5.0.14,1.5.3-s390x,sha256:9773d0d0d85316a8a0f0d16ef66945a5ac0b9c39e35716efb270906063b75c3c,IMAGE,linux,s390x,"",0,CASE,"",""
cp.icr.io,cp/redis-proxy-5.0.14,1.5.3,sha256:372261ddf07c66bd98f5e80308239d5e12d492e423f2e446b4b17a9c8f3f16f8,LIST,"","","",0,CASE,"",""
cp.icr.io,cp/redis-proxy-5.0.14,1.5.3-amd64,sha256:fe7631ff7fcf4b05f80c9750bec91c6f55de88bdaf21bb4d2c6a65ad05ad446c,IMAGE,linux,amd64,"",0,CASE,"",""
cp.icr.io,cp/redis-proxy-5.0.14,1.5.3-ppc64le,sha256:79149d6d67279a74b4458e89bbe8c1592b2f1f7dd7b2bbde3d7c72e2c611f53e,IMAGE,linux,ppc64le,"",0,CASE,"",""
cp.icr.io,cp/redis-proxy-5.0.14,1.5.3-s390x,sha256:2ba4b45472b9498f0821d6fe4395e085897aefc53eee42dbc2ba800b5a3ecd7c,IMAGE,linux,s390x,"",0,CASE,"",""
cp.icr.io,cp/redis-proxylog-5.0.14,1.5.3,sha256:89f4da1d23662c6c7565a58a660f030897d2886ef76d234daf9e7183353b1737,LIST,"","","",0,CASE,"",""
cp.icr.io,cp/redis-proxylog-5.0.14,1.5.3-amd64,sha256:5b3a35a3820190e298db0acbde379c3097b1ea442a9aba6eae5c6d2ca006eb55,IMAGE,linux,amd64,"",0,CASE,"",""
cp.icr.io,cp/redis-proxylog-5.0.14,1.5.3-ppc64le,sha256:af75b5990cd3b9492c172b4d4b408feace69cfb89520d0722645d25b680eddf3,IMAGE,linux,ppc64le,"",0,CASE,"",""
cp.icr.io,cp/redis-proxylog-5.0.14,1.5.3-s390x,sha256:88e3beef3a6b9d9e52dbedca701f63af6caa89bcdd321360e1ba22eea7aec4dc,IMAGE,linux,s390x,"",0,CASE,"",""
cp.icr.io,cp/redis-db-5.0.9,1.5.3,sha256:91eb3342571ebc805addd6c8b8e305ade3d6b839eb5ed9db1e6d017d676dc400,LIST,"","","",0,CASE,"",""
cp.icr.io,cp/redis-db-5.0.9,1.5.3-amd64,sha256:d828e9563b18e948872fcf0cff90483a35281c72bbab85f0aa02652d5d9ae4d1,IMAGE,linux,amd64,"",0,CASE,"",""
cp.icr.io,cp/redis-db-5.0.9,1.5.3-ppc64le,sha256:568c7b1c6c406aab52b86ff05cc8c7366395f75ec56018facd4ef4443ad897a1,IMAGE,linux,ppc64le,"",0,CASE,"",""
cp.icr.io,cp/redis-db-5.0.9,1.5.3-s390x,sha256:1509c9212494f5c11183e43186d4d66756829f1373c00a4da05aacb734e3cc96,IMAGE,linux,s390x,"",0,CASE,"",""
cp.icr.io,cp/redis-mgmt-5.0.9,1.5.3,sha256:e3bbadc82e493ef16d8c309a3446f56319a52bcef952c21d4a38da9a94d6d8c0,LIST,"","","",0,CASE,"",""
cp.icr.io,cp/redis-mgmt-5.0.9,1.5.3-amd64,sha256:8a5ce54155c2a924001b8a728b2fccb121e073e991dea938f6f1c12f04c5265e,IMAGE,linux,amd64,"",0,CASE,"",""
cp.icr.io,cp/redis-mgmt-5.0.9,1.5.3-ppc64le,sha256:c36d915f459128406a6bb79840c4081f89a67e54763dcfd47b238d691898f656,IMAGE,linux,ppc64le,"",0,CASE,"",""
cp.icr.io,cp/redis-mgmt-5.0.9,1.5.3-s390x,sha256:9fb6ba831671e1834d4a627f6739cbf819d80d2ab7ae064a2f2993db8f9b2acf,IMAGE,linux,s390x,"",0,CASE,"",""
cp.icr.io,cp/redis-proxy-5.0.9,1.5.3,sha256:00cd82f060fff495c38655e62a94f8b29bac4a676ad50564a0bdf75bf6add5a0,LIST,"","","",0,CASE,"",""
cp.icr.io,cp/redis-proxy-5.0.9,1.5.3-amd64,sha256:2d25270ecd3b80c10e77e2c385dc408ef42780ad8a8d0d474e53d575e8b9a96d,IMAGE,linux,amd64,"",0,CASE,"",""
cp.icr.io,cp/redis-proxy-5.0.9,1.5.3-ppc64le,sha256:8eaadc25abb2d8958a0b3f2245022430963252ba9a80d594d4b65ee74c9d900c,IMAGE,linux,ppc64le,"",0,CASE,"",""
cp.icr.io,cp/redis-proxy-5.0.9,1.5.3-s390x,sha256:254dc30491345563873cad5cdc76ccc2074ab7e0737e2e7d66ee8f6de1a70835,IMAGE,linux,s390x,"",0,CASE,"",""
cp.icr.io,cp/redis-proxylog-5.0.9,1.5.3,sha256:29f98cea0eb85ac1bbfb328aca7a92a4acf05f0319f4f1edbfc01eb7b3dd14e9,LIST,"","","",0,CASE,"",""
cp.icr.io,cp/redis-proxylog-5.0.9,1.5.3-amd64,sha256:7a20346457783c282ca9f1b20bd8c14302681934831c66a456ad11cd58b27701,IMAGE,linux,amd64,"",0,CASE,"",""
cp.icr.io,cp/redis-proxylog-5.0.9,1.5.3-ppc64le,sha256:a392681663ca021469274fc37ea63d71952f4139976902e58213e99aa9b5d724,IMAGE,linux,ppc64le,"",0,CASE,"",""
cp.icr.io,cp/redis-proxylog-5.0.9,1.5.3-s390x,sha256:2247ab7e482a01c55ba4d97ac593baa28c419f40b26efa5f97740109f62e9939,IMAGE,linux,s390x,"",0,CASE,"",""
icr.io,cpopen/ibm-cloud-databases-redis-operator,1.2.3,sha256:fa4883c3b1f72771accf1ba122a4f37233b16d68c8dc58f4525300b470158c3e,LIST,"","","",0,CASE,"",""
icr.io,cpopen/ibm-cloud-databases-redis-operator,1.2.3-amd64,sha256:de6affff9d17f82740cdd090a1bd3adb164abd5049f87bc357ef036db0228dec,IMAGE,linux,amd64,"",0,CASE,"",""
icr.io,cpopen/ibm-cloud-databases-redis-operator,1.2.3-s390x,sha256:d845a8d7c87fbb9c0e747410d4b7ecc2142529b40ea495668129cb1258cfeeb2,IMAGE,linux,s390x,"",0,CASE,"",""
icr.io,cpopen/ibm-cloud-databases-redis-operator,1.3.0,sha256:55ea726ad0722af6db43304766cd868d6f8c24cc1ce2f4c30e32d62a4e631192,LIST,"","","",0,CASE,"",""
icr.io,cpopen/ibm-cloud-databases-redis-operator,1.3.0-amd64,sha256:5c309f7aedbd62f0cb68bc0992b4edd4714f59b97cd9370715c5eda1dd6f73f5,IMAGE,linux,amd64,"",0,CASE,"",""
icr.io,cpopen/ibm-cloud-databases-redis-operator,1.3.0-s390x,sha256:7c26a44812dfd615d3a5b66f822d97b9d61ad3e03f3cf2c3155cf04075aee423,IMAGE,linux,s390x,"",0,CASE,"",""
icr.io,cpopen/ibm-cloud-databases-redis-operator,1.3.1,sha256:fc49f7e2ad11771df2702d46bbbf999897b0c1688ebf237aad0b2c5634b294d9,LIST,"","","",0,CASE,"",""
icr.io,cpopen/ibm-cloud-databases-redis-operator,1.3.1-amd64,sha256:c0a46e7cce2fdd8fc119fb4f9e54ed58250a70201ceef53e6d2a85d6fadd85f7,IMAGE,linux,amd64,"",0,CASE,"",""
icr.io,cpopen/ibm-cloud-databases-redis-operator,1.3.1-s390x,sha256:06b35c322fa0c409885103ab7f4a2d6f722076cdccff974c7fd8f78271824644,IMAGE,linux,s390x,"",0,CASE,"",""
icr.io,cpopen/ibm-cloud-databases-redis-operator,1.3.2,sha256:d3b2d598a71197f7e8627d954bac1844b2ec7d5e74db73398c9f35e30439937e,LIST,"","","",0,CASE,"",""
icr.io,cpopen/ibm-cloud-databases-redis-operator,1.3.2-amd64,sha256:25dd6d58a872e204531560b07c262969c893c5d00fbb490561bac88fa548031d,IMAGE,linux,amd64,"",0,CASE,"",""
icr.io,cpopen/ibm-cloud-databases-redis-operator,1.3.2-s390x,sha256:ff11c61dd96b2783e4b3485c40e62bc9401a235483aa2f3c9268b77cc574116a,IMAGE,linux,s390x,"",0,CASE,"",""
icr.io,cpopen/ibm-cloud-databases-redis-operator,1.3.3,sha256:28cdc84626c1101d00576b0a1bcdbdf77e8feccfa3477875eaf1392e3f8e1b31,LIST,"","","",0,CASE,"",""
icr.io,cpopen/ibm-cloud-databases-redis-operator,1.3.3-amd64,sha256:7c30bb8ba171240d7275c35126154d87bdc405bec8e58c93ce03052c97d1ec20,IMAGE,linux,amd64,"",0,CASE,"",""
icr.io,cpopen/ibm-cloud-databases-redis-operator,1.3.3-s390x,sha256:dd498ab8d902da938d7bd80f28de6a47c6aedd9c09a113eac0218dd943320fad,IMAGE,linux,s390x,"",0,CASE,"",""
icr.io,cpopen/ibm-cloud-databases-redis-operator,1.4.0,sha256:e06afe0e558004173aa1b31ee454c6bd3278d8071ceb123747da9fdca086e749,LIST,"","","",0,CASE,"",""
icr.io,cpopen/ibm-cloud-databases-redis-operator,1.4.0-amd64,sha256:b06d61c4c7509c6fcf1e688ee1d39e4572b62d898f9607db8806da402cf72aba,IMAGE,linux,amd64,"",0,CASE,"",""
icr.io,cpopen/ibm-cloud-databases-redis-operator,1.4.0-s390x,sha256:348d2349297de614c83097435d7e2e284e0be73dea92588e671b27fdc28ecd6e,IMAGE,linux,s390x,"",0,CASE,"",""
icr.io,cpopen/ibm-cloud-databases-redis-operator,1.4.1,sha256:24bf6d82f39fceaab576de5664555d73c66cad07801b36774a49d5e0ca4729e8,LIST,"","","",0,CASE,"",""
icr.io,cpopen/ibm-cloud-databases-redis-operator,1.4.1-amd64,sha256:d645684c7c359d1bb0212deb81420fbfcd2e5accc3c4579d0eab7ce0ff7cbb36,IMAGE,linux,amd64,"",0,CASE,"",""
icr.io,cpopen/ibm-cloud-databases-redis-operator,1.4.1-ppc64le,sha256:00e763e2d5b2234128904899362e1b5ea82e2dd52a3c854a6ba8f26107ab947a,IMAGE,linux,ppc64le,"",0,CASE,"",""
icr.io,cpopen/ibm-cloud-databases-redis-operator,1.4.1-s390x,sha256:0a2fbf9013d8e8fd28613ba182384873ff8ea17592312b99b06101c108cf33e3,IMAGE,linux,s390x,"",0,CASE,"",""
icr.io,cpopen/ibm-cloud-databases-redis-operator,1.4.2,sha256:1390e546516fea85f010cc3e515f1d980c609626e8a5b2162ea10b6b4e25f61a,LIST,"","","",0,CASE,"",""
icr.io,cpopen/ibm-cloud-databases-redis-operator,1.4.2-amd64,sha256:24e69f7945f18d4c84d5eabb88c42b987995508b0b8fddd1b92bdc86bf561eaf,IMAGE,linux,amd64,"",0,CASE,"",""
icr.io,cpopen/ibm-cloud-databases-redis-operator,1.4.2-ppc64le,sha256:ac30d78092d41a456ead6417a390f549310b6ef4516ee90a51adf4d034f39810,IMAGE,linux,ppc64le,"",0,CASE,"",""
icr.io,cpopen/ibm-cloud-databases-redis-operator,1.4.2-s390x,sha256:5bd1dd86e0f796230e90b1f94ba385054b54da08e5a6e623d625396a08e195c3,IMAGE,linux,s390x,"",0,CASE,"",""
icr.io,cpopen/ibm-cloud-databases-redis-operator,1.4.3,sha256:3b6523aa8bfe5347f249b74d1ad7ed4348175e1fb4e3b8e373343ae5232a40c7,LIST,"","","",0,CASE,"",""
icr.io,cpopen/ibm-cloud-databases-redis-operator,1.4.3-amd64,sha256:a8e1a11134c9c2572d1bce63d6f86766041134eb51c0acffd3c94293eeb307f6,IMAGE,linux,amd64,"",0,CASE,"",""
icr.io,cpopen/ibm-cloud-databases-redis-operator,1.4.3-ppc64le,sha256:70440288c6a76acb61cc6fc08c0c4e7adafffa4d5145e5bf45300b293bb342db,IMAGE,linux,ppc64le,"",0,CASE,"",""
icr.io,cpopen/ibm-cloud-databases-redis-operator,1.4.3-s390x,sha256:284d9c856ae4453cb979fb55abdb4382951f07e06dead8ab47a4d40247638ab5,IMAGE,linux,s390x,"",0,CASE,"",""
icr.io,cpopen/ibm-cloud-databases-redis-operator,1.5.0,sha256:7aa31922c925c2aaa9402a38532c42356f7d88d3004471f80e8af831767f7027,LIST,"","","",0,CASE,"",""
icr.io,cpopen/ibm-cloud-databases-redis-operator,1.5.0-amd64,sha256:938f2dee7a052800b02bd9facce4ed747cf3aa85a8c3a3e299a68053dfd7b3e7,IMAGE,linux,amd64,"",0,CASE,"",""
icr.io,cpopen/ibm-cloud-databases-redis-operator,1.5.0-ppc64le,sha256:8d2e7f14cf78025009872e1f642b1af7dcb4baa22342cd3f9df52546df12837d,IMAGE,linux,ppc64le,"",0,CASE,"",""
icr.io,cpopen/ibm-cloud-databases-redis-operator,1.5.0-s390x,sha256:065abc3c8fb82a855faf6cc8c1d90b4eb6aa6ac38b0b2d36282985c11f21e34b,IMAGE,linux,s390x,"",0,CASE,"",""
icr.io,cpopen/ibm-cloud-databases-redis-operator,1.5.1,sha256:86df1f1f262f0f412c47b7e60ebd9afc023daee17f77ec32630523aa5efd0505,LIST,"","","",0,CASE,"",""
icr.io,cpopen/ibm-cloud-databases-redis-operator,1.5.1-amd64,sha256:58e588f567b588bab7503fe8a063008cb60ca06812af4dba69de43590114c3d6,IMAGE,linux,amd64,"",0,CASE,"",""
icr.io,cpopen/ibm-cloud-databases-redis-operator,1.5.1-ppc64le,sha256:a3e27a9b3888cb66a08f36a283e3d21c0c35c1e9417ab79e6a048ab3de8f7696,IMAGE,linux,ppc64le,"",0,CASE,"",""
icr.io,cpopen/ibm-cloud-databases-redis-operator,1.5.1-s390x,sha256:37f9ead6973c7ec2756a753e1b00ff238ee011609996c09ca49b18b3488fb7e6,IMAGE,linux,s390x,"",0,CASE,"",""
icr.io,cpopen/ibm-cloud-databases-redis-operator,1.5.2,sha256:1fba267ce1704bcbd8f1f53c4a2c7f8e8c588d596b2ba73ff9f8168692f6b16f,LIST,"","","",0,CASE,"",""
icr.io,cpopen/ibm-cloud-databases-redis-operator,1.5.2-amd64,sha256:cf4daeb42763e5ebcdb11ab92e2245a40a3c2383d9267ddf8f7163ce0bccffdc,IMAGE,linux,amd64,"",0,CASE,"",""
icr.io,cpopen/ibm-cloud-databases-redis-operator,1.5.2-ppc64le,sha256:0c82e5f75302aa0aa7c1e0af74628ec8d7cf9ff85cde9c3b1b5b3a18fd47c2a1,IMAGE,linux,ppc64le,"",0,CASE,"",""
icr.io,cpopen/ibm-cloud-databases-redis-operator,1.5.2-s390x,sha256:437c550f774e705cae502d272c733a539b3f187c96d725632a7187f764bd97d4,IMAGE,linux,s390x,"",0,CASE,"",""
icr.io,cpopen/ibm-cloud-databases-redis-operator,1.5.3,sha256:4eb629410db2c8227d7009cc2aa98f38d730fb92c8fef827ef08f0d85d31dcb8,LIST,"","","",0,CASE,"",""
icr.io,cpopen/ibm-cloud-databases-redis-operator,1.5.3-amd64,sha256:d26ebb6739df6eec84a1813198fb42193c8d8bd9cbfeebb873bc57ced2ac232a,IMAGE,linux,amd64,"",0,CASE,"",""
icr.io,cpopen/ibm-cloud-databases-redis-operator,1.5.3-ppc64le,sha256:77adf16ab6f895dee31affff60ef8936d393d4cf2a8bcc789d3b46d0e31f5efe,IMAGE,linux,ppc64le,"",0,CASE,"",""
icr.io,cpopen/ibm-cloud-databases-redis-operator,1.5.3-s390x,sha256:459cb9f2c51d6c19ee58aa1fcfb3e2a089d4572d4ed233012d286305debaf122,IMAGE,linux,s390x,"",0,CASE,"",""
icr.io,cpopen/ibm-cloud-databases-redis-operator-bundle,1.2.3,sha256:1dc186b706b0c1831ff3f5f36e941f717f3002104bb81284214e7a7b028c043b,LIST,"","","",0,CASE,olm-bundle,""
icr.io,cpopen/ibm-cloud-databases-redis-operator-bundle,1.2.3-amd64,sha256:dd68aa2c36b7cd8239c4838f271e87f9583b58953223e17a84e4fca79a8d954c,IMAGE,linux,amd64,"",0,CASE,olm-bundle,""
icr.io,cpopen/ibm-cloud-databases-redis-operator-bundle,1.2.3-s390x,sha256:8fe8864e4eed21bdfaaf2fc7d43557a3a8f487e6cf503667e7661b983af0fe68,IMAGE,linux,s390x,"",0,CASE,olm-bundle,""
icr.io,cpopen/ibm-cloud-databases-redis-operator-bundle,1.3.0,sha256:9c76481268c91ffb96248b7de3f6272ced5dd57e68f167d1e18dc10f958fe132,IMAGE,linux,amd64,"",0,CASE,olm-bundle,""
icr.io,cpopen/ibm-cloud-databases-redis-operator-bundle,1.3.1,sha256:1ab793bb20dcbece6cdacdb7d383ab4fbb601886749bdf5f67e7991e87f1fff7,IMAGE,linux,amd64,"",0,CASE,olm-bundle,""
icr.io,cpopen/ibm-cloud-databases-redis-operator-bundle,1.3.2,sha256:241c6a04a6cb61f9d460fed88d3069137027cc5c2bd16fb224c759d4354685ca,IMAGE,linux,amd64,"",0,CASE,olm-bundle,""
icr.io,cpopen/ibm-cloud-databases-redis-operator-bundle,1.3.3,sha256:00587c1db5d17f19db49e86cb3adde018e3c5def790d4af8a65c679fc062c09d,IMAGE,linux,amd64,"",0,CASE,olm-bundle,""
icr.io,cpopen/ibm-cloud-databases-redis-operator-bundle,1.4.0,sha256:154af7578bbfe09c396255f501b40888cda9367c0da7b8bdb96f82edf55dfbe5,IMAGE,linux,amd64,"",0,CASE,olm-bundle,""
icr.io,cpopen/ibm-cloud-databases-redis-operator-bundle,1.4.1,sha256:ea303e9e410c003e04f6c1883b89750e1cd793223204406b7277292ba5b91bd6,IMAGE,linux,amd64,"",0,CASE,olm-bundle,""
icr.io,cpopen/ibm-cloud-databases-redis-operator-bundle,1.4.2,sha256:9e9c187a25a2e7ab48c5a27bcd75d0a615da63ab9cc02d17409a9e86f424d2d6,IMAGE,linux,amd64,"",0,CASE,olm-bundle,""
icr.io,cpopen/ibm-cloud-databases-redis-operator-bundle,1.4.3,sha256:4be197bf1d42d928203a469c534bafac75dc2baa23cc36700ef734ce3a44a44c,IMAGE,linux,amd64,"",0,CASE,olm-bundle,""
icr.io,cpopen/ibm-cloud-databases-redis-operator-bundle,1.5.0,sha256:1aee1e01741a6d66817d1bf44e11938926a5c0caf2bd49b99979f90a638b6427,IMAGE,linux,amd64,"",0,CASE,olm-bundle,""
icr.io,cpopen/ibm-cloud-databases-redis-operator-bundle,1.5.1,sha256:a6ff0fd1dea515ddfa66f6bc66af8f0b0ae9abbac4bc9275acbb5c10fe66f063,IMAGE,linux,amd64,"",0,CASE,olm-bundle,""
icr.io,cpopen/ibm-cloud-databases-redis-operator-bundle,1.5.2,sha256:77f570e558658db5f6b55eedf5f4c4735afb37ee13edf611d09be9825d8a8a7e,IMAGE,linux,amd64,"",0,CASE,olm-bundle,""
icr.io,cpopen/ibm-cloud-databases-redis-operator-bundle,1.5.3,sha256:c5614ceb10210cf7d1aa54cd2819178d6d2d9a356e33aa1ba615dd2e2b7ec42f,IMAGE,linux,amd64,"",0,CASE,olm-bundle,""
icr.io,cpopen/ibm-cloud-databases-redis-catalog,1.5.3,sha256:a787e47b2c86acad65060c565ed513b623dd016d743ccf62b98dbb5b96f8e860,LIST,"","","",0,CASE,olm-catalog,""
icr.io,cpopen/ibm-cloud-databases-redis-catalog,1.5.3-amd64,sha256:017f14861afa2d74c3fb0f51e44ca3eb130ff4a07b14338ee23f9bf2a8c2a129,IMAGE,linux,amd64,"",0,CASE,olm-catalog,""
icr.io,cpopen/ibm-cloud-databases-redis-catalog,1.5.3-s390x,sha256:b7000002836d7b4770064977a01459562442ff5a93b5cc019c14c6da2b7b34a5,IMAGE,linux,s390x,"",0,CASE,olm-catalog,""
icr.io,cpopen/ibm-cloud-databases-redis-catalog,1.5.3-ppc64le,sha256:7eb3f8dba00cbdd6ce5b7942496b25ba04f15a4dbede184e6c5284e8441280cb,IMAGE,linux,ppc64le,"",0,CASE,olm-catalog,""
