registry,image_name,tag,digest,mtype,os,arch,variant,insecure,digest_source,image_type,groups
icr.io,cpopen/ibm-bts-operator,3.20.0,sha256:ea97a6bbfdd0aee12d04afe9b0b84f9729afdb1fed4e29b00bfed7fc512f7a57,LIST,"","","",0,CASE,"",""
icr.io,cpopen/ibm-bts-operator,3.20.0-amd64,sha256:94561ab97cf339e6d3c52d91cd739a4b0fd3e4d9236b896ffadc3fa46638791e,IMAGE,linux,amd64,"",0,CASE,"",""
icr.io,cpopen/ibm-bts-operator,3.20.0-s390x,sha256:d9539c5912a6bc3e7c6fd7ee4b9e03428ecbf06eef1fcbe8930981297cfee4c5,IMAGE,linux,s390x,"",0,CASE,"",""
icr.io,cpopen/ibm-bts-operator,3.20.0-ppc64le,sha256:039eed7af66549347d05d68bf1ccb35dfe46bac99c2a72cdd4f5363b591c77fa,IMAGE,linux,ppc64le,"",0,CASE,"",""
icr.io,cpopen/cpfs/ibm-bts-tls-init,3.20.0,sha256:613f9e26e2ef9352502cd04ed6b4e69cbfd0c888b8d740ba760f14ec95bda5c8,LIST,"","","",0,CASE,"",""
icr.io,cpopen/cpfs/ibm-bts-tls-init,3.20.0-amd64,sha256:e07754178290619e8a609b838a3621eb3f7211ee238a9ad346c2164bcc937537,IMAGE,linux,amd64,"",0,CASE,"",""
icr.io,cpopen/cpfs/ibm-bts-tls-init,3.20.0-s390x,sha256:0b2bc2ac908206838fdd64862e3b7d00e1be1260982094626814540d7e4f133f,IMAGE,linux,s390x,"",0,CASE,"",""
icr.io,cpopen/cpfs/ibm-bts-tls-init,3.20.0-ppc64le,sha256:a1a1df79e20f7a496632100b686d98b4c9045d62dab8d21f0d7a011dd10fcb1e,IMAGE,linux,ppc64le,"",0,CASE,"",""
icr.io,cpopen/cpfs/ibm-bts,3.20.0,sha256:e39b00a0e814c3ee626968f9abfeed34a64abd6d38f2f3888c0eb70dc4407a88,LIST,"","","",0,CASE,"",""
icr.io,cpopen/cpfs/ibm-bts,3.20.0-amd64,sha256:989e480647522a615ac3b30725c665b223cbc182bed3ee54c835b988831124a6,IMAGE,linux,amd64,"",0,CASE,"",""
icr.io,cpopen/cpfs/ibm-bts,3.20.0-s390x,sha256:50cd6b2d12025f1d459d3e3d5e1582fa03c39995a8e9cc0415669cca125cb12f,IMAGE,linux,s390x,"",0,CASE,"",""
icr.io,cpopen/cpfs/ibm-bts,3.20.0-ppc64le,sha256:cf5a6581ce48565ce725e405cac6177d6df6e9e82cfefd6e1738e50e233b6fe9,IMAGE,linux,ppc64le,"",0,CASE,"",""
icr.io,cpopen/ibm-bts-operator-bundle,3.20.0,sha256:10248680cc450207c1324233b3547d58900e0bd0873827208716e223c1b44c47,IMAGE,linux,amd64,"",0,CASE,olm-bundle,""
icr.io,cpopen/ibm-bts-operator-catalog,3.20.0,sha256:6fb709566a67d1a4b29d2764c91caee742768607f69f1a286d8cbe9a9effb09c,LIST,"","","",0,CASE,olm-catalog,""
icr.io,cpopen/ibm-bts-operator-catalog,3.20.0-amd64,sha256:8b7212e1516365939a577436b7aea36b9b2f5557d19877517b7a2bfc193c1680,IMAGE,linux,amd64,"",0,CASE,olm-catalog,""
icr.io,cpopen/ibm-bts-operator-catalog,3.20.0-s390x,sha256:7956d937c3e6213c79a4d2a5459331e8a53e722adc9e36ec62e4631eec3c5e6b,IMAGE,linux,s390x,"",0,CASE,olm-catalog,""
icr.io,cpopen/ibm-bts-operator-catalog,3.20.0-ppc64le,sha256:c2cb41532cac7a3f1086d7ae5edf2c5d2626f2998810640631cb63172e97c4bf,IMAGE,linux,ppc64le,"",0,CASE,olm-catalog,""
