registry,image_name,tag,digest,mtype,os,arch,variant,insecure,digest_source,image_type,groups
icr.io,cpopen/common-service-operator,3.20.1,sha256:4aec1b2bd7aa6ea4f89e23d6f7c6c5448863ff0974da1baf2171b6bd29d3c579,LIST,"","","",0,CASE,"",""
icr.io,cpopen/common-service-operator,3.20.1-amd64,sha256:24d5c94e88bd3b9128bdc3f200c913e6ac933ac02db7deaea0b55f685946b4eb,IMAGE,linux,amd64,"",0,CASE,"",""
icr.io,cpopen/common-service-operator,3.20.1-ppc64le,sha256:8e55dd9685b79e3f43870a4a4908b94382226a2bf3d4df5eaa0d89a006f962f9,IMAGE,linux,ppc64le,"",0,CASE,"",""
icr.io,cpopen/common-service-operator,3.20.1-s390x,sha256:432990279f614f20f341e3cefa0d32255e8ddaa7382cc1a2183538fbaf88db3e,IMAGE,linux,s390x,"",0,CASE,"",""
icr.io,cpopen/cpfs/ibm-secretshare-operator,1.17.0,sha256:68a0589c834d0a9a112a7736c2538949e9ea70fdb6ef94165145819b101bb1e4,LIST,"","","",0,CASE,"",""
icr.io,cpopen/cpfs/ibm-secretshare-operator,1.17.0-amd64,sha256:ce1684cd788d3eae7f0558089f2854b869ccbefd0f3eb5546c840da60db332fb,IMAGE,linux,amd64,"",0,CASE,"",""
icr.io,cpopen/cpfs/ibm-secretshare-operator,1.17.0-ppc64le,sha256:19ed111013cdfdc887baf1d5703ed5f4fa8339e1f5758ecd695891e631ddb69e,IMAGE,linux,ppc64le,"",0,CASE,"",""
icr.io,cpopen/cpfs/ibm-secretshare-operator,1.17.0-s390x,sha256:e1d1119211ca922a61100c7053c45e6d56bd71954771fa11f77730b15f818624,IMAGE,linux,s390x,"",0,CASE,"",""
icr.io,cpopen/cpfs/ibm-cs-webhook,1.16.0,sha256:06a9b64a854d431267c4e27ef1f416d64d10c39e4b2faefaba4a2ac715728a28,LIST,"","","",0,CASE,"",""
icr.io,cpopen/cpfs/ibm-cs-webhook,1.16.0-amd64,sha256:46874084828e7ce079619aaf5e38dc3f2f12d9eddf1a43fe75a738617bcf7b3d,IMAGE,linux,amd64,"",0,CASE,"",""
icr.io,cpopen/cpfs/ibm-cs-webhook,1.16.0-ppc64le,sha256:6bc26caed4b1a8a13a13cfe02d4ef86b9274c372d2198d2047e23d0e7b6d23e9,IMAGE,linux,ppc64le,"",0,CASE,"",""
icr.io,cpopen/cpfs/ibm-cs-webhook,1.16.0-s390x,sha256:c3796ec7c900bd0e4a95a55734efd8f0d37eec20283b723a1741f443d88ef781,IMAGE,linux,s390x,"",0,CASE,"",""
icr.io,cpopen/ibm-namespace-scope-operator,1.14.0,sha256:90764adb7a2e3d6ad8ca821f2d83e86965e0b43e5c50351eabcaca88850be778,LIST,"","","",0,CASE,"",""
icr.io,cpopen/ibm-namespace-scope-operator,1.14.0-amd64,sha256:d0a0936b00facc20a5e419a9efb480c8a30c8f638009affd9b75d74bcf297911,IMAGE,linux,amd64,"",0,CASE,"",""
icr.io,cpopen/ibm-namespace-scope-operator,1.14.0-ppc64le,sha256:f00475fa13c9a8aa43f5bb153fa5e02f67c26aa6715525d4c53f4a7fd4809a70,IMAGE,linux,ppc64le,"",0,CASE,"",""
icr.io,cpopen/ibm-namespace-scope-operator,1.14.0-s390x,sha256:e95c9eed2115ca42e42e68212b701cb7b0335d3a5a397de3846ac7cd331dd0dd,IMAGE,linux,s390x,"",0,CASE,"",""
icr.io,cpopen/ibm-common-service-catalog,v3.20.1-20220817.000000-000000000,sha256:9a42de26366cf209a9dcc3b3dddc405b3a6dc079d8d81ae19c4c228f9347e530,LIST,"","","",0,CASE,olm-catalog,""
icr.io,cpopen/ibm-common-service-catalog,v3.20.1-20220817.000000-000000000-linux.amd64,sha256:858370b444decc9e2817737caeae405fdc85f6d5ac9a7726ef8246901cd251ff,IMAGE,linux,amd64,"",0,CASE,olm-catalog,""
icr.io,cpopen/ibm-common-service-catalog,v3.20.1-20220817.000000-000000000-linux.ppc64le,sha256:a3dd1a25a4be011efc026572c6ad3100e8dcc2f84c90e1abfcd3bccbce73646c,IMAGE,linux,ppc64le,"",0,CASE,olm-catalog,""
icr.io,cpopen/ibm-common-service-catalog,v3.20.1-20220817.000000-000000000-linux.s390x,sha256:a29883ee2d08a5f72976193842daaa240ac34dae1a7e2b4afbefa74f25d5861e,IMAGE,linux,s390x,"",0,CASE,olm-catalog,""
icr.io,cpopen/ibm-iam-operator-bundle,3.20.1,sha256:c63fdfbbeb3314d3ee889bee86139aa0bf6dd4a69f7e63139b6608abae0b3e56,IMAGE,linux,amd64,"",0,CASE,olm-bundle,""
icr.io,cpopen/ibm-common-service-operator-bundle,3.20.1,sha256:454cc80fd5fd33fdb95e31bd536e97903af5ee930a0cd0dfc95bdd3ffce7bc33,IMAGE,linux,amd64,"",0,CASE,olm-bundle,""
icr.io,cpopen/ibm-commonui-operator-bundle,1.18.1,sha256:b122cc9f9a13a6e3a3b80c773a477c84ea3e8ba691a4e43571717cf19fed6773,IMAGE,linux,amd64,"",0,CASE,olm-bundle,""
icr.io,cpopen/ibm-licensing-operator-bundle,1.17.0,sha256:923406df41c0146f5d51a927a90d162dd281bb17898ff50d3535efa3e3307303,IMAGE,linux,amd64,"",0,CASE,olm-bundle,""
icr.io,cpopen/ibm-mongodb-operator-bundle,1.15.0,sha256:e0e0027238ff9fdc92ba4b2ac54731c32512fbb83f76f6d835eb5a393cfd2de6,IMAGE,linux,amd64,"",0,CASE,olm-bundle,""
icr.io,cpopen/ibm-monitoring-grafana-operator-bundle,1.24.0,sha256:e608d7a60de4b11f9ab9c52af4a127b42783d1fd5bb43613696098adcd9acc31,IMAGE,linux,amd64,"",0,CASE,olm-bundle,""
icr.io,cpopen/operand-deployment-lifecycle-manager-bundle,1.18.0,sha256:a6f0409033e2df649bde97d6b84d8bd1d42bf8d2f1f22802fc8396293125c331,IMAGE,linux,amd64,"",0,CASE,olm-bundle,""
icr.io,cpopen/ibm-platform-api-operator-bundle,3.22.0,sha256:8dc39856a1b30bc3f5ae828565724ca63d7e62c7976afa3340101aadb7578219,IMAGE,linux,amd64,"",0,CASE,olm-bundle,""
icr.io,cpopen/ibm-ingress-nginx-operator-bundle,1.17.1,sha256:14879c85693b39a755f0bb2b22c527f239b29524aca91394a4811ef1b8e60219,IMAGE,linux,amd64,"",0,CASE,olm-bundle,""
icr.io,cpopen/ibm-management-ingress-operator-bundle,1.17.0,sha256:608402b545a4c0d0e45feb60ccdfa864d26421fd93b3b2d0cfcf6f73fa10bb97,IMAGE,linux,amd64,"",0,CASE,olm-bundle,""
icr.io,cpopen/ibm-cert-manager-operator-bundle,3.22.0,sha256:23019cab388ad28360d152c7f9393ded23e3684c0a025ae330fec7b4fae8313e,IMAGE,linux,amd64,"",0,CASE,olm-bundle,""
icr.io,cpopen/ibm-auditlogging-operator-bundle,3.22.0,sha256:51d5696421518848f147b18162ca941dbeb4e16a3adee627f2b5e0e2bcd33d44,IMAGE,linux,amd64,"",0,CASE,olm-bundle,""
icr.io,cpopen/ibm-healthcheck-operator-bundle,3.21.0,sha256:83eba96145adf75330e74c65f0b093e3b3e294b56c0365867ac3582f53eb6430,IMAGE,linux,amd64,"",0,CASE,olm-bundle,""
icr.io,cpopen/ibm-namespace-scope-operator-bundle,1.14.0,sha256:2d25bed693988487bd627e7288340bf34832aecfbae9e08dfe09d06df63eba23,IMAGE,linux,amd64,"",0,CASE,olm-bundle,""
icr.io,cpopen/ibm-namespace-scope-operator-restricted-bundle,1.14.0,sha256:a853bf191b27efd2cf22dfa7dfda1abc2fe23cd8510902bf16b7457697f94d79,IMAGE,linux,amd64,"",0,CASE,olm-bundle,""
icr.io,cpopen/ibm-events-operator-bundle,4.2.1,sha256:dd62ae82a4981cd9c11b8c52b6c92398da6cd5b5208fe305e9ead3b57aa4fabe,IMAGE,linux,amd64,"",0,CASE,olm-bundle,""
icr.io,cpopen/ibm-zen-operator-bundle,1.7.1,sha256:921e4b972451b70de47f78ee3a5ff8c10a8d9890128cc70974ef15278f32e570,IMAGE,linux,amd64,"",0,CASE,olm-bundle,""
icr.io,cpopen/ibm-crossplane-operator-bundle,1.9.0,sha256:5d2ee6304a6232a808fcdcff6fefb7046f04df8f3111ca3295fb29278724cc91,IMAGE,linux,amd64,"",0,CASE,olm-bundle,""
icr.io,cpopen/ibm-zen-cpp-operator-bundle,1.7.0,sha256:784ef98c749b3fff4e14545e0f6258b74a4cb81f61926d4aa03dfdcebd3b7fba,IMAGE,linux,amd64,"",0,CASE,olm-bundle,""
icr.io,cpopen/ibm-crossplane-provider-ibm-cloud-operator-bundle,1.9.0,sha256:eeb7f44f6c6fab4e41aa5cd69c89e0df919a0c04b76a639dee1109c54402592b,IMAGE,linux,amd64,"",0,CASE,olm-bundle,""
icr.io,cpopen/ibm-crossplane-provider-kubernetes-operator-bundle,1.9.0,sha256:7d72835202941bce9268a75a6c959f9800ae565a29f78fe65421cce7d9937095,IMAGE,linux,amd64,"",0,CASE,olm-bundle,""
icr.io,cpopen/ibm-zen-operator,1.7.1,sha256:c39189a775e54af23f9f2928bff4a7101cda3717b15fe84c79a273f337ac08b2,LIST,"","","",0,CASE,"",""
icr.io,cpopen/ibm-zen-operator,1.7.1-amd64,sha256:4570f5c0d610c312f89f2dce180466fb3eac0bbcad853f07d5de5bab89f51caa,IMAGE,linux,amd64,"",0,CASE,"",""
icr.io,cpopen/ibm-zen-operator,1.7.1-ppc64le,sha256:a4a5e51c3e3b889b51cc8591d1f226bda4df06801a5e90714321fc337b6d9795,IMAGE,linux,ppc64le,"",0,CASE,"",""
icr.io,cpopen/ibm-zen-operator,1.7.1-s390x,sha256:303cfbd3894024593862b9b7c9111933ef6ea2cda6b124436872520d4c4109b5,IMAGE,linux,s390x,"",0,CASE,"",""
icr.io,cpopen/odlm,1.18.0,sha256:20e38328f722edecb121d98013a55e2683da55fd14069ae448b1b3b416a833ed,LIST,"","","",0,CASE,"",""
icr.io,cpopen/odlm,1.18.0-amd64,sha256:481c46e60a4858dbbdeea465922f60819fb2c1a3ff4a4aeeffe1bd2be5262132,IMAGE,linux,amd64,"",0,CASE,"",""
icr.io,cpopen/odlm,1.18.0-ppc64le,sha256:93b5dc25fbd949a4837a81cbd2129a1bf890c10446bdce09a83eabb40bc38db1,IMAGE,linux,ppc64le,"",0,CASE,"",""
icr.io,cpopen/odlm,1.18.0-s390x,sha256:d64bbebc81a1c8180f9e47144c2e508a7d94c04a7576a0c91e1c075c3cf92bad,IMAGE,linux,s390x,"",0,CASE,"",""
