registry,image_name,tag,digest,mtype,os,arch,variant,insecure,digest_source,image_type,groups
icr.io,cpopen/ibm-cert-manager-operator,3.22.0,sha256:22385451c9c30b335b0ba8af3bbef21d6b9cef448bc04ba2816f25b7ddc308e9,LIST,"","","",0,CASE,"",""
icr.io,cpopen/ibm-cert-manager-operator,3.22.0-amd64,sha256:c8acb846134e4935f324c1606b221e2a9138bb3e9f1182f680ef67a2422a68e6,IMAGE,linux,amd64,"",0,CASE,"",""
icr.io,cpopen/ibm-cert-manager-operator,3.22.0-ppc64le,sha256:888217cba7a40b60aff0fd11f15a2eb8ea3ec4acb7536a0482060661302e84e7,IMAGE,linux,ppc64le,"",0,CASE,"",""
icr.io,cpopen/ibm-cert-manager-operator,3.22.0-s390x,sha256:e4d29c7ab4f78cd14ad102b9edc106480b8e1dd1f1f54c2152e7625af44c3a01,IMAGE,linux,s390x,"",0,CASE,"",""
icr.io,cpopen/cpfs/icp-cert-manager-controller,1.8.0-jetstack.1.7.1,sha256:1927c16a4dd369c56fa6d2d1897d3ea3d333a3217b8c05ea32b6617c94833a0e,LIST,"","","",0,CASE,"",""
icr.io,cpopen/cpfs/icp-cert-manager-controller,1.8.0-jetstack.1.7.1-amd64,sha256:b2f2f9ae6874a446be22dca91742fc01f1b98264f6d82315f2abd6411bf49e57,IMAGE,linux,amd64,"",0,CASE,"",""
icr.io,cpopen/cpfs/icp-cert-manager-controller,1.8.0-jetstack.1.7.1-ppc64le,sha256:54b7854ceaccba0fd177c910cac728d1975602745bb1ad4e71e05a9a1c18c114,IMAGE,linux,ppc64le,"",0,CASE,"",""
icr.io,cpopen/cpfs/icp-cert-manager-controller,1.8.0-jetstack.1.7.1-s390x,sha256:e84f4e115fb77436be4aca0ae171b34b24925315d2c7a426923da86a8311ac02,IMAGE,linux,s390x,"",0,CASE,"",""
icr.io,cpopen/cpfs/icp-cert-manager-webhook,1.8.0-jetstack.1.7.1,sha256:ee855ea1124b62fd987d0bbc1281b2461b668d186e32680aa94405a1d3887c95,LIST,"","","",0,CASE,"",""
icr.io,cpopen/cpfs/icp-cert-manager-webhook,1.8.0-jetstack.1.7.1-amd64,sha256:c5697a05fdbc4cd370f8e1cbc574e31fe75ca8c935dc474ab6034c74c9c259e9,IMAGE,linux,amd64,"",0,CASE,"",""
icr.io,cpopen/cpfs/icp-cert-manager-webhook,1.8.0-jetstack.1.7.1-ppc64le,sha256:b7de77a264295f4700b228d6b99dab288cb4b5c4dcc2df4d44ff58304bca33b0,IMAGE,linux,ppc64le,"",0,CASE,"",""
icr.io,cpopen/cpfs/icp-cert-manager-webhook,1.8.0-jetstack.1.7.1-s390x,sha256:8e6f644dc2f2ac6ad3e22348beff13b2a7e02666a2c8a0300b4ce2f702f4e81d,IMAGE,linux,s390x,"",0,CASE,"",""
icr.io,cpopen/cpfs/icp-cert-manager-cainjector,1.8.0-jetstack.1.7.1,sha256:7cd781565acd3ddd0d9270ae6ea156f2254d67d1bb9d794ba9ad3a180e784772,LIST,"","","",0,CASE,"",""
icr.io,cpopen/cpfs/icp-cert-manager-cainjector,1.8.0-jetstack.1.7.1-amd64,sha256:619273fa6b82067c7f08154c36da979134a08cac37f7cf6d0a014e457408b8b0,IMAGE,linux,amd64,"",0,CASE,"",""
icr.io,cpopen/cpfs/icp-cert-manager-cainjector,1.8.0-jetstack.1.7.1-ppc64le,sha256:9940f67a937025ab1c3bee3f52d545c64e96aecc030cf6fb55068685ab3a7639,IMAGE,linux,ppc64le,"",0,CASE,"",""
icr.io,cpopen/cpfs/icp-cert-manager-cainjector,1.8.0-jetstack.1.7.1-s390x,sha256:629305d9ad670eecdb5ba5b5741350242a9d33ae8008111e18a08c57cb3449e3,IMAGE,linux,s390x,"",0,CASE,"",""
icr.io,cpopen/cpfs/icp-cert-manager-acmesolver,1.8.0-jetstack.1.7.1,sha256:e8f50ee7b08dc96627e138e9b0d98ed5848c7b4ad92491962c13ef32b2866591,LIST,"","","",0,CASE,"",""
icr.io,cpopen/cpfs/icp-cert-manager-acmesolver,1.8.0-jetstack.1.7.1-amd64,sha256:3f7107a9815b96b08720cc6f3d806dc133021b4dc006759ffc4445fda45b246e,IMAGE,linux,amd64,"",0,CASE,"",""
icr.io,cpopen/cpfs/icp-cert-manager-acmesolver,1.8.0-jetstack.1.7.1-ppc64le,sha256:ad6e9e9c14dad91845ace80f537a22312c94c0535da8d965b7d2d18cfdde9051,IMAGE,linux,ppc64le,"",0,CASE,"",""
icr.io,cpopen/cpfs/icp-cert-manager-acmesolver,1.8.0-jetstack.1.7.1-s390x,sha256:ebc1a84cf7f6259bdf090787e6376d53a25c419d71e60a6fc9001b8da3b61aa9,IMAGE,linux,s390x,"",0,CASE,"",""
icr.io,cpopen/cpfs/icp-configmap-watcher,3.16.1,sha256:06ed51096667d185094c72b02768f7400fd0b22cea66bfe74a8865b28420660e,LIST,"","","",0,CASE,"",""
icr.io,cpopen/cpfs/icp-configmap-watcher,3.16.1-amd64,sha256:aeabc12f546b39f677a583da6a18942b2bb1792aea939a81fa4e5da4dbfeee0a,IMAGE,linux,amd64,"",0,CASE,"",""
icr.io,cpopen/cpfs/icp-configmap-watcher,3.16.1-ppc64le,sha256:c7b5227f6d9c5615774883bf0c68fe1a980f7ca398043114dd5fb3cc81cb8f3b,IMAGE,linux,ppc64le,"",0,CASE,"",""
icr.io,cpopen/cpfs/icp-configmap-watcher,3.16.1-s390x,sha256:6da27b5b851c20533b0a6eed219d512e8bcd1bf3cf813b0ef66643d15371f773,IMAGE,linux,s390x,"",0,CASE,"",""
