registry,image_name,tag,digest,mtype,os,arch,variant,insecure,digest_source,image_type,groups
icr.io,cpopen/iaf-insights-engine-operator-bundle,1.0.0,sha256:fdd0bf19716a979f674c729002bafa731baecf19fbb82c237743859dced2c8d1,LIST,"","","",0,CASE,olm-bundle,""
icr.io,cpopen/iaf-insights-engine-operator-bundle,1.0.0-amd64,sha256:263c7cc07893012e4cdf464b0957fbc58ebfcaaac36133916c4b85d14a52e07b,IMAGE,linux,amd64,"",0,CASE,olm-bundle,""
icr.io,cpopen/iaf-insights-engine-operator-bundle,1.0.0-s390x,sha256:795ad6d273ea24606bb1f20ca6b8e646def6a49e991533ff7850ec81ada76617,IMAGE,linux,s390x,"",0,CASE,olm-bundle,""
icr.io,cpopen/iaf-insights-engine-operator-bundle,1.0.0-ppc64le,sha256:ef32be9776c11e356996efe5b58a114c7696ffc1c2e2d843f3cab01a77280e94,IMAGE,linux,ppc64le,"",0,CASE,olm-bundle,""
icr.io,cpopen/iaf-insights-engine-operator-bundle,1.3.1,sha256:91c649590e58520c2f68e9b804c093b8a3d7b143a9658abfe36ffa6337851433,LIST,"","","",0,CASE,olm-bundle,""
icr.io,cpopen/iaf-insights-engine-operator-bundle,1.3.1-amd64,sha256:e2f679d3d0846c605cac44d53b7d434b28fe892ba60352c15e865b18f0fc87c4,IMAGE,linux,amd64,"",0,CASE,olm-bundle,""
icr.io,cpopen/iaf-insights-engine-operator-bundle,1.3.1-s390x,sha256:79288da454dc80e0555e4a1c1a81ede9bb7aebb75e7856563347d797193e4815,IMAGE,linux,s390x,"",0,CASE,olm-bundle,""
icr.io,cpopen/iaf-insights-engine-operator-bundle,1.3.1-ppc64le,sha256:919dd7975278306eec590f8606050b6e73b68bed5a8dc23567ff074d3472d4f1,IMAGE,linux,ppc64le,"",0,CASE,olm-bundle,""
icr.io,cpopen/iaf-insights-engine-operator-bundle,1.3.2,sha256:cdb5242c20f71fb3aad6b1a5f73727333693b7640f6832f3a68bc07bf8a61d92,LIST,"","","",0,CASE,olm-bundle,""
icr.io,cpopen/iaf-insights-engine-operator-bundle,1.3.2-amd64,sha256:21dff963dc9e03c02307cb385415cd4194a6c7e8d86b1fcb649229c6d840a53b,IMAGE,linux,amd64,"",0,CASE,olm-bundle,""
icr.io,cpopen/iaf-insights-engine-operator-bundle,1.3.2-s390x,sha256:6da8eae6973973777a73a1ad1b0638fd5f5c56cabec106206bc2222dac0e9414,IMAGE,linux,s390x,"",0,CASE,olm-bundle,""
icr.io,cpopen/iaf-insights-engine-operator-bundle,1.3.2-ppc64le,sha256:50f7f174d6b2988730612c7ee71af11c4c0042f44414a9ed5a295d388674589b,IMAGE,linux,ppc64le,"",0,CASE,olm-bundle,""
icr.io,cpopen/iaf-insights-engine-operator-bundle,1.3.3,sha256:95d0c41f98cedbf137cc9410cb30d5f089704e176f21d13905cdfbefe4f9070a,LIST,"","","",0,CASE,olm-bundle,""
icr.io,cpopen/iaf-insights-engine-operator-bundle,1.3.3-amd64,sha256:005a641627771807960877809571a155a27c8d8a225533cde438c8149336e733,IMAGE,linux,amd64,"",0,CASE,olm-bundle,""
icr.io,cpopen/iaf-insights-engine-operator-bundle,1.3.3-s390x,sha256:494d1ea99e793664fad7d1b5d1000cc942b31f75532d162912360fd47fe3c97d,IMAGE,linux,s390x,"",0,CASE,olm-bundle,""
icr.io,cpopen/iaf-insights-engine-operator-bundle,1.3.3-ppc64le,sha256:95f2e27acf53400dadf6be3a245b58043edb43fd6ba85affe922e2e3cf39122b,IMAGE,linux,ppc64le,"",0,CASE,olm-bundle,""
icr.io,cpopen/iaf-insights-engine-operator-bundle,1.3.4,sha256:6f777c7c7ebcbdd512a52e9290f2324a35438a3fe40fe4a65f5ec9908bf0af14,LIST,"","","",0,CASE,olm-bundle,""
icr.io,cpopen/iaf-insights-engine-operator-bundle,1.3.4-amd64,sha256:e518b826d3b9535f73faac98edbff0f9e4a0989dd70d3d124305c09319be2ffb,IMAGE,linux,amd64,"",0,CASE,olm-bundle,""
icr.io,cpopen/iaf-insights-engine-operator-bundle,1.3.4-s390x,sha256:45364f62cb494cbed20426c0170fe349f8b5b97c204f8d3e93472268e7e951bc,IMAGE,linux,s390x,"",0,CASE,olm-bundle,""
icr.io,cpopen/iaf-insights-engine-operator-bundle,1.3.4-ppc64le,sha256:e3d6acc6064caa088f33462a7a1089bb8688a873b107bba03eb0dbc755c1598b,IMAGE,linux,ppc64le,"",0,CASE,olm-bundle,""
icr.io,cpopen/iaf-insights-engine-operator-bundle,1.3.5,sha256:383259dc6d7b816e745d4317e8be1b187c10ec3c5caf8c75644917e5c021e39f,LIST,"","","",0,CASE,olm-bundle,""
icr.io,cpopen/iaf-insights-engine-operator-bundle,1.3.5-amd64,sha256:399053022e352d5717c94169862ab53daec37d53f2825648e890f05c6d5da0d8,IMAGE,linux,amd64,"",0,CASE,olm-bundle,""
icr.io,cpopen/iaf-insights-engine-operator-bundle,1.3.5-s390x,sha256:55d4b7edebf15e6a4c13cb4c1e829d094149aeeaff7973db4db217fc58dc28fd,IMAGE,linux,s390x,"",0,CASE,olm-bundle,""
icr.io,cpopen/iaf-insights-engine-operator-bundle,1.3.5-ppc64le,sha256:c52182e555a4e489c3a069442f12a251e69c106629d6c4335038b48a508d8328,IMAGE,linux,ppc64le,"",0,CASE,olm-bundle,""
icr.io,cpopen/iaf-insights-engine-operator-bundle,1.3.6,sha256:67dc6df1e541459b4d998c02d62eb9c99f20f16e9f89484bd1cca889cdf8a4c3,LIST,"","","",0,CASE,olm-bundle,""
icr.io,cpopen/iaf-insights-engine-operator-bundle,1.3.6-amd64,sha256:d30c5680e6c54ea6489379ac83edbface097e1ed64fc4418ba3a7046a7a9e2d8,IMAGE,linux,amd64,"",0,CASE,olm-bundle,""
icr.io,cpopen/iaf-insights-engine-operator-bundle,1.3.6-s390x,sha256:0ed9df562a3d259c8b34559f4a7c549c4f8c482a3590f81c0732acc364053797,IMAGE,linux,s390x,"",0,CASE,olm-bundle,""
icr.io,cpopen/iaf-insights-engine-operator-bundle,1.3.6-ppc64le,sha256:bd59130615954ef47a0412fb1100928618a083dcb8fea7202d849c70d141f695,IMAGE,linux,ppc64le,"",0,CASE,olm-bundle,""
icr.io,cpopen/iaf-insights-engine-operator-bundle,1.3.7,sha256:e99e88032695c746772da7536db0de2a5a6ae64d34d58774cebdd9679a44cf5b,LIST,"","","",0,CASE,olm-bundle,""
icr.io,cpopen/iaf-insights-engine-operator-bundle,1.3.7-amd64,sha256:39a9cde386fdbfb19b342d47486032b37f7010c3508f57f3abef12cf98327233,IMAGE,linux,amd64,"",0,CASE,olm-bundle,""
icr.io,cpopen/iaf-insights-engine-operator-bundle,1.3.7-s390x,sha256:d000a1c80828a1d96bf24826fa8d653cf864627fc1dbdcba869c5e2303b62791,IMAGE,linux,s390x,"",0,CASE,olm-bundle,""
icr.io,cpopen/iaf-insights-engine-operator-bundle,1.3.7-ppc64le,sha256:4977962df73780cdaeefa97de94f3957c2f37bcafecea01877989cfe4825276e,IMAGE,linux,ppc64le,"",0,CASE,olm-bundle,""
icr.io,cpopen/iaf-insights-engine-operator-bundle,1.3.8,sha256:17cf010b0143a29ddf6a0d2d1690a9cfa4147d73e1b1c086db6736931af0500c,LIST,"","","",0,CASE,olm-bundle,""
icr.io,cpopen/iaf-insights-engine-operator-bundle,1.3.8-amd64,sha256:072795221e218e217db9e0e03222024b24165a46a7357243ef8ff5dcace2af31,IMAGE,linux,amd64,"",0,CASE,olm-bundle,""
icr.io,cpopen/iaf-insights-engine-operator-bundle,1.3.8-s390x,sha256:8ba0b35a493c2983cd274acf20e2c30bc791f74c91e8899216cca76ffc421f1a,IMAGE,linux,s390x,"",0,CASE,olm-bundle,""
icr.io,cpopen/iaf-insights-engine-operator-bundle,1.3.8-ppc64le,sha256:accc8efc252cd1122df6bd358d66198a4649fd432081009bb6ea13bda0a6ab3a,IMAGE,linux,ppc64le,"",0,CASE,olm-bundle,""
icr.io,cpopen/iaf-insights-engine-operator,1.0.0-amd64,sha256:b0a970c64803f6d4dbb9c00739eb3b6360fbf65191bf218895c605edae77086f,IMAGE,linux,amd64,"",0,CASE,"",""
icr.io,cpopen/iaf-insights-engine-operator,1.0.0-s390x,sha256:f8f8f6cf8fb5116fb28e37ba966b07614ecf448796392a7945fd16779d011809,IMAGE,linux,s390x,"",0,CASE,"",""
icr.io,cpopen/iaf-insights-engine-operator,1.0.0-ppc64le,sha256:8ba314c6649c6be5f7c939b9d210a6f16e548efcb7fe7c7a226e5377f4ad25c1,IMAGE,linux,ppc64le,"",0,CASE,"",""
icr.io,cpopen/iaf-insights-engine-operator,1.3.1-amd64,sha256:f668b862a71060b510b8dc7727061c76cdf6bb7647ce42d554132b1c052fb4a5,IMAGE,linux,amd64,"",0,CASE,"",""
icr.io,cpopen/iaf-insights-engine-operator,1.3.1-s390x,sha256:8d97f47f462d2f649d4cefef827d8a4da5bb558d420c285a33b5641e673ae26b,IMAGE,linux,s390x,"",0,CASE,"",""
icr.io,cpopen/iaf-insights-engine-operator,1.3.1-ppc64le,sha256:a84485f3764638bd88be928feff505c485f1a0275965572d32d61a19548e8f05,IMAGE,linux,ppc64le,"",0,CASE,"",""
icr.io,cpopen/iaf-insights-engine-operator,1.3.2-amd64,sha256:df1932d4bcf05a280b181a1a916a8d67b237bb9e944c237213eb1507e1412430,IMAGE,linux,amd64,"",0,CASE,"",""
icr.io,cpopen/iaf-insights-engine-operator,1.3.2-s390x,sha256:cc9ffe2f0f676795f36981624f2c978071f00c48317a2c69ce1c3d160a6eaf29,IMAGE,linux,s390x,"",0,CASE,"",""
icr.io,cpopen/iaf-insights-engine-operator,1.3.2-ppc64le,sha256:53cfe074fdb78764f4218ed91f403ba6250bbb7053d4a666241e5aaf76ca55a1,IMAGE,linux,ppc64le,"",0,CASE,"",""
icr.io,cpopen/iaf-insights-engine-operator,1.3.3-amd64,sha256:792715be4bdd409fad55c5f88c9135d9b3ec629cef5b7c61b5a98d404ac62cc2,IMAGE,linux,amd64,"",0,CASE,"",""
icr.io,cpopen/iaf-insights-engine-operator,1.3.3-s390x,sha256:32ea8a0a597bde4a80c6b16c784ad5102596caaa74c05136081e37efaa525f86,IMAGE,linux,s390x,"",0,CASE,"",""
icr.io,cpopen/iaf-insights-engine-operator,1.3.3-ppc64le,sha256:acef3f87bcf04c0b89783bc16472dcca5cc87923b8613045148c5e4b472566fc,IMAGE,linux,ppc64le,"",0,CASE,"",""
icr.io,cpopen/iaf-insights-engine-operator,1.3.4-amd64,sha256:319b1c6ca7c390446fd3c0be4ca12c3813d3817ea2480089e4116bcad1843c37,IMAGE,linux,amd64,"",0,CASE,"",""
icr.io,cpopen/iaf-insights-engine-operator,1.3.4-s390x,sha256:f9813cbe79130e3712835665f5dc4eec060616a44fceb07b8049eafb8f3f0fb5,IMAGE,linux,s390x,"",0,CASE,"",""
icr.io,cpopen/iaf-insights-engine-operator,1.3.4-ppc64le,sha256:d59af988bee82ab11251ccfca5648972a9b5d73e86edfc2e2c9bbd9fa1599436,IMAGE,linux,ppc64le,"",0,CASE,"",""
icr.io,cpopen/iaf-insights-engine-operator,1.3.5-amd64,sha256:e13b08ad7fcaef8328970aab7fd6328ab293b130ac972d72bb764543633d4817,IMAGE,linux,amd64,"",0,CASE,"",""
icr.io,cpopen/iaf-insights-engine-operator,1.3.5-s390x,sha256:a1121e94cb7460be99ed1cf8a3b051c7edc513a24b615aee9da931ab5fc8ed6a,IMAGE,linux,s390x,"",0,CASE,"",""
icr.io,cpopen/iaf-insights-engine-operator,1.3.5-ppc64le,sha256:62d96dc8abdefacd333319cbd1cd70508f4fdd4fa09aed3d6213cf70476ebb6f,IMAGE,linux,ppc64le,"",0,CASE,"",""
icr.io,cpopen/iaf-insights-engine-operator,1.3.6-amd64,sha256:18f2d68ed975fb05183318d1ac04d7d8738e9d50562ae1e63044dcfc98f28c86,IMAGE,linux,amd64,"",0,CASE,"",""
icr.io,cpopen/iaf-insights-engine-operator,1.3.6-s390x,sha256:a1b3ffca730f80b132756e9f4092b4a5b655d828d6c25b24be4d12ae30a59eb3,IMAGE,linux,s390x,"",0,CASE,"",""
icr.io,cpopen/iaf-insights-engine-operator,1.3.6-ppc64le,sha256:4069efcf7c5e821e4c8cb2aaa378f26826f147846763dd582955764570321245,IMAGE,linux,ppc64le,"",0,CASE,"",""
icr.io,cpopen/iaf-insights-engine-operator,1.3.7-amd64,sha256:2e1610b59dc6dd3d0c3e02d8daef41ca5f91ac0c979f6eb5be029151c67b08f4,IMAGE,linux,amd64,"",0,CASE,"",""
icr.io,cpopen/iaf-insights-engine-operator,1.3.7-s390x,sha256:141a0fffe75bbaa71e4d4ba2be612f46fa91bffbc935d1bf00ccaf5f34637fe1,IMAGE,linux,s390x,"",0,CASE,"",""
icr.io,cpopen/iaf-insights-engine-operator,1.3.7-ppc64le,sha256:9fe925d47d16efd484e5894d4138cd37450c5e364e15a7252edbe1a9b65af6a3,IMAGE,linux,ppc64le,"",0,CASE,"",""
icr.io,cpopen/iaf-insights-engine-operator,1.3.8-amd64,sha256:41216e8aa857c335f35a2b883d66c9f1982c1db0f4777cc527009289303544a4,IMAGE,linux,amd64,"",0,CASE,"",""
icr.io,cpopen/iaf-insights-engine-operator,1.3.8-s390x,sha256:8ec18fd006c20c7766e41f290fca06cc56eb3ec72906ce3accc73ae1e5fd9ce5,IMAGE,linux,s390x,"",0,CASE,"",""
icr.io,cpopen/iaf-insights-engine-operator,1.3.8-ppc64le,sha256:16bcdebb8908f62b07fd2710b146ed944dfba33333a1df4bfa9991a09a729055,IMAGE,linux,ppc64le,"",0,CASE,"",""
cp.icr.io,cp/iaf-insights-engine-management,1.0.0-amd64,sha256:165fa1b43f28a667da2090c7ad5762f743333733116f90a1238dba6b4bad95d0,IMAGE,linux,amd64,"",0,CASE,"",""
cp.icr.io,cp/iaf-insights-engine-management,1.0.0-s390x,sha256:308c15a4d5db7e8271570a84d22c277da4af1941fe6e0129af24e79697b70e0b,IMAGE,linux,s390x,"",0,CASE,"",""
cp.icr.io,cp/iaf-insights-engine-management,1.0.0-ppc64le,sha256:1d7b6b2f31e10de4e44ae547a42833447bb0453c6560809caedd075ec5e3360a,IMAGE,linux,ppc64le,"",0,CASE,"",""
cp.icr.io,cp/iaf-insights-engine-management,1.0.1-amd64,sha256:4b88f286cf82a1a64ffbffc6cc05d6cf5621198015595bdafbaa167892321496,IMAGE,linux,amd64,"",0,CASE,"",""
cp.icr.io,cp/iaf-insights-engine-management,1.0.1-s390x,sha256:024f1484e687651a3476aa240402e9495bd2ba2a09dc42caaa5d93ae881adefc,IMAGE,linux,s390x,"",0,CASE,"",""
cp.icr.io,cp/iaf-insights-engine-management,1.0.1-ppc64le,sha256:86d4b957669db778ba4a6bcf43084b4db535fdde2122ff419b3d9f4eecd68eae,IMAGE,linux,ppc64le,"",0,CASE,"",""
cp.icr.io,cp/iaf-insights-engine-management,1.0.2-amd64,sha256:2449333624adcd57db1b7c3fabb8768e2e4a9a53154ce41faa02a029b0d07186,IMAGE,linux,amd64,"",0,CASE,"",""
cp.icr.io,cp/iaf-insights-engine-management,1.0.2-s390x,sha256:adcccfecb17d9dde0bcc6c811c9c2cc76262b3e2505638b2119b3511f7f39724,IMAGE,linux,s390x,"",0,CASE,"",""
cp.icr.io,cp/iaf-insights-engine-management,1.0.2-ppc64le,sha256:5b11acd7f76ef625298988170a92b83fcbd90c597ee1b1e3c3d6c4ccae72b562,IMAGE,linux,ppc64le,"",0,CASE,"",""
cp.icr.io,cp/iaf-insights-engine-management,1.0.3-amd64,sha256:3d4341de8e4afb8a317a3db124f86bd8b7e6bb2ce5b3862227529321771eae93,IMAGE,linux,amd64,"",0,CASE,"",""
cp.icr.io,cp/iaf-insights-engine-management,1.0.3-s390x,sha256:aa892d46be1853fe84a6678ff15153c362e6d412fba446d4e45ae91bba816612,IMAGE,linux,s390x,"",0,CASE,"",""
cp.icr.io,cp/iaf-insights-engine-management,1.0.3-ppc64le,sha256:878f68a260c41ece3b12b708cddbaa9f952ab0001bb88c41b34032f8c46c69a0,IMAGE,linux,ppc64le,"",0,CASE,"",""
cp.icr.io,cp/iaf-insights-engine-management,1.0.4-amd64,sha256:3ff50895ef00c545ad2e8a1878dfdbd9dd5bbd91e7df222310031d7989ba24af,IMAGE,linux,amd64,"",0,CASE,"",""
cp.icr.io,cp/iaf-insights-engine-management,1.0.4-s390x,sha256:903a5d42f09212a22bfdf39acc0223d597e1d5a5e8f327b899aeaca5d16464a2,IMAGE,linux,s390x,"",0,CASE,"",""
cp.icr.io,cp/iaf-insights-engine-management,1.0.4-ppc64le,sha256:34138340e5b0a5fb7546e117205c9b9f465cc1f29360c20143a5ddd73c5b54b2,IMAGE,linux,ppc64le,"",0,CASE,"",""
cp.icr.io,cp/iaf-insights-engine-management,1.0.5-amd64,sha256:0ecb4373b655317dcec7890fb02d47f362c448399571c12eaa1927907a675071,IMAGE,linux,amd64,"",0,CASE,"",""
cp.icr.io,cp/iaf-insights-engine-management,1.0.5-s390x,sha256:54b9274732f4dc0c4065f3b45e89aefad70d2bcbd8cabbced6fd6bee7f287225,IMAGE,linux,s390x,"",0,CASE,"",""
cp.icr.io,cp/iaf-insights-engine-management,1.0.5-ppc64le,sha256:90a217873b0cc8c2a4fd08a95d05ca0bba1d86ea15945f64daac85f7bf2a8317,IMAGE,linux,ppc64le,"",0,CASE,"",""
cp.icr.io,cp/iaf-insights-engine-management,1.0.6-amd64,sha256:5b77b79f790517f35fecc8b51ccc1ca2f9225ce80956eee2384bdce8fc7bccfa,IMAGE,linux,amd64,"",0,CASE,"",""
cp.icr.io,cp/iaf-insights-engine-management,1.0.6-s390x,sha256:948c3cc3ffebd9169fe04494fbeb53b74bc1f6abe5a7824e57c2c394df2c350d,IMAGE,linux,s390x,"",0,CASE,"",""
cp.icr.io,cp/iaf-insights-engine-management,1.0.6-ppc64le,sha256:7d75e820e353f39fe290b96c555347c6a7d27ec6ca699569a57f4ec5de971408,IMAGE,linux,ppc64le,"",0,CASE,"",""
cp.icr.io,cp/iaf-insights-engine-management,1.0.7-amd64,sha256:c6878f1e9b2c20f5aeba0fb7f7cd9e5f5759367cb0a80888b556d15dcbff2d77,IMAGE,linux,amd64,"",0,CASE,"",""
cp.icr.io,cp/iaf-insights-engine-management,1.0.7-s390x,sha256:1bbca771bf6585d7c0dc9988aa1e47ea812c299f8166eb9a55e1e67e0cb7f7db,IMAGE,linux,s390x,"",0,CASE,"",""
cp.icr.io,cp/iaf-insights-engine-management,1.0.7-ppc64le,sha256:81924dbf525b5bcf20d2ec7b3dc3009671f79443998d76a054becf59b91eb6fd,IMAGE,linux,ppc64le,"",0,CASE,"",""
cp.icr.io,cp/iaf-insights-engine-management,1.0.8-amd64,sha256:9ce9e7e3ead82df735833b1bcce6f007a9c1ef22e27060bdcc155e57e9893f15,IMAGE,linux,amd64,"",0,CASE,"",""
cp.icr.io,cp/iaf-insights-engine-management,1.0.8-s390x,sha256:e4b6131ae34b63515c35840c38edb2de3e2e144557f15eb038000da05ffd899e,IMAGE,linux,s390x,"",0,CASE,"",""
cp.icr.io,cp/iaf-insights-engine-management,1.0.8-ppc64le,sha256:74a24b0d11e7cd5f06a62c28831cd1fbaa9b0ea4a5b148ad3209b84f59e30a5a,IMAGE,linux,ppc64le,"",0,CASE,"",""
cp.icr.io,cp/iaf-insights-engine-management-backend,1.0.0-amd64,sha256:ca5fd9a21422b60a4592ef7f8c76f3196e556c50b02eb09a23d32a53f812d77c,IMAGE,linux,amd64,"",0,CASE,"",""
cp.icr.io,cp/iaf-insights-engine-management-backend,1.0.0-s390x,sha256:a68c189b796d049e6f1f8487050609d28d1867f69e9fa3d2b69e2aa064140a2c,IMAGE,linux,s390x,"",0,CASE,"",""
cp.icr.io,cp/iaf-insights-engine-management-backend,1.0.0-ppc64le,sha256:f3e413e16e3b724e0a74a9ff2988eb4d2a508056d61765d1111edf0c200fbec1,IMAGE,linux,ppc64le,"",0,CASE,"",""
cp.icr.io,cp/iaf-insights-engine-management-backend,1.0.1-amd64,sha256:9b2f93f1fd00a2c8e94015e264c13027807cd0cfe1fb6f5ba8f09f756428e239,IMAGE,linux,amd64,"",0,CASE,"",""
cp.icr.io,cp/iaf-insights-engine-management-backend,1.0.1-s390x,sha256:873d148c0c9a558a05d1a1175bde3845f0167257a99b8dfd7c90693d0ee46d2d,IMAGE,linux,s390x,"",0,CASE,"",""
cp.icr.io,cp/iaf-insights-engine-management-backend,1.0.1-ppc64le,sha256:ea8258c570658ea3cea6d9d931130b856958f970e9bc520fef029504b6074fbc,IMAGE,linux,ppc64le,"",0,CASE,"",""
cp.icr.io,cp/iaf-insights-engine-management-backend,1.0.2-amd64,sha256:e6fb2a3f6867794455e4765bc6ef4892c1887b47ec47afa4e25da14b58fabe43,IMAGE,linux,amd64,"",0,CASE,"",""
cp.icr.io,cp/iaf-insights-engine-management-backend,1.0.2-s390x,sha256:12ed9d0247433f5a3f650509b2d358a7a417161145ac4211bd9b3b7f46aaef4f,IMAGE,linux,s390x,"",0,CASE,"",""
cp.icr.io,cp/iaf-insights-engine-management-backend,1.0.2-ppc64le,sha256:62d3f7e3a4d81486079a4fb87fcd92fdbdce176779c9260fcc4e46f3d6987abf,IMAGE,linux,ppc64le,"",0,CASE,"",""
cp.icr.io,cp/iaf-insights-engine-management-backend,1.0.3-amd64,sha256:58049c50017ae95e0d83d57f0762a4780c338b3d5edeff6ba0fac185d7629ec2,IMAGE,linux,amd64,"",0,CASE,"",""
cp.icr.io,cp/iaf-insights-engine-management-backend,1.0.3-s390x,sha256:a2f287f84bfe8a4a2b1b6f1d62ef3891869be2e86ee73e6db328b148583617dd,IMAGE,linux,s390x,"",0,CASE,"",""
cp.icr.io,cp/iaf-insights-engine-management-backend,1.0.3-ppc64le,sha256:a65100083e3c46fb3463ca7f11cd41c5460b1712b16cae7057782cf3b20276ac,IMAGE,linux,ppc64le,"",0,CASE,"",""
cp.icr.io,cp/iaf-insights-engine-management-backend,1.0.4-amd64,sha256:65d08a01c043d5a699551434bab8c04cce9b7d07fafe07f883c12571794fee7a,IMAGE,linux,amd64,"",0,CASE,"",""
cp.icr.io,cp/iaf-insights-engine-management-backend,1.0.4-s390x,sha256:b8f231aabea050d040e3cdb34a90ace41873250304e83ff74b363cf9d590512a,IMAGE,linux,s390x,"",0,CASE,"",""
cp.icr.io,cp/iaf-insights-engine-management-backend,1.0.4-ppc64le,sha256:0e12f659f944c92eb880297d7014109f73a5ec49f88fce6ef3946b037b58db41,IMAGE,linux,ppc64le,"",0,CASE,"",""
cp.icr.io,cp/iaf-insights-engine-management-backend,1.0.5-amd64,sha256:b1928a9bcd6693811442c88e31636aa193aacf5f1c16d96c864024b74a6110e6,IMAGE,linux,amd64,"",0,CASE,"",""
cp.icr.io,cp/iaf-insights-engine-management-backend,1.0.5-s390x,sha256:3a855558d32a12b1672d0b8b68afe963a594a62f7724d2ca9b6c21d4cf7fae5f,IMAGE,linux,s390x,"",0,CASE,"",""
cp.icr.io,cp/iaf-insights-engine-management-backend,1.0.5-ppc64le,sha256:aa3c4c12c73f01220a88fc985e7eaa79cd8d031d2b57ba0b3527d4bc3646f10b,IMAGE,linux,ppc64le,"",0,CASE,"",""
cp.icr.io,cp/iaf-insights-engine-management-backend,1.0.6-amd64,sha256:8218f1d69a319d9a6438f5de4294ff9a00823d59e8bc47bf85aeb9b57d8c2e4f,IMAGE,linux,amd64,"",0,CASE,"",""
cp.icr.io,cp/iaf-insights-engine-management-backend,1.0.6-s390x,sha256:bfa2de19c85717010db915978726e774a3189a56f5be59a4ef0dce792d664582,IMAGE,linux,s390x,"",0,CASE,"",""
cp.icr.io,cp/iaf-insights-engine-management-backend,1.0.6-ppc64le,sha256:aca75ad9356741b1a077177a7726432d842d682dc3daee03d4b057ffcce72844,IMAGE,linux,ppc64le,"",0,CASE,"",""
cp.icr.io,cp/iaf-insights-engine-management-backend,1.0.7-amd64,sha256:0aeb5a46ec5d79a8ab2c0de3c261d2f589eeb604faa5aba924f57638b59aa498,IMAGE,linux,amd64,"",0,CASE,"",""
cp.icr.io,cp/iaf-insights-engine-management-backend,1.0.7-s390x,sha256:e6cf8d5c36e4291304d555a057aa8486d93438c4a5142b6be2989a5643b4ecdd,IMAGE,linux,s390x,"",0,CASE,"",""
cp.icr.io,cp/iaf-insights-engine-management-backend,1.0.7-ppc64le,sha256:1276d5a338b3ffec59bdbcc8ef8986d92354a033c754b125c7533e5e7a3d0ec9,IMAGE,linux,ppc64le,"",0,CASE,"",""
cp.icr.io,cp/iaf-insights-engine-management-backend,1.0.8-amd64,sha256:91082d6325be155ce08034b30baad79dc25c95d8a7fee548f75dc79f91121452,IMAGE,linux,amd64,"",0,CASE,"",""
cp.icr.io,cp/iaf-insights-engine-management-backend,1.0.8-s390x,sha256:a3ef01dd3b083273e71dd2e0de432deae6886edd3ef6f837740cb1c69fc20f2e,IMAGE,linux,s390x,"",0,CASE,"",""
cp.icr.io,cp/iaf-insights-engine-management-backend,1.0.8-ppc64le,sha256:deee719f0b6d968f02ed067f5154cfcb352ed99a66e4adbcf62fe76300c7f787,IMAGE,linux,ppc64le,"",0,CASE,"",""
cp.icr.io,cp/iaf-insights-engine-application-setup,1.0.0-amd64,sha256:e353cacb9c738117d404b5664427328ecd7e9d78ce669aed5be1612570b74bde,IMAGE,linux,amd64,"",0,CASE,"",""
cp.icr.io,cp/iaf-insights-engine-application-setup,1.0.0-s390x,sha256:e9315c46f3a8ba55f0e5d31a2e4c18aec77548b31b66735f773ce005ca48bc8e,IMAGE,linux,s390x,"",0,CASE,"",""
cp.icr.io,cp/iaf-insights-engine-application-setup,1.0.0-ppc64le,sha256:f7170c8664e17cc582226427a4251b98219ebd13b9510ce6cdb2f2e18082bdc5,IMAGE,linux,ppc64le,"",0,CASE,"",""
cp.icr.io,cp/iaf-insights-engine-application-setup,1.0.1-amd64,sha256:4859b25c99180a31631c2d5cc32444b6656c320c95c3422e79d862e871af84ca,IMAGE,linux,amd64,"",0,CASE,"",""
cp.icr.io,cp/iaf-insights-engine-application-setup,1.0.1-s390x,sha256:fa94af36e9dfa3d4041d68012e07a71ca455c3a168a6eb9a7a8ba0e4346d1949,IMAGE,linux,s390x,"",0,CASE,"",""
cp.icr.io,cp/iaf-insights-engine-application-setup,1.0.1-ppc64le,sha256:e6a27eebdd5205a5667bb3103f2776c542b6b2a396578ea1481dac6d0e588f03,IMAGE,linux,ppc64le,"",0,CASE,"",""
cp.icr.io,cp/iaf-insights-engine-application-setup,1.0.2-amd64,sha256:55d87d6ee6654fcad7b091c842bdb3195a7533483adcc79f97be37dfc4179548,IMAGE,linux,amd64,"",0,CASE,"",""
cp.icr.io,cp/iaf-insights-engine-application-setup,1.0.2-s390x,sha256:54c7af731541696840dde3725753a6495cb53cc515b445627eb8bd40f29dc1a3,IMAGE,linux,s390x,"",0,CASE,"",""
cp.icr.io,cp/iaf-insights-engine-application-setup,1.0.2-ppc64le,sha256:49900e06f6b8ec897921f748b501e4998c1f93f1f5014b6f85b690b573f539ec,IMAGE,linux,ppc64le,"",0,CASE,"",""
cp.icr.io,cp/iaf-insights-engine-application-setup,1.0.3-amd64,sha256:23444a5fce7c38683d60be4fbbc7614134b2d9d4aa5c775550f65af5db9e1bf4,IMAGE,linux,amd64,"",0,CASE,"",""
cp.icr.io,cp/iaf-insights-engine-application-setup,1.0.3-s390x,sha256:9c9dd2dc68c5f0a52e95cf0b02a73376e98d4c36a5d6bab5b83a839bbe7000af,IMAGE,linux,s390x,"",0,CASE,"",""
cp.icr.io,cp/iaf-insights-engine-application-setup,1.0.3-ppc64le,sha256:0277272ecb3840471c9da588d3b2438f5e275640a58dd5c681001452915ffd9b,IMAGE,linux,ppc64le,"",0,CASE,"",""
cp.icr.io,cp/iaf-insights-engine-application-setup,1.0.4-amd64,sha256:ced91a6a7330746f750e0f7663b3149e922af344bff31bf7f91a5d2113c183b8,IMAGE,linux,amd64,"",0,CASE,"",""
cp.icr.io,cp/iaf-insights-engine-application-setup,1.0.4-s390x,sha256:8c8c226a4fdd4f426b1b4e621928da35a3e849d8ffa34c0741d0741e9984782c,IMAGE,linux,s390x,"",0,CASE,"",""
cp.icr.io,cp/iaf-insights-engine-application-setup,1.0.4-ppc64le,sha256:12219b31e6ebc0a0186a4728e5a0ca6cf9a9c34103ee315c5ac857132e2cad79,IMAGE,linux,ppc64le,"",0,CASE,"",""
cp.icr.io,cp/iaf-insights-engine-application-setup,1.0.5-amd64,sha256:29cd42b350f5758dea8331363c1e6df92d4d1be5985d1e9e559f8fa3a4cd5c24,IMAGE,linux,amd64,"",0,CASE,"",""
cp.icr.io,cp/iaf-insights-engine-application-setup,1.0.5-s390x,sha256:873e2450c5d13c0e2eb4d0215695baef25356823cec5469f326fda7b60759219,IMAGE,linux,s390x,"",0,CASE,"",""
cp.icr.io,cp/iaf-insights-engine-application-setup,1.0.5-ppc64le,sha256:901e8d4b304ccb431301b68b9da2151c3f4fd921892e677c79d14a381613882e,IMAGE,linux,ppc64le,"",0,CASE,"",""
cp.icr.io,cp/iaf-insights-engine-application-setup,1.0.6-amd64,sha256:f68fd5bc9bb321bf6e6b44a77c7d2d718224ef3469a7313b90fec531cc388300,IMAGE,linux,amd64,"",0,CASE,"",""
cp.icr.io,cp/iaf-insights-engine-application-setup,1.0.6-s390x,sha256:beae8f56b5662578842ba3600c20e858e473906b5e017ba0d5802f22465044e4,IMAGE,linux,s390x,"",0,CASE,"",""
cp.icr.io,cp/iaf-insights-engine-application-setup,1.0.6-ppc64le,sha256:3c2102a5d59523e0e48aba8aa36c1d81592462f35c1103bd6974153ff2c0c812,IMAGE,linux,ppc64le,"",0,CASE,"",""
cp.icr.io,cp/iaf-insights-engine-application-setup,1.0.7-amd64,sha256:bfa36a9205d6d9896af032c700260e28fac7ca8b99018dc2e8ffb3b6b38787a6,IMAGE,linux,amd64,"",0,CASE,"",""
cp.icr.io,cp/iaf-insights-engine-application-setup,1.0.7-s390x,sha256:ce6452129d3eff43bb90d414fae2cfc294105b11861b0cd4bb4e3ec6c8103389,IMAGE,linux,s390x,"",0,CASE,"",""
cp.icr.io,cp/iaf-insights-engine-application-setup,1.0.7-ppc64le,sha256:e451decd7c6a41718a6bce12d77bbc69fb5f9818a244289076a2220dfb4c73de,IMAGE,linux,ppc64le,"",0,CASE,"",""
cp.icr.io,cp/iaf-insights-engine-application-setup,1.0.8-amd64,sha256:8ee4d5e298e6ed650ec88ae78e60228edcc589bd26e8edc0403e07bc1a6b7b16,IMAGE,linux,amd64,"",0,CASE,"",""
cp.icr.io,cp/iaf-insights-engine-application-setup,1.0.8-s390x,sha256:ba716117c18623e0494b484f29cfb43ee6b086a58c172c68208f0c26c9be1779,IMAGE,linux,s390x,"",0,CASE,"",""
cp.icr.io,cp/iaf-insights-engine-application-setup,1.0.8-ppc64le,sha256:ce2c1c2006de33c03092e4be43ab45d43fb96a15a3d40199cf88d539be31369c,IMAGE,linux,ppc64le,"",0,CASE,"",""
cp.icr.io,cp/iaf-insights-engine-event-forwarder,1.0.0-amd64,sha256:8ea8e83f3cd0f21bfa7a5111e3eee44aa69e2d9537c73e82d6c19f56f65d18fb,IMAGE,linux,amd64,"",0,CASE,"",""
cp.icr.io,cp/iaf-insights-engine-event-forwarder,1.0.0-s390x,sha256:03b418d173a435b0bfe42a1110b0c99d43d4a7ef5c72258fa95f33fd1f3e98ff,IMAGE,linux,s390x,"",0,CASE,"",""
cp.icr.io,cp/iaf-insights-engine-event-forwarder,1.0.0-ppc64le,sha256:38e14f812947c32cb6bfde58aa3c9c410f4c20f4ef9366e01d8fd9cba7e78b77,IMAGE,linux,ppc64le,"",0,CASE,"",""
cp.icr.io,cp/iaf-insights-engine-event-forwarder,1.0.1-amd64,sha256:09f1c4dd9aae3ebb829410083f28c0410030f857d25f72d8299c4de99d0fed9b,IMAGE,linux,amd64,"",0,CASE,"",""
cp.icr.io,cp/iaf-insights-engine-event-forwarder,1.0.1-s390x,sha256:cf50e587ba017c9ce9065b6953157cd4bb7124e34a6fa26d7b34dfd25673b15a,IMAGE,linux,s390x,"",0,CASE,"",""
cp.icr.io,cp/iaf-insights-engine-event-forwarder,1.0.1-ppc64le,sha256:5bb13536977d1f3e1a1b5032834f59c9044c913032b3560b09aa9c954baa8876,IMAGE,linux,ppc64le,"",0,CASE,"",""
cp.icr.io,cp/iaf-insights-engine-event-forwarder,1.0.2-amd64,sha256:03b274b24199fd6e005d02552dc84569b5ecc19c213cc29d44f2b7248266afbe,IMAGE,linux,amd64,"",0,CASE,"",""
cp.icr.io,cp/iaf-insights-engine-event-forwarder,1.0.2-s390x,sha256:f2e4dd52b80735cfbb3542152ebf254b6e4c654360d84b957896052ee0b13a8a,IMAGE,linux,s390x,"",0,CASE,"",""
cp.icr.io,cp/iaf-insights-engine-event-forwarder,1.0.2-ppc64le,sha256:ff2dfeb65494febbf8b9c8e97bea6e59894e7cc4843c891a05a8c846f7cb9bf9,IMAGE,linux,ppc64le,"",0,CASE,"",""
cp.icr.io,cp/iaf-insights-engine-event-forwarder,1.0.3-amd64,sha256:9eb71dfd90c33777f31576a929f5fd4a521dfabea57642ed31a4d8cb0993fe13,IMAGE,linux,amd64,"",0,CASE,"",""
cp.icr.io,cp/iaf-insights-engine-event-forwarder,1.0.3-s390x,sha256:814d838c7bd7ed61b29981faf63c07a0e255d305729db9d75403ef8ce3cd06a4,IMAGE,linux,s390x,"",0,CASE,"",""
cp.icr.io,cp/iaf-insights-engine-event-forwarder,1.0.3-ppc64le,sha256:4ec0e98a74bc536fab6fc8c5bacff28aeea7b53a6e23ff7a085cbe6d642e664e,IMAGE,linux,ppc64le,"",0,CASE,"",""
cp.icr.io,cp/iaf-insights-engine-event-forwarder,1.0.4-amd64,sha256:3a50e94f23c6b0b1e106de6b4f4228cd23715f282dc46775195e6acf0e7c1661,IMAGE,linux,amd64,"",0,CASE,"",""
cp.icr.io,cp/iaf-insights-engine-event-forwarder,1.0.4-s390x,sha256:c7e24b060fd98b88b7047f15d5f0d1cd35df77617e55cd9a1baa9ae8f0199103,IMAGE,linux,s390x,"",0,CASE,"",""
cp.icr.io,cp/iaf-insights-engine-event-forwarder,1.0.4-ppc64le,sha256:b5c1dd0f20a66b57cd6ee9bfab69daa6bfe20383125656ac3133a6616f7d955b,IMAGE,linux,ppc64le,"",0,CASE,"",""
cp.icr.io,cp/iaf-insights-engine-event-forwarder,1.0.5-amd64,sha256:075d1d2e152c939cc57e9c792a1a5f3b82b7117a574b1b0928a940dd2488daf8,IMAGE,linux,amd64,"",0,CASE,"",""
cp.icr.io,cp/iaf-insights-engine-event-forwarder,1.0.5-s390x,sha256:8ac65fb487fcc958769ecd069f33b15e8bf39c23f76b7f77ad587905e64996ef,IMAGE,linux,s390x,"",0,CASE,"",""
cp.icr.io,cp/iaf-insights-engine-event-forwarder,1.0.5-ppc64le,sha256:467f79bc55d7c2bb83eee7d6117f42a97bc27b36d6020f17c54e6c6550561482,IMAGE,linux,ppc64le,"",0,CASE,"",""
cp.icr.io,cp/iaf-insights-engine-event-forwarder,1.0.6-amd64,sha256:b7f1e961988f8dc0ded10a4abed06cd1aed15e15388d5a6c33673ca0dd12ef83,IMAGE,linux,amd64,"",0,CASE,"",""
cp.icr.io,cp/iaf-insights-engine-event-forwarder,1.0.6-s390x,sha256:0a47aeb085246ef3549a4eab77911e2f25556ffa2503da3b18462e9194f14146,IMAGE,linux,s390x,"",0,CASE,"",""
cp.icr.io,cp/iaf-insights-engine-event-forwarder,1.0.6-ppc64le,sha256:6a9b353b05500ce305d889e0766b066a5f9771d978a2c846e9159c1af334e8e0,IMAGE,linux,ppc64le,"",0,CASE,"",""
cp.icr.io,cp/iaf-insights-engine-event-forwarder,1.0.7-amd64,sha256:0398d800b9ee4de5431273da624828a4e4b9272d5405c0580a9cd434d5ae5554,IMAGE,linux,amd64,"",0,CASE,"",""
cp.icr.io,cp/iaf-insights-engine-event-forwarder,1.0.7-s390x,sha256:f2cfe71d7df457cbd1bd378979e46b1a178c2f81128320ef4c62f876313f4941,IMAGE,linux,s390x,"",0,CASE,"",""
cp.icr.io,cp/iaf-insights-engine-event-forwarder,1.0.7-ppc64le,sha256:57956b5c1e8e98b144d821d65d128165494ecc20cf1a815a1f943f7f3153c3d7,IMAGE,linux,ppc64le,"",0,CASE,"",""
cp.icr.io,cp/iaf-insights-engine-event-forwarder,1.0.8-amd64,sha256:1ee954e9ccc562a1e5b7563213ba65e7f13abbc402168dd15bfa75a34d9faf57,IMAGE,linux,amd64,"",0,CASE,"",""
cp.icr.io,cp/iaf-insights-engine-event-forwarder,1.0.8-s390x,sha256:134cbc0f4abbeb503c56bcbfd616acb253a99f8d3e468136dbad3a1a5bbbd58d,IMAGE,linux,s390x,"",0,CASE,"",""
cp.icr.io,cp/iaf-insights-engine-event-forwarder,1.0.8-ppc64le,sha256:97ab0dabaf09401be3bd51f15b815edce740d7326a15d33ec1749e8c81dc9a06,IMAGE,linux,ppc64le,"",0,CASE,"",""
cp.icr.io,cp/iaf-insights-engine-liberty,1.0.0-amd64,sha256:02c13053141d3e3e65ba1ffc3bbba8a4a3d44d3d534be31a74261ed0ed1cc902,IMAGE,linux,amd64,"",0,CASE,"",""
cp.icr.io,cp/iaf-insights-engine-liberty,1.0.0-s390x,sha256:2064da0cb9c0c0b5522554be8d17c25c2c1a4ec5b2eb97243b668887e3e6203e,IMAGE,linux,s390x,"",0,CASE,"",""
cp.icr.io,cp/iaf-insights-engine-liberty,1.0.0-ppc64le,sha256:52c815addbc84d6af2284e6cf9b30f238bd30ba2560788b34b1126e285e76303,IMAGE,linux,ppc64le,"",0,CASE,"",""
cp.icr.io,cp/iaf-insights-engine-liberty,1.0.1-amd64,sha256:0a209d9f9c18ce6fba1a13666127db8db7858c03cae3da756e99788f1aca44ae,IMAGE,linux,amd64,"",0,CASE,"",""
cp.icr.io,cp/iaf-insights-engine-liberty,1.0.1-s390x,sha256:394da9afecd54954384eb0f8e28300504a1a96da16c14bea7478b3c450ad294f,IMAGE,linux,s390x,"",0,CASE,"",""
cp.icr.io,cp/iaf-insights-engine-liberty,1.0.1-ppc64le,sha256:2aa97435d78aa6c1b613235fdbdf43d3f726a21596b0df0c8143ab810c304cc7,IMAGE,linux,ppc64le,"",0,CASE,"",""
cp.icr.io,cp/iaf-insights-engine-liberty,1.0.2-amd64,sha256:237928760a38fc2b74c136328c53d1a0fa422fddbdbd2f1a6aa5e10b64eba8bb,IMAGE,linux,amd64,"",0,CASE,"",""
cp.icr.io,cp/iaf-insights-engine-liberty,1.0.2-s390x,sha256:9c5d8e936a0f2d18ae986f3f5153ed38b4e6e82dd9eb5430b51eef6701cd8466,IMAGE,linux,s390x,"",0,CASE,"",""
cp.icr.io,cp/iaf-insights-engine-liberty,1.0.2-ppc64le,sha256:6aa301a5265c3bffe025e120e7c1fffab261abc0b455a19767e88927ea0e99ca,IMAGE,linux,ppc64le,"",0,CASE,"",""
cp.icr.io,cp/iaf-insights-engine-liberty,1.0.3-amd64,sha256:c81d5f927927a7d0c07cf5ed50852da74e082744d5db7187401ee60c9e64d196,IMAGE,linux,amd64,"",0,CASE,"",""
cp.icr.io,cp/iaf-insights-engine-liberty,1.0.3-s390x,sha256:0c1fe16d2543610b5ad1e407fa535d5e3f68d8840093fdb65fde8dd1bb2a1aea,IMAGE,linux,s390x,"",0,CASE,"",""
cp.icr.io,cp/iaf-insights-engine-liberty,1.0.3-ppc64le,sha256:12859132edb89f84fe2469cadf2344d333cabfcb90e5e92a7f70edc33326904f,IMAGE,linux,ppc64le,"",0,CASE,"",""
cp.icr.io,cp/iaf-insights-engine-liberty,1.0.4-amd64,sha256:cecd6f87a737e0c96539e0d7785fe9176112444716f1938356a34e39c24f6752,IMAGE,linux,amd64,"",0,CASE,"",""
cp.icr.io,cp/iaf-insights-engine-liberty,1.0.4-s390x,sha256:7b21f5e5d77cf68bead910af5d7677f26c307a9ac45ecf238e2d5407fb84619e,IMAGE,linux,s390x,"",0,CASE,"",""
cp.icr.io,cp/iaf-insights-engine-liberty,1.0.4-ppc64le,sha256:d9c4ea27a40d5b447440f08d37d0fda7cb1a143d3d8c75aace769115cb3a2dfa,IMAGE,linux,ppc64le,"",0,CASE,"",""
cp.icr.io,cp/iaf-insights-engine-liberty,1.0.5-amd64,sha256:82a1fa50425c3819a254e65e85991bed6f42ec2d34f3521f74c3e7f352ebcd3f,IMAGE,linux,amd64,"",0,CASE,"",""
cp.icr.io,cp/iaf-insights-engine-liberty,1.0.5-s390x,sha256:7ce4ba778b33febac49792f587b122d907405cfe1c0d2b9b6d1746b1297a00a8,IMAGE,linux,s390x,"",0,CASE,"",""
cp.icr.io,cp/iaf-insights-engine-liberty,1.0.5-ppc64le,sha256:15f8a01b13f1b0d372b46df753ffc860b85ca3e0a3f892d256991c51335ea4b6,IMAGE,linux,ppc64le,"",0,CASE,"",""
cp.icr.io,cp/iaf-insights-engine-liberty,1.0.6-amd64,sha256:2e5eb4dd4d6916dcd5a1f68ab8cc467e3eee922bd1860e1b54e6a6d89a6d7ae2,IMAGE,linux,amd64,"",0,CASE,"",""
cp.icr.io,cp/iaf-insights-engine-liberty,1.0.6-s390x,sha256:5b767275df40c30750b51bc83af6f3bb48c086331b872b7643b303cf8c017d7e,IMAGE,linux,s390x,"",0,CASE,"",""
cp.icr.io,cp/iaf-insights-engine-liberty,1.0.6-ppc64le,sha256:84035f8ea06fd35a71b74d9aa38b971908614fe6099946a01dba554130750fe2,IMAGE,linux,ppc64le,"",0,CASE,"",""
cp.icr.io,cp/iaf-insights-engine-liberty,1.0.7-amd64,sha256:8ebb264c017b78960881c935cbb89e4cc8fbaea8b354bc425e80fb7f87860a6b,IMAGE,linux,amd64,"",0,CASE,"",""
cp.icr.io,cp/iaf-insights-engine-liberty,1.0.7-s390x,sha256:ed14b79e7cdc4a01e1fc3a49fa0fc785468d7c4155198343cb3c609cbd065c7e,IMAGE,linux,s390x,"",0,CASE,"",""
cp.icr.io,cp/iaf-insights-engine-liberty,1.0.7-ppc64le,sha256:08b7e757abbadcf47f325d4868090949d01bb5d57e19d1196900aa1af483b07f,IMAGE,linux,ppc64le,"",0,CASE,"",""
cp.icr.io,cp/iaf-insights-engine-liberty,1.0.8-amd64,sha256:d33a9c37ae8b6d4989d15e60711fd6674bdc944a84abb4b46668b6202f0c35ba,IMAGE,linux,amd64,"",0,CASE,"",""
cp.icr.io,cp/iaf-insights-engine-liberty,1.0.8-s390x,sha256:d4a88a9ab6f6ab43a9ccc8c9a83633db7ace5bb407c714c0e773490cdda1471b,IMAGE,linux,s390x,"",0,CASE,"",""
cp.icr.io,cp/iaf-insights-engine-liberty,1.0.8-ppc64le,sha256:dc3f4354b599b749f8d9945c922bd419cdc9560f94977fff15f861227b7aca12,IMAGE,linux,ppc64le,"",0,CASE,"",""
cp.icr.io,cp/iaf-cockpit,1.0.0-amd64,sha256:a6782ee77122c70f4398cf738fb5a75469adefdb312e2a5dff17e11ca006d53f,IMAGE,linux,amd64,"",0,CASE,"",""
cp.icr.io,cp/iaf-cockpit,1.0.0-s390x,sha256:22314450217f695cbe7c45b898e2b932c4e5bb1a74f67d0173ebef7351361ee4,IMAGE,linux,s390x,"",0,CASE,"",""
cp.icr.io,cp/iaf-cockpit,1.0.0-ppc64le,sha256:466d421b2028b5049d4ea2cb602a40536977a7f9e5ac5ab048f8c823cdf063d2,IMAGE,linux,ppc64le,"",0,CASE,"",""
cp.icr.io,cp/iaf-cockpit,1.0.1-amd64,sha256:205edafcc47c67be650101ab98cb8bf7bfbffce77d0ddf8c8f2fc480c92e69b0,IMAGE,linux,amd64,"",0,CASE,"",""
cp.icr.io,cp/iaf-cockpit,1.0.1-s390x,sha256:41333680c4982607cc9d04c47b843c5285b8e38403ca92098b6e5b3a82093e50,IMAGE,linux,s390x,"",0,CASE,"",""
cp.icr.io,cp/iaf-cockpit,1.0.1-ppc64le,sha256:bab425bc022fad170eb43eece62da9cff319847f8c5e01e5568a7c18f8f7e1b2,IMAGE,linux,ppc64le,"",0,CASE,"",""
cp.icr.io,cp/iaf-cockpit,1.0.2-amd64,sha256:a831e1271005646d6cb6da244ea7154e0193b61aadc9d796181832e5b440899e,IMAGE,linux,amd64,"",0,CASE,"",""
cp.icr.io,cp/iaf-cockpit,1.0.2-s390x,sha256:a9777200ca8a4086250e8e7dfcf0a67461071fd72f67f2d59b8acfeef5a692f3,IMAGE,linux,s390x,"",0,CASE,"",""
cp.icr.io,cp/iaf-cockpit,1.0.2-ppc64le,sha256:3f6eacb99fc1ab1c17d38fe67293ea790ab369dfd544ae3dcb771601b43c607b,IMAGE,linux,ppc64le,"",0,CASE,"",""
cp.icr.io,cp/iaf-cockpit,1.0.3-amd64,sha256:7e945639022ab8e228210e7a5246aaaf2159fb8446f3935efddaae87b85a17f7,IMAGE,linux,amd64,"",0,CASE,"",""
cp.icr.io,cp/iaf-cockpit,1.0.3-s390x,sha256:2a6cafc5acf359152b0a75c86d2070dd4f5cc708c2d6cdd7262e1beb40a8cb12,IMAGE,linux,s390x,"",0,CASE,"",""
cp.icr.io,cp/iaf-cockpit,1.0.3-ppc64le,sha256:8eccb84c691ca590a0b3703c589cd5fc0e8b3e10a3a1af73e3bde818a807f547,IMAGE,linux,ppc64le,"",0,CASE,"",""
cp.icr.io,cp/iaf-cockpit,1.0.4-amd64,sha256:346d902a6352e666ea3404d4f8c002edbbd8c72573307b22043a208cc641c968,IMAGE,linux,amd64,"",0,CASE,"",""
cp.icr.io,cp/iaf-cockpit,1.0.4-s390x,sha256:0c59f79eb65798cc97e143e1820a10b32f6d6c3b317c136db0fa69de467c3e95,IMAGE,linux,s390x,"",0,CASE,"",""
cp.icr.io,cp/iaf-cockpit,1.0.4-ppc64le,sha256:2ebb7994dd88bf02bca87a6f7249b3ba76a726c73bc5193c1b2935bb7e06f2f7,IMAGE,linux,ppc64le,"",0,CASE,"",""
cp.icr.io,cp/iaf-cockpit,1.0.5-amd64,sha256:78de55b1ef834b92e7e4042bfc2d3f94f34e896c20e8b5f533608fca69867ee3,IMAGE,linux,amd64,"",0,CASE,"",""
cp.icr.io,cp/iaf-cockpit,1.0.5-s390x,sha256:9d16a5e9b44ff3694a264758d821adf19d93a10974aa4b52197a58bcf953306b,IMAGE,linux,s390x,"",0,CASE,"",""
cp.icr.io,cp/iaf-cockpit,1.0.5-ppc64le,sha256:b85bd765b9009cc2cd5b46822eb5cb53a64e15ae8e4ec48282b764e89a0d38c8,IMAGE,linux,ppc64le,"",0,CASE,"",""
cp.icr.io,cp/iaf-cockpit,1.0.6-amd64,sha256:cf4cf08b208978da1ee6b009eb69fad550131d29a952c542ae2d675ff8b0a476,IMAGE,linux,amd64,"",0,CASE,"",""
cp.icr.io,cp/iaf-cockpit,1.0.6-s390x,sha256:4f5da7dbe859a4b32c70182ae13c6c24a6aac8707815b7c48c126736b075b4c6,IMAGE,linux,s390x,"",0,CASE,"",""
cp.icr.io,cp/iaf-cockpit,1.0.6-ppc64le,sha256:4aae23c51bba33f64433973ead0e54a0ac19ba8e44d4e0c6d04b0847049d3fa7,IMAGE,linux,ppc64le,"",0,CASE,"",""
cp.icr.io,cp/iaf-cockpit,1.0.7-amd64,sha256:c62e0aecca850b2dcca4078b00b6af95a011657dd04f3fab361c0934bdb95652,IMAGE,linux,amd64,"",0,CASE,"",""
cp.icr.io,cp/iaf-cockpit,1.0.7-s390x,sha256:fd76c671093dde2f7e0e9e367afdbc3cc575612423620c25055fc8f34c0cd09f,IMAGE,linux,s390x,"",0,CASE,"",""
cp.icr.io,cp/iaf-cockpit,1.0.7-ppc64le,sha256:106abd6bdfcd2855306a6239beb875786d3c3a5f17bdbef2933818daba30f661,IMAGE,linux,ppc64le,"",0,CASE,"",""
cp.icr.io,cp/iaf-cockpit,1.0.8-amd64,sha256:6294a16816d3c5127ca4489eeb70ebdb2561c1af67bbcf061c670a3d574a8c10,IMAGE,linux,amd64,"",0,CASE,"",""
cp.icr.io,cp/iaf-cockpit,1.0.8-s390x,sha256:2f04e7088cc325e5e263c97e71b66999341bcf3ed22ffe4df6296cc2df729d6c,IMAGE,linux,s390x,"",0,CASE,"",""
cp.icr.io,cp/iaf-cockpit,1.0.8-ppc64le,sha256:a45b7e2bb4688dd223d2cf474708cb0947a8c0bc2a1b169cdef76b4fe1e62af8,IMAGE,linux,ppc64le,"",0,CASE,"",""
cp.icr.io,cp/iaf-minimal,1.3.0-amd64,sha256:719fff673b7cf82d86835e0c2ccd1b94651e190cb5a51988596eff5db0b292da,IMAGE,linux,amd64,"",0,CASE,"",""
cp.icr.io,cp/iaf-minimal,1.3.0-s390x,sha256:fb1fd09c0d70612fbe46e0f4e2add857a6ac5987a1752f70b7fced831345908d,IMAGE,linux,s390x,"",0,CASE,"",""
cp.icr.io,cp/iaf-minimal,1.3.0-ppc64le,sha256:b96a59930436a85196b20e6d34598a845bf0699455068e403d086af0a142f9a2,IMAGE,linux,ppc64le,"",0,CASE,"",""
cp.icr.io,cp/iaf-minimal,1.3.1-amd64,sha256:f61c18deb573c348fff69eef93b486f4b55ddfdd08da61bdacf616804161ebad,IMAGE,linux,amd64,"",0,CASE,"",""
cp.icr.io,cp/iaf-minimal,1.3.1-s390x,sha256:10db5ad09d0839753b8fb77da2c8d69b8ef43058778fedc2bc5109e094d037c5,IMAGE,linux,s390x,"",0,CASE,"",""
cp.icr.io,cp/iaf-minimal,1.3.1-ppc64le,sha256:571ff434e000939c536ad4f4baf4cbd424aecad558656e3f3fca2c3ca9471070,IMAGE,linux,ppc64le,"",0,CASE,"",""
cp.icr.io,cp/iaf-minimal,1.3.2-amd64,sha256:64136434b82cd75a6fb5e6fc33ae08366e7a84f46b6ad2db29fcab2d9f032308,IMAGE,linux,amd64,"",0,CASE,"",""
cp.icr.io,cp/iaf-minimal,1.3.2-s390x,sha256:6a09ce474f21ac4ec22ccddce9a6a0a026789d2f7d048bae26412146cdafc9a8,IMAGE,linux,s390x,"",0,CASE,"",""
cp.icr.io,cp/iaf-minimal,1.3.2-ppc64le,sha256:b65f41cdad02a92daf3f0140e981dfc07d7cd28fa2c163683037f86ff9d7ac21,IMAGE,linux,ppc64le,"",0,CASE,"",""
cp.icr.io,cp/iaf-minimal,1.3.3-amd64,sha256:37d3b18862f0b40afa13d581981f5f16f55d8d84b8d703b8c640cfb07a9919de,IMAGE,linux,amd64,"",0,CASE,"",""
cp.icr.io,cp/iaf-minimal,1.3.3-s390x,sha256:0698e35b1ae2e78468be86a5867674de51fdf27bdf7a598ae41fa32648d07df1,IMAGE,linux,s390x,"",0,CASE,"",""
cp.icr.io,cp/iaf-minimal,1.3.3-ppc64le,sha256:3502c777fdfe892381370bb2f78c735a488557eacdf2dc54b372f930fcafc6bc,IMAGE,linux,ppc64le,"",0,CASE,"",""
cp.icr.io,cp/iaf-minimal,1.3.4-amd64,sha256:c5c09f5d8a420081a39d51df1e232e0588170850c09d0120d647b22fe42443c4,IMAGE,linux,amd64,"",0,CASE,"",""
cp.icr.io,cp/iaf-minimal,1.3.4-s390x,sha256:d0df0305590240ba0645262633545a8c7d3e5307285eb377413356e3e58c3b76,IMAGE,linux,s390x,"",0,CASE,"",""
cp.icr.io,cp/iaf-minimal,1.3.4-ppc64le,sha256:97f36e6f66ea79919126f86c044f3a98b45afad1ea77dfb3ae35f7b7815ea35c,IMAGE,linux,ppc64le,"",0,CASE,"",""
cp.icr.io,cp/iaf-minimal,1.3.5-amd64,sha256:a6358f11d652d86e9d09c9e42950f3c33aacca5a6a50888a98da6b84cc4f911b,IMAGE,linux,amd64,"",0,CASE,"",""
cp.icr.io,cp/iaf-minimal,1.3.5-s390x,sha256:4d5b8886881f4f9b1f8bef20a3f670dd6a77e03cfa91ee41ca1d2bf37d8bd4a8,IMAGE,linux,s390x,"",0,CASE,"",""
cp.icr.io,cp/iaf-minimal,1.3.5-ppc64le,sha256:49a78d69be620bcc9451cba66378b70f76f6e3d680bdd8a5b9d352f6d20bb8ec,IMAGE,linux,ppc64le,"",0,CASE,"",""
cp.icr.io,cp/iaf-minimal,1.3.6-amd64,sha256:5dcd4f3e33a510633fa19c80fd6db9b918f58e54e0cfb92e1b51579fe4030770,IMAGE,linux,amd64,"",0,CASE,"",""
cp.icr.io,cp/iaf-minimal,1.3.6-s390x,sha256:b7307cf8f72276e9f8def068be679530c026852b03117d276a9f94f1f5d578ba,IMAGE,linux,s390x,"",0,CASE,"",""
cp.icr.io,cp/iaf-minimal,1.3.6-ppc64le,sha256:aaa0af8a9725b68132b9257e18dc89fc87d6ab32bf5b49904ffa349f914bc1d7,IMAGE,linux,ppc64le,"",0,CASE,"",""
cp.icr.io,cp/iaf-minimal,1.3.7-amd64,sha256:8b83ce577f07da88e97737f7449bd981a22e998df1b6d2e04128436d4846409a,IMAGE,linux,amd64,"",0,CASE,"",""
cp.icr.io,cp/iaf-minimal,1.3.7-s390x,sha256:fac2edc03ebddf33191a0149b29a617e5f79046a92b93723ae81ed0302d48d5e,IMAGE,linux,s390x,"",0,CASE,"",""
cp.icr.io,cp/iaf-minimal,1.3.7-ppc64le,sha256:7fd9232894c4abafb7ed0990de2df504c233145bf54e143fd380b997ea23c33b,IMAGE,linux,ppc64le,"",0,CASE,"",""
cp.icr.io,cp/iaf-minimal,1.3.8-amd64,sha256:65e92c6f9d6d420019e78bbe36980bed054a946ba1a7c4283af1584274b5f6a5,IMAGE,linux,amd64,"",0,CASE,"",""
cp.icr.io,cp/iaf-minimal,1.3.8-s390x,sha256:e445c25be9ae421b26e2f95f8033c415e9b45292730bccec856aadb66736e135,IMAGE,linux,s390x,"",0,CASE,"",""
cp.icr.io,cp/iaf-minimal,1.3.8-ppc64le,sha256:be730ec22d965749cebb91870553b4afb9cc7b551150634ccb61158434fb18dc,IMAGE,linux,ppc64le,"",0,CASE,"",""
