registry,image_name,tag,digest,mtype,os,arch,variant,insecure,digest_source,image_type,groups
icr.io,cpopen/ibm-crossplane-operator,1.9.0,sha256:d5809b1ddfe07666373094ba5c5945ff9825243f0be6c9aed7b0f28c8c247adf,LIST,"","","",0,CASE,"",""
icr.io,cpopen/ibm-crossplane-operator,1.9.0-amd64,sha256:61e3a5450daa4be4fc411d6e8c9a61bcb4b7ca0ea88785aad741a05c30280de6,IMAGE,linux,amd64,"",0,CASE,"",""
icr.io,cpopen/ibm-crossplane-operator,1.9.0-ppc64le,sha256:2a8e88b9a1bfe2cffc90f184b788e3aede84f56967c1e5c2b13ac1087c99970a,IMAGE,linux,ppc64le,"",0,CASE,"",""
icr.io,cpopen/ibm-crossplane-operator,1.9.0-s390x,sha256:ea2cd4927d8090dc830616b0f364bf3d739e0f78f1f1de508cf022a46e8b9139,IMAGE,linux,s390x,"",0,CASE,"",""
icr.io,cpopen/cpfs/ibm-crossplane-bedrock-shim-config,1.8.1,sha256:918aa8c0fdb2fb634e49f271082abcad5eacb63ac07097c4aa901acaefd24123,IMAGE,linux,amd64,"",0,CASE,"",""
icr.io,cpopen/ibm-crossplane-provider-ibm-cloud-operator,1.9.0,sha256:b5da755b63698674b132d21f96767c08e3dfca92a1b12e2558d60c1cfac8bc32,LIST,"","","",0,CASE,"",""
icr.io,cpopen/ibm-crossplane-provider-ibm-cloud-operator,1.9.0-amd64,sha256:16045681d953975d2f08a3bc1781d16801f728ecffdf89f76868c3fbcec44433,IMAGE,linux,amd64,"",0,CASE,"",""
icr.io,cpopen/ibm-crossplane-provider-ibm-cloud-operator,1.9.0-ppc64le,sha256:48519ac68021876e8bf6e24e3461e45b3132b0f0a88630ed9c37cb37e1b0d8cb,IMAGE,linux,ppc64le,"",0,CASE,"",""
icr.io,cpopen/ibm-crossplane-provider-ibm-cloud-operator,1.9.0-s390x,sha256:738d2b12308d24c6b0b3af09a8fa2d74203cd4198698bc7ac43a82ffc17c1f8b,IMAGE,linux,s390x,"",0,CASE,"",""
icr.io,cpopen/ibm-crossplane-provider-kubernetes-operator,1.9.0,sha256:e0f5b3c7ac8cfcff36ec14465c762819ff1d4e95cb4c4294e628284798e1233a,LIST,"","","",0,CASE,"",""
icr.io,cpopen/ibm-crossplane-provider-kubernetes-operator,1.9.0-amd64,sha256:1489cde4b535ac3f35a4f068d9408be777c1efca4c8d2e87cab9b65cea317342,IMAGE,linux,amd64,"",0,CASE,"",""
icr.io,cpopen/ibm-crossplane-provider-kubernetes-operator,1.9.0-ppc64le,sha256:5f883d4ffc83d4d74be4b0eadfd7e21e8bbbad672509ecf2ef56faf9fba9ad21,IMAGE,linux,ppc64le,"",0,CASE,"",""
icr.io,cpopen/ibm-crossplane-provider-kubernetes-operator,1.9.0-s390x,sha256:2dbc74000d074c9127ae647a44a3a014d026ace73f2a8fa73c196c136583cdb8,IMAGE,linux,s390x,"",0,CASE,"",""
