registry,image_name,tag,digest,mtype,os,arch,variant,insecure,digest_source,image_type,groups
icr.io,cpopen/ibm-cp-automation-foundation-catalog,1.3.9,sha256:bb480738a3cf687917b2735b43e5729a276b02f6960d973064093069bfd6114e,LIST,"","","",0,CASE,olm-catalog,""
icr.io,cpopen/ibm-cp-automation-foundation-catalog,1.3.9-amd64,sha256:8e442abf0d36f9ca518f72cad1daee270969cbfcf272bd90e2a47fe9e06dc399,IMAGE,linux,amd64,"",0,CASE,olm-catalog,""
icr.io,cpopen/ibm-cp-automation-foundation-catalog,1.3.9-s390x,sha256:c74402a90bb28b905d92eba65d6bca67084e52e022ec369a3ee7eb8ee9ff2e8e,IMAGE,linux,s390x,"",0,CASE,olm-catalog,""
icr.io,cpopen/ibm-cp-automation-foundation-catalog,1.3.9-ppc64le,sha256:2d0075084f9709b4862bd7d4bec782a43471bbc90e3fb19e3fe8466f37b5dc03,IMAGE,linux,ppc64le,"",0,CASE,olm-catalog,""
docker.io,ibmcom/iaf-elastic-operator-bundle,1.0.0,sha256:0cdcb3c3e07540b6d25836a9f8ae142d08a28168ffc8df3a6126f098252cee3e,IMAGE,linux,amd64,"",0,CASE,olm-bundle,""
docker.io,ibmcom/iaf-elastic-operator-bundle,1.0.1,sha256:bf573c5712d13acb86f023ada4972fdd2f51773f5c4e38137902fb4e66438a2d,IMAGE,linux,amd64,"",0,CASE,olm-bundle,""
icr.io,cpopen/iaf-elastic-operator-bundle,1.1.0,sha256:0858b00f007a9eafc8c2f945a5f9922949e29d023dfca2cf7a6ed38781da3efb,IMAGE,linux,amd64,"",0,CASE,olm-bundle,""
icr.io,cpopen/iaf-elastic-operator-bundle,1.2.0,sha256:2c3bcc4a6d3723b48bcd00ccbe1440a94f39668a4d9cf3426073571a9de5cc2a,LIST,"","","",0,CASE,olm-bundle,""
icr.io,cpopen/iaf-elastic-operator-bundle,1.2.0-amd64,sha256:7683c3191d51f673b75d90f14f17a2833dcc1643450a3494bc7499990a42d0ef,IMAGE,linux,amd64,"",0,CASE,olm-bundle,""
icr.io,cpopen/iaf-elastic-operator-bundle,1.2.0-s390x,sha256:6e68ee57ddb0a53c54ffa594a6266ca1d3a423d551976448acd6ce3962abf9c0,IMAGE,linux,s390x,"",0,CASE,olm-bundle,""
icr.io,cpopen/iaf-elastic-operator-bundle,1.2.0-ppc64le,sha256:311131e675f08c1fac33c65a0297686c1d7d43822120340193c4ba22c0a706db,IMAGE,linux,ppc64le,"",0,CASE,olm-bundle,""
icr.io,cpopen/iaf-elastic-operator-bundle,1.2.1,sha256:aab6225a92ebc4ea940348435537dc6419485c2d43df98b330a1bce9f90023e0,LIST,"","","",0,CASE,olm-bundle,""
icr.io,cpopen/iaf-elastic-operator-bundle,1.2.1-amd64,sha256:330b0fd220e810cb467cbd191de6c88630f9729fd836773eb36175fc51e5dbf5,IMAGE,linux,amd64,"",0,CASE,olm-bundle,""
icr.io,cpopen/iaf-elastic-operator-bundle,1.2.1-s390x,sha256:a4ff28925d96f26732b8096c131c59ead4c0f3390ce3a50f244b74c0148df71a,IMAGE,linux,s390x,"",0,CASE,olm-bundle,""
icr.io,cpopen/iaf-elastic-operator-bundle,1.2.1-ppc64le,sha256:7bdd7fc438204b65eee3dd358b795d309c75d8e451444fa0a4bfee44875b6856,IMAGE,linux,ppc64le,"",0,CASE,olm-bundle,""
icr.io,cpopen/iaf-elastic-operator-bundle,1.3.0,sha256:2ce722e0870b2d01b7554df9e84d0944936fb5c371304bee21bed3ef3356e3f0,LIST,"","","",0,CASE,olm-bundle,""
icr.io,cpopen/iaf-elastic-operator-bundle,1.3.0-amd64,sha256:5bb1ae4576adb1ee93aafe45262ced54a1eef8bb64b86ddc125932d9fb85dfd1,IMAGE,linux,amd64,"",0,CASE,olm-bundle,""
icr.io,cpopen/iaf-elastic-operator-bundle,1.3.0-s390x,sha256:2aaeee2ed7314989ddd755a723b0015dce551cc88a364ebf02efbdc99b934309,IMAGE,linux,s390x,"",0,CASE,olm-bundle,""
icr.io,cpopen/iaf-elastic-operator-bundle,1.3.0-ppc64le,sha256:a43ba273f25636eb45ec4ccd4325ce4771c4e63f17001f927b58a61c062f24ac,IMAGE,linux,ppc64le,"",0,CASE,olm-bundle,""
icr.io,cpopen/iaf-elastic-operator-bundle,1.3.1,sha256:d02c77e068743c50d5a41063101fa1ef5a67e74a05a1e2c6bb930da636853c29,LIST,"","","",0,CASE,olm-bundle,""
icr.io,cpopen/iaf-elastic-operator-bundle,1.3.1-amd64,sha256:3fe35e407d4a8c794028b98ec631452b8dacf2a3ce0f0889d14481bd6fe30541,IMAGE,linux,amd64,"",0,CASE,olm-bundle,""
icr.io,cpopen/iaf-elastic-operator-bundle,1.3.1-s390x,sha256:7b7f66f3a6b93e6191f8b09e7d0977635810ad2e157ad3d4f3ab8cd1318bed5b,IMAGE,linux,s390x,"",0,CASE,olm-bundle,""
icr.io,cpopen/iaf-elastic-operator-bundle,1.3.1-ppc64le,sha256:50c0896a4fb5f90feca1dbaca7a44fa514a21fddc11e69f4e221bced4f9423a4,IMAGE,linux,ppc64le,"",0,CASE,olm-bundle,""
icr.io,cpopen/iaf-elastic-operator-bundle,1.3.2,sha256:f68639d726f3294e3a97da2bbe830aebea44097051d3b36ec38c1d40679437ab,LIST,"","","",0,CASE,olm-bundle,""
icr.io,cpopen/iaf-elastic-operator-bundle,1.3.2-amd64,sha256:f86780293dc8192a5ed0a69d5d473dd2a58737899e59f39a7ab57f4bbb74a1e6,IMAGE,linux,amd64,"",0,CASE,olm-bundle,""
icr.io,cpopen/iaf-elastic-operator-bundle,1.3.2-s390x,sha256:e4c36ed230b0fdc7d6892afaa5dab3f60a690fd46a8af59e5d04325111444173,IMAGE,linux,s390x,"",0,CASE,olm-bundle,""
icr.io,cpopen/iaf-elastic-operator-bundle,1.3.2-ppc64le,sha256:cc02910983968ec6311e2b31e04a3406b48c0e5474e7eae10e9397be38163736,IMAGE,linux,ppc64le,"",0,CASE,olm-bundle,""
icr.io,cpopen/iaf-elastic-operator-bundle,1.3.3,sha256:031a4afb7874fd8626c16348b8a2bbe8fd5c496a1359c37de9e48793f03f333c,LIST,"","","",0,CASE,olm-bundle,""
icr.io,cpopen/iaf-elastic-operator-bundle,1.3.3-amd64,sha256:3856193aba150d11f40d831e208c99109dbb11466ca770c8be45ad8b49ec563a,IMAGE,linux,amd64,"",0,CASE,olm-bundle,""
icr.io,cpopen/iaf-elastic-operator-bundle,1.3.3-s390x,sha256:407167c8758d26396d84d825a04e857c7f7472cbde5f8281504b03861e12042a,IMAGE,linux,s390x,"",0,CASE,olm-bundle,""
icr.io,cpopen/iaf-elastic-operator-bundle,1.3.3-ppc64le,sha256:82b3fff598b1171da574fb4b97ac58a50758c1d4c37bea4bc74a2f56ae48640d,IMAGE,linux,ppc64le,"",0,CASE,olm-bundle,""
icr.io,cpopen/iaf-elastic-operator-bundle,1.3.4,sha256:e755b28ca52e32f8b3e7ac44817a9991c1fee639516a38f2bba8fad25494d208,LIST,"","","",0,CASE,olm-bundle,""
icr.io,cpopen/iaf-elastic-operator-bundle,1.3.4-amd64,sha256:3d32dd61a31cf359dfe2c648b3221eeb2ede6655b62e3ca327c89a4e2b326ac7,IMAGE,linux,amd64,"",0,CASE,olm-bundle,""
icr.io,cpopen/iaf-elastic-operator-bundle,1.3.4-s390x,sha256:716068d966c1af7360dbabbed2558becd4ef9c667af4164bd18ac0a7a2035f84,IMAGE,linux,s390x,"",0,CASE,olm-bundle,""
icr.io,cpopen/iaf-elastic-operator-bundle,1.3.4-ppc64le,sha256:557c061d0ddc5e00ae99dd8a71ed18b42ea8ba853a7ccf30e37ac214dc5345d9,IMAGE,linux,ppc64le,"",0,CASE,olm-bundle,""
icr.io,cpopen/iaf-elastic-operator-bundle,1.3.5,sha256:201e4932eabdf8baf40bfe391aff90391129b1fb1cf8d1dc2d489224fbcdd060,LIST,"","","",0,CASE,olm-bundle,""
icr.io,cpopen/iaf-elastic-operator-bundle,1.3.5-amd64,sha256:5f048ac8763d23db8cac25d045a7c6b3f6ceadf8c52d91004d571d79061fc108,IMAGE,linux,amd64,"",0,CASE,olm-bundle,""
icr.io,cpopen/iaf-elastic-operator-bundle,1.3.5-s390x,sha256:8ecabce92b3a89306e4b79a1d0e801ff3008ab66a76228d87019b116acca5501,IMAGE,linux,s390x,"",0,CASE,olm-bundle,""
icr.io,cpopen/iaf-elastic-operator-bundle,1.3.5-ppc64le,sha256:ff5dfa90ed5e9de4c239c8fcac5da6f348a22cb391ef98fb218fcdcff3fb5a07,IMAGE,linux,ppc64le,"",0,CASE,olm-bundle,""
icr.io,cpopen/iaf-elastic-operator-bundle,1.3.6,sha256:1a6c12d48041e19fba74bd2be54cff3c0f9415d382c691eb60176313de2f116d,LIST,"","","",0,CASE,olm-bundle,""
icr.io,cpopen/iaf-elastic-operator-bundle,1.3.6-amd64,sha256:2d2d82d3e9d641c91cef44948d772833d1cfaf0003c9b5de0c4fa9b11513595d,IMAGE,linux,amd64,"",0,CASE,olm-bundle,""
icr.io,cpopen/iaf-elastic-operator-bundle,1.3.6-s390x,sha256:e661eeef547e2ed408cdc74cf14680acf6fbbf9a53c26dd12752091da2d9f595,IMAGE,linux,s390x,"",0,CASE,olm-bundle,""
icr.io,cpopen/iaf-elastic-operator-bundle,1.3.6-ppc64le,sha256:4afa26b9197664d640c68ddc81135f46dccbe6b27a35e6c6bfa3445fd8d51f28,IMAGE,linux,ppc64le,"",0,CASE,olm-bundle,""
icr.io,cpopen/iaf-elastic-operator-bundle,1.3.7,sha256:20555aa79f698e987b3179602089a829092ab6472657bac75c610778371bf87b,LIST,"","","",0,CASE,olm-bundle,""
icr.io,cpopen/iaf-elastic-operator-bundle,1.3.7-amd64,sha256:2d28f6a29510059554aa5c3214e516ed4f90b32c9fa1654a7f593b375b0bf2e0,IMAGE,linux,amd64,"",0,CASE,olm-bundle,""
icr.io,cpopen/iaf-elastic-operator-bundle,1.3.7-s390x,sha256:f7d4012153e21033149b0bf3f41c42056c981bf360062da75d3cd68e07049764,IMAGE,linux,s390x,"",0,CASE,olm-bundle,""
icr.io,cpopen/iaf-elastic-operator-bundle,1.3.7-ppc64le,sha256:f0aed50170e2600ffe11647c0fdc1dbcb31a1b1addde1ea966015b00eb710ee4,IMAGE,linux,ppc64le,"",0,CASE,olm-bundle,""
icr.io,cpopen/iaf-elastic-operator-bundle,1.3.8,sha256:e4f746e61fa78a74673b5b90084a40e4f2612039fe03a9cc821b1c6cde011328,LIST,"","","",0,CASE,olm-bundle,""
icr.io,cpopen/iaf-elastic-operator-bundle,1.3.8-amd64,sha256:df44525a3993b5df46c90603b59749a1995a8ebc0d3c798be4958f2789013333,IMAGE,linux,amd64,"",0,CASE,olm-bundle,""
icr.io,cpopen/iaf-elastic-operator-bundle,1.3.8-s390x,sha256:f355d7e27d64caae8718fb286376c7643bcf84be4a2085a466189963f77103f8,IMAGE,linux,s390x,"",0,CASE,olm-bundle,""
icr.io,cpopen/iaf-elastic-operator-bundle,1.3.8-ppc64le,sha256:34a193cf7d12a7b4b88339d7eb0dd63ebabd6c2412cd1e2d718924ff25ee5408,IMAGE,linux,ppc64le,"",0,CASE,olm-bundle,""
docker.io,ibmcom/iaf-elastic-operator,1.0.0,sha256:32ba7ae38e47c3461aa79194fa390282b5878a937a845a30b64f76dd27c15ebc,IMAGE,linux,amd64,"",0,CASE,"",""
docker.io,ibmcom/iaf-elastic-operator,1.0.1,sha256:0c1cc37427f67d7a9291f0825fcf8665727d61d033ec9d838ee11eab8aa16039,IMAGE,linux,amd64,"",0,CASE,"",""
icr.io,cpopen/iaf-elastic-operator,1.1.0,sha256:c165858d62533d8838a98c5407b64d71d3b727ce8d0ee0b825753772d89c01f8,IMAGE,linux,amd64,"",0,CASE,"",""
icr.io,cpopen/iaf-elastic-operator,1.2.0-amd64,sha256:ecb36ad11e99330d78ed3144ddc88df0fd260e3f76c464c660af91be5e57b55e,IMAGE,linux,amd64,"",0,CASE,"",""
icr.io,cpopen/iaf-elastic-operator,1.2.0-s390x,sha256:724cbcac3f37f67897317e09d1126cdc6967ae42464c46b54815314b0842c7ff,IMAGE,linux,s390x,"",0,CASE,"",""
icr.io,cpopen/iaf-elastic-operator,1.2.0-ppc64le,sha256:ec30c800062cbd1dbb1afa081529701c4cb4f1118dd7434b6e6a606759f137e6,IMAGE,linux,ppc64le,"",0,CASE,"",""
icr.io,cpopen/iaf-elastic-operator,1.2.1-amd64,sha256:d1f42c898f0dd6f25b6a3003ab3bad5dd91471726801dc47915c95778da89c66,IMAGE,linux,amd64,"",0,CASE,"",""
icr.io,cpopen/iaf-elastic-operator,1.2.1-s390x,sha256:5ef4a21ef0f8410e07d64c43819247b16f70a33da902798b76c75605b5378614,IMAGE,linux,s390x,"",0,CASE,"",""
icr.io,cpopen/iaf-elastic-operator,1.2.1-ppc64le,sha256:54c67cd1b96cdba3b7703fe7ebb1a66a03494461028fb3111178491bfc490551,IMAGE,linux,ppc64le,"",0,CASE,"",""
icr.io,cpopen/iaf-elastic-operator,1.3.0-amd64,sha256:b3a7c3315f6cc78c11f5bdd43bc171a71e2dd68146de36d1505798f62b9812b7,IMAGE,linux,amd64,"",0,CASE,"",""
icr.io,cpopen/iaf-elastic-operator,1.3.0-s390x,sha256:7e23d46de1c3c6ed63f02092061bb45e32beb31281de35a1c1ff039baf73921f,IMAGE,linux,s390x,"",0,CASE,"",""
icr.io,cpopen/iaf-elastic-operator,1.3.0-ppc64le,sha256:595c82ec91c0acce78054594f732767ef2f37ec3b6a5d1a7cd9d3202bbe3fbec,IMAGE,linux,ppc64le,"",0,CASE,"",""
icr.io,cpopen/iaf-elastic-operator,1.3.1-amd64,sha256:5f782ff0d5a15aa851065da7b37157427e8bf15a3288e3599715c462b53f4057,IMAGE,linux,amd64,"",0,CASE,"",""
icr.io,cpopen/iaf-elastic-operator,1.3.1-s390x,sha256:b8c0acf4d9c618e822c9f24298b5b7d770a281d3fde088dcdeb23a7b87893fe9,IMAGE,linux,s390x,"",0,CASE,"",""
icr.io,cpopen/iaf-elastic-operator,1.3.1-ppc64le,sha256:d74a3b49cc2ad0a2ed3bf9f859e488f3cc16972a1ef4d79e97b5b9c6948c3a88,IMAGE,linux,ppc64le,"",0,CASE,"",""
icr.io,cpopen/iaf-elastic-operator,1.3.2-amd64,sha256:4550437d572687c7a34276ddabc4002c432e41146b095f39a1c1106614c26a9c,IMAGE,linux,amd64,"",0,CASE,"",""
icr.io,cpopen/iaf-elastic-operator,1.3.2-s390x,sha256:5980dca923ef8163137e0040b1843c8c6c9fffb794e65d98202f6a4c5f88e463,IMAGE,linux,s390x,"",0,CASE,"",""
icr.io,cpopen/iaf-elastic-operator,1.3.2-ppc64le,sha256:1f45eeedcc984e0978d26fa0619e65c5ac183f9a8dd74bb87b5eeb3c8fea953e,IMAGE,linux,ppc64le,"",0,CASE,"",""
icr.io,cpopen/iaf-elastic-operator,1.3.3-amd64,sha256:2f95b5b3fe40985d5b6670abfefab2bd95385ce27d6691da689c18c8c48d33ed,IMAGE,linux,amd64,"",0,CASE,"",""
icr.io,cpopen/iaf-elastic-operator,1.3.3-s390x,sha256:6dca1f3e656717fc67258f248b8e4756eef1577b71b07d66690ee5a2afb301f0,IMAGE,linux,s390x,"",0,CASE,"",""
icr.io,cpopen/iaf-elastic-operator,1.3.3-ppc64le,sha256:636058c0f44700939c208193d4f2c8f1a85c7717d31ebcd7e65e41a6407cc672,IMAGE,linux,ppc64le,"",0,CASE,"",""
icr.io,cpopen/iaf-elastic-operator,1.3.4-amd64,sha256:8954fe3ad6e4e0627b5961e717a092fcbbe66eb0a16c21e8e3db05416fce96e6,IMAGE,linux,amd64,"",0,CASE,"",""
icr.io,cpopen/iaf-elastic-operator,1.3.4-s390x,sha256:522ecb837859f2a4a7edb3336ca3d70778830a2327f6d8f86e48c6f10043c75e,IMAGE,linux,s390x,"",0,CASE,"",""
icr.io,cpopen/iaf-elastic-operator,1.3.4-ppc64le,sha256:b3ff869043cde7dbf00fc33169c1370ee5401840e653b4930b1010e045fb2efb,IMAGE,linux,ppc64le,"",0,CASE,"",""
icr.io,cpopen/iaf-elastic-operator,1.3.5-amd64,sha256:c4716cc4ee62f2cec6fc4b29e3fae13374e0f65bf3040958fb5b62461402c5d6,IMAGE,linux,amd64,"",0,CASE,"",""
icr.io,cpopen/iaf-elastic-operator,1.3.5-s390x,sha256:a9ac14460be5ceab8a42e6e5c441e4d43bf825ddb79ad250c96e3d9d571cbe9d,IMAGE,linux,s390x,"",0,CASE,"",""
icr.io,cpopen/iaf-elastic-operator,1.3.5-ppc64le,sha256:8f186fa4f3514fc55fe4a244bbb9b6491dbb042594fc583bafc24fd26dffa6cd,IMAGE,linux,ppc64le,"",0,CASE,"",""
icr.io,cpopen/iaf-elastic-operator,1.3.6-amd64,sha256:91ead3b443c3bd9a23ad3f8536062d4e096a2bebc854813e89189534727ebe9e,IMAGE,linux,amd64,"",0,CASE,"",""
icr.io,cpopen/iaf-elastic-operator,1.3.6-s390x,sha256:22cf92f2209d24ce78047e9feedacdac365b535f2545f500ee8fbf18e284914b,IMAGE,linux,s390x,"",0,CASE,"",""
icr.io,cpopen/iaf-elastic-operator,1.3.6-ppc64le,sha256:633a10e5ff54c2709ff5734b333bb935190e9b7c8554e1bd15a265124282c3c3,IMAGE,linux,ppc64le,"",0,CASE,"",""
icr.io,cpopen/iaf-elastic-operator,1.3.7-amd64,sha256:19672a24e3f2ae6490a7f30f265274df78c81a22dd66357c6ae9bcc22e61b01a,IMAGE,linux,amd64,"",0,CASE,"",""
icr.io,cpopen/iaf-elastic-operator,1.3.7-s390x,sha256:f69f5d6067305bad172090c9af2da7b6123bf8d226dcb18bf09ccecd7fa272f3,IMAGE,linux,s390x,"",0,CASE,"",""
icr.io,cpopen/iaf-elastic-operator,1.3.7-ppc64le,sha256:f6294aeac5b1f677dfe390a5d67340a0d69867b61cb07ef6214b865d4e041fdc,IMAGE,linux,ppc64le,"",0,CASE,"",""
icr.io,cpopen/iaf-elastic-operator,1.3.8-amd64,sha256:0c54802e4e86b65f4b8b3102a31e226d6de4fd62d83d04e2a6b92b19a1e938b6,IMAGE,linux,amd64,"",0,CASE,"",""
icr.io,cpopen/iaf-elastic-operator,1.3.8-s390x,sha256:88c7078c78e2cf86bc9a0dc740a18da73bace8d1a191da54667cdf31be3cdb1c,IMAGE,linux,s390x,"",0,CASE,"",""
icr.io,cpopen/iaf-elastic-operator,1.3.8-ppc64le,sha256:a44fd9fea2a5d3b45403e3a39257f9baa557b8c71ceac684b23ff2c7eadbba4e,IMAGE,linux,ppc64le,"",0,CASE,"",""
cp.icr.io,cp/iaf-elasticsearch,1.0.0,sha256:88551452c3688060950f6809440e6e55eb8d8c46512abf2dbd0a09ae5a5a8db2,IMAGE,linux,amd64,"",0,CASE,"",""
cp.icr.io,cp/iaf-elasticsearch,1.1.0,sha256:d394966531ed25894225cbe1459f37369b1669a35e56ab4cb40eddeccfa0168f,IMAGE,linux,amd64,"",0,CASE,"",""
cp.icr.io,cp/iaf-elasticsearch,1.2.0-amd64,sha256:0701354cfa5f0c51e541775458df67ef13f810fbcd8b49f0834214340ed3985f,IMAGE,linux,amd64,"",0,CASE,"",""
cp.icr.io,cp/iaf-elasticsearch,1.2.0-s390x,sha256:f91bb69ce47f755890e0737e78b1abffcaa97c0df1a3b445ff33c2a1aab20b8f,IMAGE,linux,s390x,"",0,CASE,"",""
cp.icr.io,cp/iaf-elasticsearch,1.2.0-ppc64le,sha256:cc3b53318117fdaaf6df7a1d7ca8bb81bfb38e2cb83a9b638201feed92dd16d8,IMAGE,linux,ppc64le,"",0,CASE,"",""
cp.icr.io,cp/iaf-elasticsearch,1.2.1-amd64,sha256:80a96f1a945452b5c7d0bbe942e40c38b62d043e24e5da984fb59d0b3d2d66f1,IMAGE,linux,amd64,"",0,CASE,"",""
cp.icr.io,cp/iaf-elasticsearch,1.2.1-s390x,sha256:1f4db89935d9ccdafe640c0b95ba6056d833cd547c3adb83f33f0839d9748003,IMAGE,linux,s390x,"",0,CASE,"",""
cp.icr.io,cp/iaf-elasticsearch,1.2.1-ppc64le,sha256:192998fa1429ef232db07e41ec52cc3bc740b779495b8132cdb5b6c9ed7e55f4,IMAGE,linux,ppc64le,"",0,CASE,"",""
cp.icr.io,cp/iaf-elasticsearch,2.0.0-amd64,sha256:c02c98db2523b48638d5d386f9a98f35fe5901a44a5188b07abd95d9b4f84351,IMAGE,linux,amd64,"",0,CASE,"",""
cp.icr.io,cp/iaf-elasticsearch,2.0.0-s390x,sha256:ce630a103a773331438f55a426959b78468fcf724138d3b3a14b0afbb6b9c333,IMAGE,linux,s390x,"",0,CASE,"",""
cp.icr.io,cp/iaf-elasticsearch,2.0.0-ppc64le,sha256:609f92fae7bb05d12bd9cd8b02dfdbe721821c5852f0072176689f26a8c182cd,IMAGE,linux,ppc64le,"",0,CASE,"",""
cp.icr.io,cp/iaf-elasticsearch,2.0.1-amd64,sha256:45c3f70b2b9c097b64f4cb086a7e2e6f0601e46d05636b5b13392cc36f5fb738,IMAGE,linux,amd64,"",0,CASE,"",""
cp.icr.io,cp/iaf-elasticsearch,2.0.1-s390x,sha256:c5e9ace7881765936b5246fb88f34f4cddbd0b7cdad39823fc8c2aadcae61d3a,IMAGE,linux,s390x,"",0,CASE,"",""
cp.icr.io,cp/iaf-elasticsearch,2.0.1-ppc64le,sha256:e7a06d8fd664dc6a43899d37a6d63c5c5404619a984c010f80ca3c57839cd939,IMAGE,linux,ppc64le,"",0,CASE,"",""
cp.icr.io,cp/iaf-elasticsearch,2.0.2-amd64,sha256:e936400a8a012c913a07cedac0f69248606d9b8d8ab41c0442084829c5d82563,IMAGE,linux,amd64,"",0,CASE,"",""
cp.icr.io,cp/iaf-elasticsearch,2.0.2-s390x,sha256:5930ee53ddc8fe332b8a92373e6787d750bd53ec3869db8a0299d63cef6fe3b8,IMAGE,linux,s390x,"",0,CASE,"",""
cp.icr.io,cp/iaf-elasticsearch,2.0.2-ppc64le,sha256:027216a89a1c08c0c9fbb14647d1c7c6f3775435c3a8c76559b80d56b0a17372,IMAGE,linux,ppc64le,"",0,CASE,"",""
cp.icr.io,cp/iaf-elasticsearch,2.0.3-amd64,sha256:16d043b803f89f8ed4ef828037add003d879ea7c9e77aa8eed9f5151918b0467,IMAGE,linux,amd64,"",0,CASE,"",""
cp.icr.io,cp/iaf-elasticsearch,2.0.3-s390x,sha256:aab363ce3d6fa9f1a87d2954544dcc9ba2e8753ad42ed8167f6e69d4a7b1a938,IMAGE,linux,s390x,"",0,CASE,"",""
cp.icr.io,cp/iaf-elasticsearch,2.0.3-ppc64le,sha256:c428421038f0e36ec76e8dc91302d7c6653b049f8e83277876e289e02b42a302,IMAGE,linux,ppc64le,"",0,CASE,"",""
cp.icr.io,cp/iaf-elasticsearch,2.0.4-amd64,sha256:6e39678cafd40c1c55de26dc44ea553e2f07ae433bc855e343776263ab9588e3,IMAGE,linux,amd64,"",0,CASE,"",""
cp.icr.io,cp/iaf-elasticsearch,2.0.4-s390x,sha256:31df69ea3168765922df8b213eddc8ca5a766b9f818d115e28fcee8eaf4330f3,IMAGE,linux,s390x,"",0,CASE,"",""
cp.icr.io,cp/iaf-elasticsearch,2.0.4-ppc64le,sha256:7bc0489440b11474ff7ddfad7838d928fa82bc741c53379e87b66026d1ced1f9,IMAGE,linux,ppc64le,"",0,CASE,"",""
cp.icr.io,cp/iaf-elasticsearch,2.0.5-amd64,sha256:30abf135882c74f8df0923302a217c5aacdd29456cffd24eb027b46fce2017c5,IMAGE,linux,amd64,"",0,CASE,"",""
cp.icr.io,cp/iaf-elasticsearch,2.0.5-s390x,sha256:0bd30aba0ef08d784eea101838c62423dd4465d1f94d84538d3b68f711249f7d,IMAGE,linux,s390x,"",0,CASE,"",""
cp.icr.io,cp/iaf-elasticsearch,2.0.5-ppc64le,sha256:e176b508eeb45a29c8b84461a091fee81a157711c34b4509043d63ad5a51fc8e,IMAGE,linux,ppc64le,"",0,CASE,"",""
cp.icr.io,cp/iaf-elasticsearch,2.0.6-amd64,sha256:3fce08a7fa8b706d92b8a07f91fbee8e9bc5df9fbbdce2b77f65304920e028f3,IMAGE,linux,amd64,"",0,CASE,"",""
cp.icr.io,cp/iaf-elasticsearch,2.0.6-s390x,sha256:d27d53242b2491c08748e8a17ba4b768e0d2d297dc34d1df9f9d8fae82954c31,IMAGE,linux,s390x,"",0,CASE,"",""
cp.icr.io,cp/iaf-elasticsearch,2.0.6-ppc64le,sha256:155e16d7155a3f63f98143bb57e55bb0d8c073f8b1c2220c86f96835f29bf71e,IMAGE,linux,ppc64le,"",0,CASE,"",""
cp.icr.io,cp/iaf-elasticsearch,2.0.7-amd64,sha256:886d6012aad2ffcd83f50cfccb397759508506da9164a0543fc3d5224c0f8edd,IMAGE,linux,amd64,"",0,CASE,"",""
cp.icr.io,cp/iaf-elasticsearch,2.0.7-s390x,sha256:919246c1750739d6f11bbadfd7beb3cb14be90057484738e99b105ceb78bf290,IMAGE,linux,s390x,"",0,CASE,"",""
cp.icr.io,cp/iaf-elasticsearch,2.0.7-ppc64le,sha256:c730f27988635abff9eb7e48c31ced47c34ffade5c24b7e281ad6610a8deb33e,IMAGE,linux,ppc64le,"",0,CASE,"",""
cp.icr.io,cp/iaf-elasticsearch,2.0.8-amd64,sha256:26653c17bd3b66a0e483d9013159b8ffbeb2e61c6274c999bea9a9bdf26532e9,IMAGE,linux,amd64,"",0,CASE,"",""
cp.icr.io,cp/iaf-elasticsearch,2.0.8-s390x,sha256:b59ed1982c0838167d7c8fc09bf1ca4b42244767ff35c7d516cb2ad64bde1ca9,IMAGE,linux,s390x,"",0,CASE,"",""
cp.icr.io,cp/iaf-elasticsearch,2.0.8-ppc64le,sha256:5c46d75554d07082d8cd3b79979cd5f7d465be4171ed67e79107d9484e09e86a,IMAGE,linux,ppc64le,"",0,CASE,"",""
cp.icr.io,cp/iaf-elasticsearch-proxy,1.0.0,sha256:296c994e045a77dd95e3105b49b5f320c55e5aea3b50cc41811b581cbc2bb418,IMAGE,linux,amd64,"",0,CASE,"",""
cp.icr.io,cp/iaf-elasticsearch-proxy,1.1.0,sha256:22fdefcea4f34b34374e89b94196ba42765dff3c18ca1c6843cbe8065f11558d,IMAGE,linux,amd64,"",0,CASE,"",""
cp.icr.io,cp/iaf-elasticsearch-proxy,1.2.0-amd64,sha256:38e1f87970045d29e24938c1dd09be43812e5fa724d1fc17db1435ebf2ea9982,IMAGE,linux,amd64,"",0,CASE,"",""
cp.icr.io,cp/iaf-elasticsearch-proxy,1.2.0-s390x,sha256:9ce25bbcf17c679b1cecda545373ba5411de8e8341dceaef5b8c67c62b434d51,IMAGE,linux,s390x,"",0,CASE,"",""
cp.icr.io,cp/iaf-elasticsearch-proxy,1.2.0-ppc64le,sha256:806e4e0cb764ec23b4ee98cdb43393ada15a9ae42b8be18e88754e7538e4897c,IMAGE,linux,ppc64le,"",0,CASE,"",""
cp.icr.io,cp/iaf-elasticsearch-proxy,1.2.1-amd64,sha256:f271310ff3e09c76c99c3510bffcb0c8c3a65c294216e89a017cab2d0cc1c882,IMAGE,linux,amd64,"",0,CASE,"",""
cp.icr.io,cp/iaf-elasticsearch-proxy,1.2.1-s390x,sha256:c0b0c1e6a2d4acfd6ffd50d34b2adc669ec4d24784c9b1b5e3d473537b1d00f1,IMAGE,linux,s390x,"",0,CASE,"",""
cp.icr.io,cp/iaf-elasticsearch-proxy,1.2.1-ppc64le,sha256:d55a67737583e75fccbea555752de4ff38f526ee427f9bf265e9bb2a5ed9a9ac,IMAGE,linux,ppc64le,"",0,CASE,"",""
cp.icr.io,cp/iaf-elasticsearch-proxy,2.0.0-amd64,sha256:30445f022f1eb4c17ce4c91640cf80fd3e49561a5036303990ba7848d2c2a0a5,IMAGE,linux,amd64,"",0,CASE,"",""
cp.icr.io,cp/iaf-elasticsearch-proxy,2.0.0-s390x,sha256:9a9502fa7c364b5aa55aebe10090208d0f332278d8fab562d4b14b6b53c95471,IMAGE,linux,s390x,"",0,CASE,"",""
cp.icr.io,cp/iaf-elasticsearch-proxy,2.0.0-ppc64le,sha256:d98d07f43f3345676e61fc7d025481cbecd5938cec0dbeb042fc28449baab6eb,IMAGE,linux,ppc64le,"",0,CASE,"",""
cp.icr.io,cp/iaf-elasticsearch-proxy,2.0.1-amd64,sha256:5ef4ecd8cc85daacec88bc360281732dad9a273297744a5d84f451f09c823a25,IMAGE,linux,amd64,"",0,CASE,"",""
cp.icr.io,cp/iaf-elasticsearch-proxy,2.0.1-s390x,sha256:165a88c3d3ef86e65c6d40cd4414ecb9a3b12c76f61b3a0bcf89556ac36f5d7f,IMAGE,linux,s390x,"",0,CASE,"",""
cp.icr.io,cp/iaf-elasticsearch-proxy,2.0.1-ppc64le,sha256:fa56e077fff0a0cce9693b6d2d39fcb85180bd0b07332e57c578c60421facaad,IMAGE,linux,ppc64le,"",0,CASE,"",""
cp.icr.io,cp/iaf-elasticsearch-proxy,2.0.2-amd64,sha256:84dc5e5b4ccf0a1c8a71f2fe0ca13f152d06b322e5d5abac1e675c331de01859,IMAGE,linux,amd64,"",0,CASE,"",""
cp.icr.io,cp/iaf-elasticsearch-proxy,2.0.2-s390x,sha256:86fbf72ff4b29e76afe22a7800304810b1ba8b88c678a7e246cb6e7d008f6409,IMAGE,linux,s390x,"",0,CASE,"",""
cp.icr.io,cp/iaf-elasticsearch-proxy,2.0.2-ppc64le,sha256:cbce6c4161d9e6b7a06ba2725774cb0042f797da3d31cf9cf2d2f556d1c60d48,IMAGE,linux,ppc64le,"",0,CASE,"",""
cp.icr.io,cp/iaf-elasticsearch-proxy,2.0.3-amd64,sha256:8f5173e59389c43d436f8a320efb3f6e6337a9e2a58db16a8b663d43af644e79,IMAGE,linux,amd64,"",0,CASE,"",""
cp.icr.io,cp/iaf-elasticsearch-proxy,2.0.3-s390x,sha256:0c25ff4cef29e2a848dff647049ae38dcd83c2867e77752d97f9706548edc2ef,IMAGE,linux,s390x,"",0,CASE,"",""
cp.icr.io,cp/iaf-elasticsearch-proxy,2.0.3-ppc64le,sha256:ba86259c1714ee17030f399cce195d5f14e34e34f977dfec2c269fcffbc22f91,IMAGE,linux,ppc64le,"",0,CASE,"",""
cp.icr.io,cp/iaf-elasticsearch-proxy,2.0.4-amd64,sha256:84c4dbda862a63c58fb5c69f591617e638da1217e6668f5f56dbbce11a2a86bf,IMAGE,linux,amd64,"",0,CASE,"",""
cp.icr.io,cp/iaf-elasticsearch-proxy,2.0.4-s390x,sha256:c30a749358d210c5aff6130c9d4ce3ba7877fdf2c8ef2ef9a0957fc1040f1a8b,IMAGE,linux,s390x,"",0,CASE,"",""
cp.icr.io,cp/iaf-elasticsearch-proxy,2.0.4-ppc64le,sha256:0c9c8abb62741dcdab96dc4b262c6a1133fef4282ec6a645a3ee331b02808c1a,IMAGE,linux,ppc64le,"",0,CASE,"",""
cp.icr.io,cp/iaf-elasticsearch-proxy,2.0.5-amd64,sha256:5e55be6118f5ca1647519853f0e34a99c046c7728cdc7bffee2eff6fc3c22103,IMAGE,linux,amd64,"",0,CASE,"",""
cp.icr.io,cp/iaf-elasticsearch-proxy,2.0.5-s390x,sha256:75d456ed6ab3ec5616701cb39f1ae0fcc9a3ab7c6fe4eb4389e989593eb442bd,IMAGE,linux,s390x,"",0,CASE,"",""
cp.icr.io,cp/iaf-elasticsearch-proxy,2.0.5-ppc64le,sha256:0a5d4c985c50e17d8a7c26c7943206f97c8a0887caced6741ef442315c25e187,IMAGE,linux,ppc64le,"",0,CASE,"",""
cp.icr.io,cp/iaf-elasticsearch-proxy,2.0.6-amd64,sha256:4cb0cd9906c6c0d018a64c04d2d6289390bc0d39708cbaf7fc87ccfd6373f084,IMAGE,linux,amd64,"",0,CASE,"",""
cp.icr.io,cp/iaf-elasticsearch-proxy,2.0.6-s390x,sha256:b63cccfda3860fc7c646d2f7797b67032a33e745d474d6af67e7f39e6b8cfef0,IMAGE,linux,s390x,"",0,CASE,"",""
cp.icr.io,cp/iaf-elasticsearch-proxy,2.0.6-ppc64le,sha256:b0417e9b63e881fd90a57a35cee2432d08efbae0f434c0b32580e388ba81652f,IMAGE,linux,ppc64le,"",0,CASE,"",""
cp.icr.io,cp/iaf-elasticsearch-proxy,2.0.7-amd64,sha256:a03bec0e42598b59a297570c31a7e070d6a1b1fac91cef505dce4edb199b54ba,IMAGE,linux,amd64,"",0,CASE,"",""
cp.icr.io,cp/iaf-elasticsearch-proxy,2.0.7-s390x,sha256:c7b151f8f3932c35fb1c20c43415d5cccd55a8c336706c9c874678ac39205190,IMAGE,linux,s390x,"",0,CASE,"",""
cp.icr.io,cp/iaf-elasticsearch-proxy,2.0.7-ppc64le,sha256:ce4b1cb2ba1dcdd01b59e30eeeb9d1bad661f2aa43b517177a32492c404a9992,IMAGE,linux,ppc64le,"",0,CASE,"",""
cp.icr.io,cp/iaf-elasticsearch-proxy,2.0.8-amd64,sha256:736b90ea3a5bdf1af0abe00110021082f4cfe33a69739a53f9786a9a5715bf9e,IMAGE,linux,amd64,"",0,CASE,"",""
cp.icr.io,cp/iaf-elasticsearch-proxy,2.0.8-s390x,sha256:46350b688ab93463b6699352a76beb3b9c26a6faec1d4a6fd28818c41974002a,IMAGE,linux,s390x,"",0,CASE,"",""
cp.icr.io,cp/iaf-elasticsearch-proxy,2.0.8-ppc64le,sha256:e682e6facde4854433b3a9d1b942f45b4af54a49859dff014f09b3b4191847aa,IMAGE,linux,ppc64le,"",0,CASE,"",""
docker.io,ibmcom/iaf-eventprocessing-operator-bundle,1.0.0,sha256:37eede74f251680f5d3fc93bf60ebdb8680fe023cd7d2351921b9972b249aa78,IMAGE,linux,amd64,"",0,CASE,olm-bundle,""
docker.io,ibmcom/iaf-eventprocessing-operator-bundle,1.0.1,sha256:53379c71c86bc5f6b0dce7a4fa7ae05221375cfa648c6523c91c87300ea16998,IMAGE,linux,amd64,"",0,CASE,olm-bundle,""
icr.io,cpopen/iaf-eventprocessing-operator-bundle,1.1.0,sha256:babb313c80e5c7f58807cf5bbbfef562892ac04fa35d800ae4bd8ecca8c33cb4,IMAGE,linux,amd64,"",0,CASE,olm-bundle,""
icr.io,cpopen/iaf-eventprocessing-operator-bundle,1.2.0,sha256:e103aa07b4a70ba4c20a67f27ff9b3a64407e29ee548b06e70920edce0d78271,LIST,"","","",0,CASE,olm-bundle,""
icr.io,cpopen/iaf-eventprocessing-operator-bundle,1.2.0-amd64,sha256:dfacff32aa6765aaf0b2d152a04366cdc41e55adec3e0ba68fc5aa8adbf57b73,IMAGE,linux,amd64,"",0,CASE,olm-bundle,""
icr.io,cpopen/iaf-eventprocessing-operator-bundle,1.2.0-s390x,sha256:3a2f32c64c2ab5e9b3833262183fd5dedcd54c4002b263b602e644ac0facea28,IMAGE,linux,s390x,"",0,CASE,olm-bundle,""
icr.io,cpopen/iaf-eventprocessing-operator-bundle,1.2.0-ppc64le,sha256:d43d3399c9b143311d98dd0f78ba6ae13103c3c85064e6d962c9d6ac41f4c518,IMAGE,linux,ppc64le,"",0,CASE,olm-bundle,""
icr.io,cpopen/iaf-eventprocessing-operator-bundle,1.2.1,sha256:a8546b96a28d581aa7a0abfb5d227b1d0917663531c9160a4e7e81ced49bf9f9,LIST,"","","",0,CASE,olm-bundle,""
icr.io,cpopen/iaf-eventprocessing-operator-bundle,1.2.1-amd64,sha256:b2fd82bfed2396d95847509a799687dcf3336750ec95a716e26452f2dceae2ea,IMAGE,linux,amd64,"",0,CASE,olm-bundle,""
icr.io,cpopen/iaf-eventprocessing-operator-bundle,1.2.1-s390x,sha256:ba1c5f09d66093da646a1b8923f9a4443f13ed07da8266e62c038995a4ad09a9,IMAGE,linux,s390x,"",0,CASE,olm-bundle,""
icr.io,cpopen/iaf-eventprocessing-operator-bundle,1.2.1-ppc64le,sha256:b6b7160eee5a1742a9257f3053bacfda828e23016ffb3d86d03b8ca619f12775,IMAGE,linux,ppc64le,"",0,CASE,olm-bundle,""
icr.io,cpopen/iaf-eventprocessing-operator-bundle,1.3.0,sha256:3c978034497ab55d9174e8a65973f3c41e929225dc485b5ee18c8444538ee1d1,LIST,"","","",0,CASE,olm-bundle,""
icr.io,cpopen/iaf-eventprocessing-operator-bundle,1.3.0-amd64,sha256:b5ac51570239592bd4c191f6c6da53aec483505987e8cb96ceb2af464083e3ac,IMAGE,linux,amd64,"",0,CASE,olm-bundle,""
icr.io,cpopen/iaf-eventprocessing-operator-bundle,1.3.0-s390x,sha256:338f722825f802ae1a65edb51abcb7ba474c48e46503d530657515c7372c5dce,IMAGE,linux,s390x,"",0,CASE,olm-bundle,""
icr.io,cpopen/iaf-eventprocessing-operator-bundle,1.3.0-ppc64le,sha256:846f3e8a83b99c73c1afa27be0640bc68c5880d8082b31fecc4a4a60e6bcae1b,IMAGE,linux,ppc64le,"",0,CASE,olm-bundle,""
icr.io,cpopen/iaf-eventprocessing-operator-bundle,1.3.1,sha256:1108535bd21a6ee7a68d442417ca9d73b3e51523461a97fb7487cca527a2aa22,LIST,"","","",0,CASE,olm-bundle,""
icr.io,cpopen/iaf-eventprocessing-operator-bundle,1.3.1-amd64,sha256:86c36440aa058dca4da8816c02c75fe9dd59918ff9ebb8eabbff475f4f038346,IMAGE,linux,amd64,"",0,CASE,olm-bundle,""
icr.io,cpopen/iaf-eventprocessing-operator-bundle,1.3.1-s390x,sha256:111297d20d4077b228947a22d9361e6e35b18523ec005dc1b233abd06a116391,IMAGE,linux,s390x,"",0,CASE,olm-bundle,""
icr.io,cpopen/iaf-eventprocessing-operator-bundle,1.3.1-ppc64le,sha256:6eece9f0b9c3d08793a1323bf6e2030f81ece39e9023dbcf9e5ae365d692ab14,IMAGE,linux,ppc64le,"",0,CASE,olm-bundle,""
icr.io,cpopen/iaf-eventprocessing-operator-bundle,1.3.2,sha256:9df39e51dbde9eca240fc8043b699fb261ef6d3cfc3920a0a407bd966cf40090,LIST,"","","",0,CASE,olm-bundle,""
icr.io,cpopen/iaf-eventprocessing-operator-bundle,1.3.2-amd64,sha256:839b608418e09841e26001e76dea6c7e12941ce7c6e006834417d312ea42bac0,IMAGE,linux,amd64,"",0,CASE,olm-bundle,""
icr.io,cpopen/iaf-eventprocessing-operator-bundle,1.3.2-s390x,sha256:9cc36cc9818266ec95fd71a2b2a3b8ed88dd7f29c2823e6a94ea829192229ad4,IMAGE,linux,s390x,"",0,CASE,olm-bundle,""
icr.io,cpopen/iaf-eventprocessing-operator-bundle,1.3.2-ppc64le,sha256:b782f0658af83667499da6a2d71839b194b97172fa756b397334b49120b676b7,IMAGE,linux,ppc64le,"",0,CASE,olm-bundle,""
icr.io,cpopen/iaf-eventprocessing-operator-bundle,1.3.3,sha256:9920f980314b33c6f394c1b8f427e8358ffbf34457318f50f17ef54f884e92cf,LIST,"","","",0,CASE,olm-bundle,""
icr.io,cpopen/iaf-eventprocessing-operator-bundle,1.3.3-amd64,sha256:095a58bcd4cec95f3fea48ae32038b4af1b40f9d3081882ac7d04ecd0eb6663b,IMAGE,linux,amd64,"",0,CASE,olm-bundle,""
icr.io,cpopen/iaf-eventprocessing-operator-bundle,1.3.3-s390x,sha256:229def568696fc39fd6e7ffc964e44ee743c6588c1c9dd490eccccedf3cea8dc,IMAGE,linux,s390x,"",0,CASE,olm-bundle,""
icr.io,cpopen/iaf-eventprocessing-operator-bundle,1.3.3-ppc64le,sha256:0aceebedcae1ff2ea356eec83e63522b132b2650c180163e151acff161a87843,IMAGE,linux,ppc64le,"",0,CASE,olm-bundle,""
icr.io,cpopen/iaf-eventprocessing-operator-bundle,1.3.4,sha256:60cfa0e6e6af0d8a80f01fe9f40eb1eeb9c8c132707e099b83cf7573707e4d00,LIST,"","","",0,CASE,olm-bundle,""
icr.io,cpopen/iaf-eventprocessing-operator-bundle,1.3.4-amd64,sha256:1b6fb9562ce89a039f51b6e3580f4631ea341397daf9af22fce18ce5e9661203,IMAGE,linux,amd64,"",0,CASE,olm-bundle,""
icr.io,cpopen/iaf-eventprocessing-operator-bundle,1.3.4-s390x,sha256:14e98e3be3a1753e800e766048755e69343b6200ce3fe6f06a82a2d4d5675c9f,IMAGE,linux,s390x,"",0,CASE,olm-bundle,""
icr.io,cpopen/iaf-eventprocessing-operator-bundle,1.3.4-ppc64le,sha256:0bd01a43f64ad256e261f44e94b69ede30fcb4201946fee2124bd459c6b49162,IMAGE,linux,ppc64le,"",0,CASE,olm-bundle,""
icr.io,cpopen/iaf-eventprocessing-operator-bundle,1.3.5,sha256:ea87a14d33564ccab1267600c643014734e3a0e641ebd5950e2188232f2319a6,LIST,"","","",0,CASE,olm-bundle,""
icr.io,cpopen/iaf-eventprocessing-operator-bundle,1.3.5-amd64,sha256:cee4650ce8219a72ef77bd14c73867a9f6f9a2d65d04ec7aefb1c7e4c0506109,IMAGE,linux,amd64,"",0,CASE,olm-bundle,""
icr.io,cpopen/iaf-eventprocessing-operator-bundle,1.3.5-s390x,sha256:7205f035e1e439627073cd0846e598f943841b2a173a4acb46de41d29074c34f,IMAGE,linux,s390x,"",0,CASE,olm-bundle,""
icr.io,cpopen/iaf-eventprocessing-operator-bundle,1.3.5-ppc64le,sha256:8a02a70c8012d2c36c1c89c8c71e9e783271705f6968d35447a448b8002820cd,IMAGE,linux,ppc64le,"",0,CASE,olm-bundle,""
icr.io,cpopen/iaf-eventprocessing-operator-bundle,1.3.6,sha256:1e0a8790b49634606e9c4c85139e980e8666fc255e88a2146e3f65599b5cbb98,LIST,"","","",0,CASE,olm-bundle,""
icr.io,cpopen/iaf-eventprocessing-operator-bundle,1.3.6-amd64,sha256:1acfe6c7c78d4b13476c8c69eb55bd0609b2e42d7368f5a227a0703627cd907c,IMAGE,linux,amd64,"",0,CASE,olm-bundle,""
icr.io,cpopen/iaf-eventprocessing-operator-bundle,1.3.6-s390x,sha256:02279610158163f45dcaadefdf6324f8527081768a58e4e4db49ea90a5351699,IMAGE,linux,s390x,"",0,CASE,olm-bundle,""
icr.io,cpopen/iaf-eventprocessing-operator-bundle,1.3.6-ppc64le,sha256:03a84d83f12807daef4d1ab1fefea2a12a2d6cb610081d7aeeb1d64410e902d8,IMAGE,linux,ppc64le,"",0,CASE,olm-bundle,""
icr.io,cpopen/iaf-eventprocessing-operator-bundle,1.3.7,sha256:30ae6ac2de76947f0779cbb6bedcb459f88480235eb3c419b47fcd148bd6b67a,LIST,"","","",0,CASE,olm-bundle,""
icr.io,cpopen/iaf-eventprocessing-operator-bundle,1.3.7-amd64,sha256:a5ca7c7553574c88da349aa9d4577cd5c03631802508a975db93ba866d1d9d66,IMAGE,linux,amd64,"",0,CASE,olm-bundle,""
icr.io,cpopen/iaf-eventprocessing-operator-bundle,1.3.7-s390x,sha256:ca4ca6e47ee7110115a792b9f86c5ba16a9245e1c252e6144193140f30cd2fe3,IMAGE,linux,s390x,"",0,CASE,olm-bundle,""
icr.io,cpopen/iaf-eventprocessing-operator-bundle,1.3.7-ppc64le,sha256:b48ba67f5d35a5f4f7519080ea7794ed46826d96837bb4c42b35f01e489416ef,IMAGE,linux,ppc64le,"",0,CASE,olm-bundle,""
icr.io,cpopen/iaf-eventprocessing-operator-bundle,1.3.8,sha256:573d4c349d08c1861c128c7444acafd1fc38c85329af376c768c4d59570b988d,LIST,"","","",0,CASE,olm-bundle,""
icr.io,cpopen/iaf-eventprocessing-operator-bundle,1.3.8-amd64,sha256:58a2836a06b7066a9f04324b17a5ee961510f2c2e135421062158ee832d288a2,IMAGE,linux,amd64,"",0,CASE,olm-bundle,""
icr.io,cpopen/iaf-eventprocessing-operator-bundle,1.3.8-s390x,sha256:1541e773fd79bbcda5dc88ddd0c2a60cfc01d1eb0575d8e4e5265176592fefa2,IMAGE,linux,s390x,"",0,CASE,olm-bundle,""
icr.io,cpopen/iaf-eventprocessing-operator-bundle,1.3.8-ppc64le,sha256:3b083d137baadf8726ddc999cf1359a604b5b7c57d7b04754fb98bcf9d3827d6,IMAGE,linux,ppc64le,"",0,CASE,olm-bundle,""
icr.io,cpopen/iaf-eventprocessing-operator-bundle,1.3.9,sha256:2095457b77b1872c9d07d70db65be83f233e803b423099f8b75bc8065d18b99e,LIST,"","","",0,CASE,olm-bundle,""
icr.io,cpopen/iaf-eventprocessing-operator-bundle,1.3.9-amd64,sha256:7c3e19ffb80f42fef2c9c111fd88ed75136ec7a865607f9238798790f0e7e556,IMAGE,linux,amd64,"",0,CASE,olm-bundle,""
icr.io,cpopen/iaf-eventprocessing-operator-bundle,1.3.9-s390x,sha256:c674a2539813f75b81aa560093aa4d877f52e218607fb6e4d4db3ae68ac83d30,IMAGE,linux,s390x,"",0,CASE,olm-bundle,""
icr.io,cpopen/iaf-eventprocessing-operator-bundle,1.3.9-ppc64le,sha256:3fbe15b7a3fbcec76ba71afdc3f4995f52be27b0bb302d2d7341256cd9897389,IMAGE,linux,ppc64le,"",0,CASE,olm-bundle,""
docker.io,ibmcom/iaf-eventprocessing-operator,1.0.0,sha256:d3e7fb618677dc4e04cbb238f1ebc18c74f9b5de01ebb551180942660d250a0d,IMAGE,linux,amd64,"",0,CASE,"",""
docker.io,ibmcom/iaf-eventprocessing-operator,1.0.1,sha256:4bf0254fa64e6c914f945568cf1cedcb378b8099680dc92b0c684d30f617c8a9,IMAGE,linux,amd64,"",0,CASE,"",""
icr.io,cpopen/iaf-eventprocessing-operator,1.1.0,sha256:d6b29443ea6700ef2354837f585444b00d3e434beabedf77c7495e914b49c0a0,IMAGE,linux,amd64,"",0,CASE,"",""
icr.io,cpopen/iaf-eventprocessing-operator,1.2.0-amd64,sha256:99266afa27ec1c7240b00f86dd92221a233c37d46de29afdc4afdb3b5252c8b9,IMAGE,linux,amd64,"",0,CASE,"",""
icr.io,cpopen/iaf-eventprocessing-operator,1.2.0-s390x,sha256:a42bfb050386fd981b748f750950320450767486341de2f7a559144bbb5679c4,IMAGE,linux,s390x,"",0,CASE,"",""
icr.io,cpopen/iaf-eventprocessing-operator,1.2.0-ppc64le,sha256:317e8fcad1e6f805ec722a455f575e4361c3cf47a4fd79b44edb0838494d87eb,IMAGE,linux,ppc64le,"",0,CASE,"",""
icr.io,cpopen/iaf-eventprocessing-operator,1.2.1-amd64,sha256:8362e67419e9bd17ac8aa2882a0b2d97a6e16b5e84a2f4b5ca911287a0a1786a,IMAGE,linux,amd64,"",0,CASE,"",""
icr.io,cpopen/iaf-eventprocessing-operator,1.2.1-s390x,sha256:345492a9e5e0636bfa2dcba4404b0a664136bb2501f0ea57d27bd84b075febb5,IMAGE,linux,s390x,"",0,CASE,"",""
icr.io,cpopen/iaf-eventprocessing-operator,1.2.1-ppc64le,sha256:a00c91076ec06824cbde3d22f4762bd30c59e23e47affa1388e8228aecc8481a,IMAGE,linux,ppc64le,"",0,CASE,"",""
icr.io,cpopen/iaf-eventprocessing-operator,1.3.0-amd64,sha256:dd22080d6af40ea6bb2e500418db3dae68768842d0fdcfced766415e6f61157e,IMAGE,linux,amd64,"",0,CASE,"",""
icr.io,cpopen/iaf-eventprocessing-operator,1.3.0-s390x,sha256:0a7fc7eba01a9ab777919fd55601e27331d781746aebfef8879bcfa061afec0d,IMAGE,linux,s390x,"",0,CASE,"",""
icr.io,cpopen/iaf-eventprocessing-operator,1.3.0-ppc64le,sha256:abf6d4ddb3576210b3a9013c8a3de945f230efe847b3c8ea7075d3e2a9741dc3,IMAGE,linux,ppc64le,"",0,CASE,"",""
icr.io,cpopen/iaf-eventprocessing-operator,1.3.1-amd64,sha256:0e3426f6362f3b746eace7c6d76bc01bf0db301c337f5ddc6232f65401ba1f5f,IMAGE,linux,amd64,"",0,CASE,"",""
icr.io,cpopen/iaf-eventprocessing-operator,1.3.1-s390x,sha256:c926ccbe5e147684314de7e6729b19296b7095760248be6e0706f74ea7990ba7,IMAGE,linux,s390x,"",0,CASE,"",""
icr.io,cpopen/iaf-eventprocessing-operator,1.3.1-ppc64le,sha256:faaf63de6c61b93715d2d3a7256a3204116ac0012557e16ba562429e23feb2aa,IMAGE,linux,ppc64le,"",0,CASE,"",""
icr.io,cpopen/iaf-eventprocessing-operator,1.3.2-amd64,sha256:215675eae39abed176a9041f505e5a266f03818b47c5b62025cd965fbc5c6416,IMAGE,linux,amd64,"",0,CASE,"",""
icr.io,cpopen/iaf-eventprocessing-operator,1.3.2-s390x,sha256:5cd587ab50e00ed3fe4bb26004ac7e9ec7de39da5bf88af2cb6ead7a25dae5f5,IMAGE,linux,s390x,"",0,CASE,"",""
icr.io,cpopen/iaf-eventprocessing-operator,1.3.2-ppc64le,sha256:bbd3c894cf9b3f805ca4e7994046075b9f1043be1d8e3c2f90fc239044f1b4de,IMAGE,linux,ppc64le,"",0,CASE,"",""
icr.io,cpopen/iaf-eventprocessing-operator,1.3.3-amd64,sha256:1903a85e111e2406599606d16616d09f1908ad79eba2d7fa9dbd3974cfbe0167,IMAGE,linux,amd64,"",0,CASE,"",""
icr.io,cpopen/iaf-eventprocessing-operator,1.3.3-s390x,sha256:3e7c6fe17b0d6526e0af61421e25ce3f89809a50582ae7e601805406ce50ac94,IMAGE,linux,s390x,"",0,CASE,"",""
icr.io,cpopen/iaf-eventprocessing-operator,1.3.3-ppc64le,sha256:d6dce02f8e42167c4f232872a9ec49a70984c61d5ac46469036be26d03f45576,IMAGE,linux,ppc64le,"",0,CASE,"",""
icr.io,cpopen/iaf-eventprocessing-operator,1.3.4-amd64,sha256:5627bd64d96857d6338ebb53f1d789a6dd3871c72a73c80dbbfff587e2a661f7,IMAGE,linux,amd64,"",0,CASE,"",""
icr.io,cpopen/iaf-eventprocessing-operator,1.3.4-s390x,sha256:81e58ccd719b9d02e6aa458ebba96c9f895554aa3d5f32fc09294c6031aacf70,IMAGE,linux,s390x,"",0,CASE,"",""
icr.io,cpopen/iaf-eventprocessing-operator,1.3.4-ppc64le,sha256:cd9d77f256b71d72f86c206689cecab8e76e1ef6f20f55b10319f0161dd3abd6,IMAGE,linux,ppc64le,"",0,CASE,"",""
icr.io,cpopen/iaf-eventprocessing-operator,1.3.5-amd64,sha256:06c6994d11fb7d640191f015413239e7565c5360d943a78e7025a8bd3fb696b8,IMAGE,linux,amd64,"",0,CASE,"",""
icr.io,cpopen/iaf-eventprocessing-operator,1.3.5-s390x,sha256:404cafde248c558908efee42e566c4e7a32834807b0d28500eb4a3f5b4d8b662,IMAGE,linux,s390x,"",0,CASE,"",""
icr.io,cpopen/iaf-eventprocessing-operator,1.3.5-ppc64le,sha256:cefac42e6c4caffbdc34cadd22f4477bef7b2e5e38c77bc1b694b2cbd1925d08,IMAGE,linux,ppc64le,"",0,CASE,"",""
icr.io,cpopen/iaf-eventprocessing-operator,1.3.6-amd64,sha256:ed164de3e70fd277c7259944da5b9ac554cf2e77e8f4cc3dc4411a7ca0cb90d6,IMAGE,linux,amd64,"",0,CASE,"",""
icr.io,cpopen/iaf-eventprocessing-operator,1.3.6-s390x,sha256:1aa9789b7e5eaaa2baa0837e3d36bc297a02841329d5344bafc31aa70fad342b,IMAGE,linux,s390x,"",0,CASE,"",""
icr.io,cpopen/iaf-eventprocessing-operator,1.3.6-ppc64le,sha256:68f57a2ab1fb6ac5ab132f8dbc6742d9216a44d163f94707c5df0d2db1039deb,IMAGE,linux,ppc64le,"",0,CASE,"",""
icr.io,cpopen/iaf-eventprocessing-operator,1.3.7-amd64,sha256:b5cdf4fac396add44c5e1536083a5807faefe0c328d5f1ae46d4f90aaab20fb4,IMAGE,linux,amd64,"",0,CASE,"",""
icr.io,cpopen/iaf-eventprocessing-operator,1.3.7-s390x,sha256:64f43b4e7f4ff77b87d5b702575d2d47c3de04fa553eb745a2e17de047d3570e,IMAGE,linux,s390x,"",0,CASE,"",""
icr.io,cpopen/iaf-eventprocessing-operator,1.3.7-ppc64le,sha256:6dff63f48a23ae6da546785f9fdfd1a3306da0b49b35ad3cc5b33bd2236dad2a,IMAGE,linux,ppc64le,"",0,CASE,"",""
icr.io,cpopen/iaf-eventprocessing-operator,1.3.8-amd64,sha256:dc61861c15b0f33c54483591896ecd7e5db93c56564e17ddbbb3c672f011ac6a,IMAGE,linux,amd64,"",0,CASE,"",""
icr.io,cpopen/iaf-eventprocessing-operator,1.3.8-s390x,sha256:7a3aecb65253b76cd887b8d7861c1f11bfcb0216634c2952b7534820e23f9abd,IMAGE,linux,s390x,"",0,CASE,"",""
icr.io,cpopen/iaf-eventprocessing-operator,1.3.8-ppc64le,sha256:544f42595ae4d2d20c0b522063a70365f8334b841ca5c1b5ecc3cbc0f5cd5c35,IMAGE,linux,ppc64le,"",0,CASE,"",""
icr.io,cpopen/iaf-eventprocessing-operator,1.3.9-amd64,sha256:161ea8fb230e5a6893f43c85cab1ab150c71a7ea5190531704c9df6c8d442b40,IMAGE,linux,amd64,"",0,CASE,"",""
icr.io,cpopen/iaf-eventprocessing-operator,1.3.9-s390x,sha256:fc016d4f6d6fb7a6080a4e4c278010e631e16dd1ee5236eef130e3c0cf75e632,IMAGE,linux,s390x,"",0,CASE,"",""
icr.io,cpopen/iaf-eventprocessing-operator,1.3.9-ppc64le,sha256:2647f8abdaa351bc5491b11a2c8336861244ad7083a6a29b475053c78411ee20,IMAGE,linux,ppc64le,"",0,CASE,"",""
docker.io,ibmcom/iaf-flink-operator-bundle,1.0.0,sha256:5d8595c84c2b06322be3a56b3b9b6979bde38234180a02e78b1134728e84db59,IMAGE,linux,amd64,"",0,CASE,olm-bundle,""
docker.io,ibmcom/iaf-flink-operator-bundle,1.0.1,sha256:173abc8769472f7c1e56316f3a7c29c07edff71e64b320d5fa0c2f7e71421b0e,IMAGE,linux,amd64,"",0,CASE,olm-bundle,""
docker.io,ibmcom/iaf-flink-operator-bundle,1.0.2,sha256:783a82760fa13fbc5ada8234d652a23fd4b7f1c30a489347fc386471011008c5,IMAGE,linux,amd64,"",0,CASE,olm-bundle,""
icr.io,cpopen/iaf-flink-operator-bundle,1.1.0,sha256:b0ba0f3f86baf9175b12343363c8242dc96c1ab4621b3b5b1b1f6457c5a69df9,IMAGE,linux,amd64,"",0,CASE,olm-bundle,""
icr.io,cpopen/iaf-flink-operator-bundle,1.2.0,sha256:f3533597103532cb5559d56d8cac853ed18a6ed5310f37178ce03ace0c8f5a05,LIST,"","","",0,CASE,olm-bundle,""
icr.io,cpopen/iaf-flink-operator-bundle,1.2.0-amd64,sha256:a6fc5728bd488157c1a29f7a836c8539246cbd05d8135f028a0b6b13cd8cf85f,IMAGE,linux,amd64,"",0,CASE,olm-bundle,""
icr.io,cpopen/iaf-flink-operator-bundle,1.2.0-s390x,sha256:de898d0b7a921231b62a7ad66b4729a716446e0b7b98c070dee8495cf94323c4,IMAGE,linux,s390x,"",0,CASE,olm-bundle,""
icr.io,cpopen/iaf-flink-operator-bundle,1.2.0-ppc64le,sha256:3880131be8050e9dcfed36a6155cf1b1928ca9f1824cbf5e2ab60501407b8798,IMAGE,linux,ppc64le,"",0,CASE,olm-bundle,""
icr.io,cpopen/iaf-flink-operator-bundle,1.2.1,sha256:cef1a70774157abdaa57d14effc02c2cb34f2e8d5edae56a7cd65c7514414b9a,LIST,"","","",0,CASE,olm-bundle,""
icr.io,cpopen/iaf-flink-operator-bundle,1.2.1-amd64,sha256:650628de6e47b96fbe0b9922dc625f2168e2536d63cda00bdda855f68123559e,IMAGE,linux,amd64,"",0,CASE,olm-bundle,""
icr.io,cpopen/iaf-flink-operator-bundle,1.2.1-s390x,sha256:e8dde0ca378ea57f72fc3e80288bfee6d5545d78a62aefee8bba8ef4146384c7,IMAGE,linux,s390x,"",0,CASE,olm-bundle,""
icr.io,cpopen/iaf-flink-operator-bundle,1.2.1-ppc64le,sha256:5c311ab47add5740c02a6c56e0fa8f7b8c7e78c8a5a15a219acef8ca304650d6,IMAGE,linux,ppc64le,"",0,CASE,olm-bundle,""
icr.io,cpopen/iaf-flink-operator-bundle,1.3.0,sha256:718c34ba4c06fc446f41f84e80e9779ec2af6a00d9bdc7dbbf6041f881c5bba7,LIST,"","","",0,CASE,olm-bundle,""
icr.io,cpopen/iaf-flink-operator-bundle,1.3.0-amd64,sha256:326a9637110cb19253de0e76bf9c7d80251f128fe5515109e2b5c461ecf10e18,IMAGE,linux,amd64,"",0,CASE,olm-bundle,""
icr.io,cpopen/iaf-flink-operator-bundle,1.3.0-s390x,sha256:486b8979c137aa4ad83aa7898f08d1adddaf986175ce475d827b8a2341122edf,IMAGE,linux,s390x,"",0,CASE,olm-bundle,""
icr.io,cpopen/iaf-flink-operator-bundle,1.3.0-ppc64le,sha256:a2925c6f513758e5967c9d809bd75703e0454467ee43db465b0424afdb3ecad9,IMAGE,linux,ppc64le,"",0,CASE,olm-bundle,""
icr.io,cpopen/iaf-flink-operator-bundle,1.3.1,sha256:20fcb053f1b8127fd755a95877c85504855a9e31ab6c556efcf27f5efe37235a,LIST,"","","",0,CASE,olm-bundle,""
icr.io,cpopen/iaf-flink-operator-bundle,1.3.1-amd64,sha256:29eba6397c38d8b4db378afb5c69c8c8e57cf38274b3d0f4cd5b1e76cdef1b60,IMAGE,linux,amd64,"",0,CASE,olm-bundle,""
icr.io,cpopen/iaf-flink-operator-bundle,1.3.1-s390x,sha256:3e9fbab4853002b62f4c5b03298286e70c6f1ba510d2c293e8c57a615b10a87d,IMAGE,linux,s390x,"",0,CASE,olm-bundle,""
icr.io,cpopen/iaf-flink-operator-bundle,1.3.1-ppc64le,sha256:e8b489bb4409d37059b5ec941455c20da81bf9a88c3b34f0a9fd5a8b44ca8451,IMAGE,linux,ppc64le,"",0,CASE,olm-bundle,""
icr.io,cpopen/iaf-flink-operator-bundle,1.3.2,sha256:a6d267b720239861cd30e48d7aea1738086f215db1ef082616c3b64f25c2b512,LIST,"","","",0,CASE,olm-bundle,""
icr.io,cpopen/iaf-flink-operator-bundle,1.3.2-amd64,sha256:071d40719c0f306025db0e3e88cf3850bab39dd4ef8b21c7484d216bb6cbbe32,IMAGE,linux,amd64,"",0,CASE,olm-bundle,""
icr.io,cpopen/iaf-flink-operator-bundle,1.3.2-s390x,sha256:26109fd5e33ab7d58e7e9f90e31ac7b42fdc276bc7918fe2ac86adc6226b1285,IMAGE,linux,s390x,"",0,CASE,olm-bundle,""
icr.io,cpopen/iaf-flink-operator-bundle,1.3.2-ppc64le,sha256:70f92993a53e4185f5c2d6e2966e7b12bb3ccd585517ddd2a103ecb38d778460,IMAGE,linux,ppc64le,"",0,CASE,olm-bundle,""
icr.io,cpopen/iaf-flink-operator-bundle,1.3.3,sha256:3b93a498e66616fa250b1908de777155456f4ffd4def137070bac60f5365fae5,LIST,"","","",0,CASE,olm-bundle,""
icr.io,cpopen/iaf-flink-operator-bundle,1.3.3-amd64,sha256:3460f6f3e93609cd845e92adf8bc4c7ea18c541270e166740a7716325604c378,IMAGE,linux,amd64,"",0,CASE,olm-bundle,""
icr.io,cpopen/iaf-flink-operator-bundle,1.3.3-s390x,sha256:f34e6311369868ca457a9913c2fa632b65b64ac5d49aac33969254ac6bcfdcc8,IMAGE,linux,s390x,"",0,CASE,olm-bundle,""
icr.io,cpopen/iaf-flink-operator-bundle,1.3.3-ppc64le,sha256:e489dc9a6967b9e567e5633a5b46e6beee0cfa40b7f61e1238efd4a978505558,IMAGE,linux,ppc64le,"",0,CASE,olm-bundle,""
icr.io,cpopen/iaf-flink-operator-bundle,1.3.4,sha256:167e9eb64f40cd2ab310185312c1930b6de64efba07cfd8b933c0f6a46e11eea,LIST,"","","",0,CASE,olm-bundle,""
icr.io,cpopen/iaf-flink-operator-bundle,1.3.4-amd64,sha256:34b5222a896a383ef3fb1a5ee3e27e71c3b24a18b3951eeb2bcecf64a8c411c6,IMAGE,linux,amd64,"",0,CASE,olm-bundle,""
icr.io,cpopen/iaf-flink-operator-bundle,1.3.4-s390x,sha256:bd573c164c5c91c76ad2bc6bc71a72bef200f1cc12e52769c13552128e582020,IMAGE,linux,s390x,"",0,CASE,olm-bundle,""
icr.io,cpopen/iaf-flink-operator-bundle,1.3.4-ppc64le,sha256:ae2716605f8c09672e6d1591f816cebd45331a41e1a719850ef42e16a6fbf96e,IMAGE,linux,ppc64le,"",0,CASE,olm-bundle,""
icr.io,cpopen/iaf-flink-operator-bundle,1.3.5,sha256:259e6dba1ed1c5900ce4d9578f883624ff95d4d437057b3f8d037bed7c5d175e,LIST,"","","",0,CASE,olm-bundle,""
icr.io,cpopen/iaf-flink-operator-bundle,1.3.5-amd64,sha256:a8a307b3ddf9b989dab8c86935aee07ee6bfd9aa31a9a26d688bc00205829a6b,IMAGE,linux,amd64,"",0,CASE,olm-bundle,""
icr.io,cpopen/iaf-flink-operator-bundle,1.3.5-s390x,sha256:ca39ce23522b4f4d5249756abb23e4df0bb5446bdd3685034f6fd5b7c7ca3b50,IMAGE,linux,s390x,"",0,CASE,olm-bundle,""
icr.io,cpopen/iaf-flink-operator-bundle,1.3.5-ppc64le,sha256:ee52335094bd1160886f956f2887fffaee0fc31b050a6a34e66b775df0ff0b5e,IMAGE,linux,ppc64le,"",0,CASE,olm-bundle,""
icr.io,cpopen/iaf-flink-operator-bundle,1.3.6,sha256:15b359593953c6f7b544cb92e4d7a7f941cda15dc271428b08ff4219417b8f28,LIST,"","","",0,CASE,olm-bundle,""
icr.io,cpopen/iaf-flink-operator-bundle,1.3.6-amd64,sha256:b232a5bcf29a2e855a6f4f01dea21ba0f90c5cee4712153c4b76f891463089cd,IMAGE,linux,amd64,"",0,CASE,olm-bundle,""
icr.io,cpopen/iaf-flink-operator-bundle,1.3.6-s390x,sha256:33c9e35b022e27b34bb3fe3275571e0cb8711f0df97961ba58fb7d04fc19901e,IMAGE,linux,s390x,"",0,CASE,olm-bundle,""
icr.io,cpopen/iaf-flink-operator-bundle,1.3.6-ppc64le,sha256:50cf865627776c913b22e364c219c9d1d9fbd394594e56b37d0f5c74d633639f,IMAGE,linux,ppc64le,"",0,CASE,olm-bundle,""
icr.io,cpopen/iaf-flink-operator-bundle,1.3.7,sha256:ce3bea48e93b7a4a9d1498d5b44b99c4be1078b62104050d8edcb80d5071e1b6,LIST,"","","",0,CASE,olm-bundle,""
icr.io,cpopen/iaf-flink-operator-bundle,1.3.7-amd64,sha256:3d2c0e189f082e417b2b16dd0355d9efadedb0906366e7f53fcf51271abdfb9c,IMAGE,linux,amd64,"",0,CASE,olm-bundle,""
icr.io,cpopen/iaf-flink-operator-bundle,1.3.7-s390x,sha256:7ad4b4e09bed106e7766905c92a375f080a9027c150bf23d464ef9ec82dbaa22,IMAGE,linux,s390x,"",0,CASE,olm-bundle,""
icr.io,cpopen/iaf-flink-operator-bundle,1.3.7-ppc64le,sha256:1642d78b7dfce60ee51e0a661d03c4aa7ed0965c43c30597e4be017a88c70361,IMAGE,linux,ppc64le,"",0,CASE,olm-bundle,""
icr.io,cpopen/iaf-flink-operator-bundle,1.3.8,sha256:7e33def10dd50a75ce82942e9aa16d0e0efd2af5b02f7b601e1138c07b820388,LIST,"","","",0,CASE,olm-bundle,""
icr.io,cpopen/iaf-flink-operator-bundle,1.3.8-amd64,sha256:e179c6b499c5872997c3096669ae297494f02968e9c9a42a2cfc7a51a5a67de0,IMAGE,linux,amd64,"",0,CASE,olm-bundle,""
icr.io,cpopen/iaf-flink-operator-bundle,1.3.8-s390x,sha256:863708cdffbe12cbbf515589ab75ec0fe769543b735082a78b22f27f24c2f0a8,IMAGE,linux,s390x,"",0,CASE,olm-bundle,""
icr.io,cpopen/iaf-flink-operator-bundle,1.3.8-ppc64le,sha256:56a89cfbd3a7e75021482ab6bb252e2d4e8589a978313cff3cbaea52ce6114d1,IMAGE,linux,ppc64le,"",0,CASE,olm-bundle,""
docker.io,ibmcom/iaf-flink-operator,1.0.0,sha256:b0628894aaf99d92f9f3c276189ac20baaf68a4f37da22e49e20218f46f22caf,IMAGE,linux,amd64,"",0,CASE,"",""
docker.io,ibmcom/iaf-flink-operator,1.0.1,sha256:4c763d4eaada449fa0f0203641ee3f3b27cd9ca5f2fbb2a949d1baca4676bd07,IMAGE,linux,amd64,"",0,CASE,"",""
docker.io,ibmcom/iaf-flink-operator,1.0.2,sha256:d7d1e5317eac674e6842f5646a7c231bd173e578fdc5f4f22b73b5efd5d938ec,IMAGE,linux,amd64,"",0,CASE,"",""
icr.io,cpopen/iaf-flink-operator,1.1.0,sha256:1427cca1e0094984b94e5be4659d9896fec340e1059450878819026070329793,IMAGE,linux,amd64,"",0,CASE,"",""
icr.io,cpopen/iaf-flink-operator,1.2.0-amd64,sha256:676392ccb8708d8dcd5bb2bea52aa3b95c81991d598db02a7201df31f5ba214a,IMAGE,linux,amd64,"",0,CASE,"",""
icr.io,cpopen/iaf-flink-operator,1.2.0-s390x,sha256:3d4cdd99a8c6f6a4be875bc0ed9e7ba4b1ff13e597961c6d58318805fda6215d,IMAGE,linux,s390x,"",0,CASE,"",""
icr.io,cpopen/iaf-flink-operator,1.2.0-ppc64le,sha256:f0491d42f9d490f02603a0037023bc401e6f1a80a756eb3fdcc3d4ca4151412b,IMAGE,linux,ppc64le,"",0,CASE,"",""
icr.io,cpopen/iaf-flink-operator,1.2.1-amd64,sha256:95bada3d0a73aae6c1ef5ccc257fb0ce5f714bae0a43eba81570dd21168e604e,IMAGE,linux,amd64,"",0,CASE,"",""
icr.io,cpopen/iaf-flink-operator,1.2.1-s390x,sha256:3a6221118a2410b2d01a33f49acb94991c141c3142da875cb5d1805512e85d5a,IMAGE,linux,s390x,"",0,CASE,"",""
icr.io,cpopen/iaf-flink-operator,1.2.1-ppc64le,sha256:36a128523b35d4737528eb784fb2471a0b77c5084552dca1183f717becead4b3,IMAGE,linux,ppc64le,"",0,CASE,"",""
icr.io,cpopen/iaf-flink-operator,1.3.0-amd64,sha256:7f02679a1c627b69e880e06d4cc10a9b3d4dd7a1406106b60ecb39d654dbac39,IMAGE,linux,amd64,"",0,CASE,"",""
icr.io,cpopen/iaf-flink-operator,1.3.0-s390x,sha256:d695ceff0b4e9f834565a8f34fdb4d6f2dddd643a5d2f69e49835bd78ec9256b,IMAGE,linux,s390x,"",0,CASE,"",""
icr.io,cpopen/iaf-flink-operator,1.3.0-ppc64le,sha256:8c27e30795ef64e42aced6c9b3c9327d3a088400b56a96db30ed3efa471b9f03,IMAGE,linux,ppc64le,"",0,CASE,"",""
icr.io,cpopen/iaf-flink-operator,1.3.1-amd64,sha256:d5ffa3b0883b75d1b2c660d07d7b65248122aa55dbc341c558afde67a7400a08,IMAGE,linux,amd64,"",0,CASE,"",""
icr.io,cpopen/iaf-flink-operator,1.3.1-s390x,sha256:2d5c304d775a75a9d5f4bd52a88db63cbf5f6547f1f274f30a9ee814d84cd1c9,IMAGE,linux,s390x,"",0,CASE,"",""
icr.io,cpopen/iaf-flink-operator,1.3.1-ppc64le,sha256:cdc79709e015231e4613cc901cb81c49a4acecd0ecc903ad9502c886aa8c0424,IMAGE,linux,ppc64le,"",0,CASE,"",""
icr.io,cpopen/iaf-flink-operator,1.3.2-amd64,sha256:fdbc09670a23d0ab1ede03cad2e2122dcb628da4e32e1200c671e3864f449acd,IMAGE,linux,amd64,"",0,CASE,"",""
icr.io,cpopen/iaf-flink-operator,1.3.2-s390x,sha256:b5a5ba538db22f0f42a49aa961d2df88ceedb14f565fd683373e5e9684553dcd,IMAGE,linux,s390x,"",0,CASE,"",""
icr.io,cpopen/iaf-flink-operator,1.3.2-ppc64le,sha256:89ae4298498b141cea1006494b7bbe7f2baee01ac94ac8aaefa99dacdbc4a905,IMAGE,linux,ppc64le,"",0,CASE,"",""
icr.io,cpopen/iaf-flink-operator,1.3.3-amd64,sha256:3a568136e025a7a79ad7e60c827aa72609e0c1ee7c3ad83a54cb63fa5acdd538,IMAGE,linux,amd64,"",0,CASE,"",""
icr.io,cpopen/iaf-flink-operator,1.3.3-s390x,sha256:540ffbe7cc5dbd5ca5607da6df739e009e0c66282280b09bd00b2bde6e3899e9,IMAGE,linux,s390x,"",0,CASE,"",""
icr.io,cpopen/iaf-flink-operator,1.3.3-ppc64le,sha256:6bf498a05cac38adbc766d421da0b18ab83c988b9e601e409113ee8ce1b298aa,IMAGE,linux,ppc64le,"",0,CASE,"",""
icr.io,cpopen/iaf-flink-operator,1.3.4-amd64,sha256:a4bc6d19b4f9aa69daffba3748fca83e7ec8b3ab895f06dd695d6421550070f6,IMAGE,linux,amd64,"",0,CASE,"",""
icr.io,cpopen/iaf-flink-operator,1.3.4-s390x,sha256:6c185981fb4367a8e32429a116be493884c8e34ab4adbeee76eb6aa20119c537,IMAGE,linux,s390x,"",0,CASE,"",""
icr.io,cpopen/iaf-flink-operator,1.3.4-ppc64le,sha256:d1411a0997b01c03cdeb910db3428ade4ad7f9d6300f5fef132cd35d5e4f6ce0,IMAGE,linux,ppc64le,"",0,CASE,"",""
icr.io,cpopen/iaf-flink-operator,1.3.5-amd64,sha256:f774104831f72126efac865446c8f7231d4c844f8df234b60f9c0bd46d11adab,IMAGE,linux,amd64,"",0,CASE,"",""
icr.io,cpopen/iaf-flink-operator,1.3.5-s390x,sha256:8eae32cb8b22eae85d47e437a0bae98cc7e4458ae5026909a2af8c6f9a61a927,IMAGE,linux,s390x,"",0,CASE,"",""
icr.io,cpopen/iaf-flink-operator,1.3.5-ppc64le,sha256:2102fa9d8dfec435d4c6e8f444b07dca0ad7b43a73deaac24652dfdea483d2e1,IMAGE,linux,ppc64le,"",0,CASE,"",""
icr.io,cpopen/iaf-flink-operator,1.3.6-amd64,sha256:3d94167a7fe8877719f19f0002d12d8628d270bf2e9e34c7404abcceebb07fe1,IMAGE,linux,amd64,"",0,CASE,"",""
icr.io,cpopen/iaf-flink-operator,1.3.6-s390x,sha256:074c58320ce22e57618286ee425384299594a9350de2ad351dd05925a538940b,IMAGE,linux,s390x,"",0,CASE,"",""
icr.io,cpopen/iaf-flink-operator,1.3.6-ppc64le,sha256:a83666e608f0f522e00f3e8fa1a43957c86cbd74b33cab4c46d3b7271242790e,IMAGE,linux,ppc64le,"",0,CASE,"",""
icr.io,cpopen/iaf-flink-operator,1.3.7-amd64,sha256:a8a5324999c1976c959d75a7b45cb1d4db6c22904943c0fe09eec31b6852eae6,IMAGE,linux,amd64,"",0,CASE,"",""
icr.io,cpopen/iaf-flink-operator,1.3.7-s390x,sha256:7f90f68f575ee28d12dd0e41ff09dbe1dfd43e866de54d78c565bddf43e31ace,IMAGE,linux,s390x,"",0,CASE,"",""
icr.io,cpopen/iaf-flink-operator,1.3.7-ppc64le,sha256:d2c4d7dd379d1fba4af368cff96e82e51dd6ca0820072bda64f68dc68ea3ee70,IMAGE,linux,ppc64le,"",0,CASE,"",""
icr.io,cpopen/iaf-flink-operator,1.3.8-amd64,sha256:2f2aaff689889e9d59070714ab89f2ac2ad62bfad894bda03e79961a663a1110,IMAGE,linux,amd64,"",0,CASE,"",""
icr.io,cpopen/iaf-flink-operator,1.3.8-s390x,sha256:ab3e6df8921e6f00d937c9094b59df673e5af8ae6cb78eab214c77c492fe4f2e,IMAGE,linux,s390x,"",0,CASE,"",""
icr.io,cpopen/iaf-flink-operator,1.3.8-ppc64le,sha256:9d414aae3688a6cfb13d636d48c3e4eb5dacc7c1a4ab76777fe8e44c21a75737,IMAGE,linux,ppc64le,"",0,CASE,"",""
docker.io,ibmcom/iaf-ai-operator-bundle,1.0.0,sha256:e5354f8905c33a7a952c77e6de75431d94021f4131c84940548f1a2097a7e6c1,IMAGE,linux,amd64,"",0,CASE,olm-bundle,""
docker.io,ibmcom/iaf-ai-operator-bundle,1.0.1,sha256:c24f304bf9d6e2edb0cf362138b5dba763507850ac05c88816ad1da4671a7b5b,IMAGE,linux,amd64,"",0,CASE,olm-bundle,""
docker.io,ibmcom/iaf-ai-operator-bundle,1.0.2,sha256:c3417ad776dbafc4aca72e2ebcbc95fe9e0b4a7431144c3bf0dc4645c8063c2e,IMAGE,linux,amd64,"",0,CASE,olm-bundle,""
icr.io,cpopen/iaf-ai-operator-bundle,1.1.0,sha256:b6b05516f2ec67fe63f095a490ef428ebebc97e1b5810d8ee8fc400f0d694430,IMAGE,linux,amd64,"",0,CASE,olm-bundle,""
docker.io,ibmcom/iaf-ai-operator,1.0.0,sha256:8aa3f1e43fa2465c4ecfe26d9240830342905a0540c92d7f2e2825a7e69d6b18,IMAGE,linux,amd64,"",0,CASE,"",""
docker.io,ibmcom/iaf-ai-operator,1.0.1,sha256:24bd0cd741b7a1d0f6ab0f57ba80869aab5c5dbc83be5ae38e22de2c3917b461,IMAGE,linux,amd64,"",0,CASE,"",""
docker.io,ibmcom/iaf-ai-operator,1.0.2,sha256:a65a954ef09a234e55da86f7d20d274d8c2c9ac0afa775c63e3841a4b7aeee26,IMAGE,linux,amd64,"",0,CASE,"",""
icr.io,cpopen/iaf-ai-operator,1.1.0,sha256:5685432df9c5739e68cbd389efd65ddbf192643a796c668dc0dec5700505f66c,IMAGE,linux,amd64,"",0,CASE,"",""
docker.io,ibmcom/iaf-base-operator-bundle,1.0.0,sha256:6cfd5f13a421049fa36b08c6f0ba204eff30cf0378604317d834a66f2ae0d4f4,IMAGE,linux,amd64,"",0,CASE,olm-bundle,""
docker.io,ibmcom/iaf-base-operator-bundle,1.0.1,sha256:2f92518bb613d21a9ee657fe3a0f817965c765b6733b327b63d1b57f57471e19,IMAGE,linux,amd64,"",0,CASE,olm-bundle,""
docker.io,ibmcom/iaf-base-operator-bundle,1.0.2,sha256:aa0f3a319ea674e8b12c7e944f23037cc7df19fd0e5d973a7fcdff3a6a52b6de,IMAGE,linux,amd64,"",0,CASE,olm-bundle,""
icr.io,cpopen/iaf-base-operator-bundle,1.1.0,sha256:7d5efba9fdb14d4977a16617adc1cc68219188e3bf33ea78adebc76aba1741d4,IMAGE,linux,amd64,"",0,CASE,olm-bundle,""
icr.io,cpopen/iaf-base-operator-bundle,1.2.0,sha256:7d582a97331c6167cdb6b83cd26c08d69edbfed003420cf30b40a88cf599ed48,LIST,"","","",0,CASE,olm-bundle,""
icr.io,cpopen/iaf-base-operator-bundle,1.2.0-amd64,sha256:1a443f5d2a470e17498179efcb0ab1acf0a51ef91301713faee5ab1da5df1abc,IMAGE,linux,amd64,"",0,CASE,olm-bundle,""
icr.io,cpopen/iaf-base-operator-bundle,1.2.0-s390x,sha256:72a1a694f4f666aba62a5422c092b687820b26d4c4834f0982355d2d19963471,IMAGE,linux,s390x,"",0,CASE,olm-bundle,""
icr.io,cpopen/iaf-base-operator-bundle,1.2.0-ppc64le,sha256:b775380e33257caeddcf4512395e6dc06732582deb77b1b428af814aed4764bf,IMAGE,linux,ppc64le,"",0,CASE,olm-bundle,""
icr.io,cpopen/iaf-base-operator-bundle,1.2.1,sha256:3dc45da314e0f207513e01dd93634a01541178613d1142e563e8111ad484555c,LIST,"","","",0,CASE,olm-bundle,""
icr.io,cpopen/iaf-base-operator-bundle,1.2.1-amd64,sha256:8297aa0c29b9cbbfddba4b8dfa9b58aa5d4bcfc5e5603ea6e4a14330c51bc63c,IMAGE,linux,amd64,"",0,CASE,olm-bundle,""
icr.io,cpopen/iaf-base-operator-bundle,1.2.1-s390x,sha256:945a3c3e07371573c9785a087a4e4e7eef643569ab47324261046b0cb95c00f6,IMAGE,linux,s390x,"",0,CASE,olm-bundle,""
icr.io,cpopen/iaf-base-operator-bundle,1.2.1-ppc64le,sha256:7fb838b46f28ed1ceed9b762f372abd5ff46bce26500a0c478f454fa55935c2a,IMAGE,linux,ppc64le,"",0,CASE,olm-bundle,""
icr.io,cpopen/iaf-base-operator-bundle,1.3.0,sha256:a39838b9625df4d94e243517f690f4d5e4724716a5b8183c266c998246058b9d,LIST,"","","",0,CASE,olm-bundle,""
icr.io,cpopen/iaf-base-operator-bundle,1.3.0-amd64,sha256:467cf8cd7730ef50661caef71527d70cb41b3002f00bb16d53f120f6448796b6,IMAGE,linux,amd64,"",0,CASE,olm-bundle,""
icr.io,cpopen/iaf-base-operator-bundle,1.3.0-s390x,sha256:76c0318e956948acaf67b58398f0285edabb226d4d7e3895886c0c0aa5ca8ca8,IMAGE,linux,s390x,"",0,CASE,olm-bundle,""
icr.io,cpopen/iaf-base-operator-bundle,1.3.0-ppc64le,sha256:9ff5fb373f7b3f859e270934c5200ff4c97b2f4db67e3fc375562d645c1cf779,IMAGE,linux,ppc64le,"",0,CASE,olm-bundle,""
icr.io,cpopen/iaf-base-operator-bundle,1.3.1,sha256:40e640a00b06ce8c92425f5a8e8f51b767f5db2ab1705fe6c7f958b5a456c18f,LIST,"","","",0,CASE,olm-bundle,""
icr.io,cpopen/iaf-base-operator-bundle,1.3.1-amd64,sha256:e2ae51016615362a20dfeda8b5a1d4c9fba8ab091de50c0d392473a5b6f63902,IMAGE,linux,amd64,"",0,CASE,olm-bundle,""
icr.io,cpopen/iaf-base-operator-bundle,1.3.1-s390x,sha256:6fdd0380c33b6355bfe6f27fa386bda9d424b47aab9bcd5afe1506d5728a5928,IMAGE,linux,s390x,"",0,CASE,olm-bundle,""
icr.io,cpopen/iaf-base-operator-bundle,1.3.1-ppc64le,sha256:1abbcdee0cb4aded87ec306d64dc779dececd45c007b0edac7320e7baad1a508,IMAGE,linux,ppc64le,"",0,CASE,olm-bundle,""
icr.io,cpopen/iaf-base-operator-bundle,1.3.2,sha256:e43ff9d09d198f5010f9d5c8fe4fdf1816cbf6e6e65d874c2a2d94d26349b282,LIST,"","","",0,CASE,olm-bundle,""
icr.io,cpopen/iaf-base-operator-bundle,1.3.2-amd64,sha256:80f442f7df1680d664e63244e986809f8a4397c7b7b78bc122011eaa9e377e82,IMAGE,linux,amd64,"",0,CASE,olm-bundle,""
icr.io,cpopen/iaf-base-operator-bundle,1.3.2-s390x,sha256:836d4a363f590c5a78ae80acff5fb210a1607877738a2bb40611e23c51d25adf,IMAGE,linux,s390x,"",0,CASE,olm-bundle,""
icr.io,cpopen/iaf-base-operator-bundle,1.3.2-ppc64le,sha256:908c3044eea075de661a12be7cf9fc6f8946aabbf3812ef9b5f7d49e8118c243,IMAGE,linux,ppc64le,"",0,CASE,olm-bundle,""
icr.io,cpopen/iaf-base-operator-bundle,1.3.3,sha256:ce136bf3a5b36d1abc4ec14dc8e495b2862f2301013942ad37c6579af2b21848,LIST,"","","",0,CASE,olm-bundle,""
icr.io,cpopen/iaf-base-operator-bundle,1.3.3-amd64,sha256:431201d9b211a2832b1d5f01827f7c83aa88911a781f7adc96adc23b088f370d,IMAGE,linux,amd64,"",0,CASE,olm-bundle,""
icr.io,cpopen/iaf-base-operator-bundle,1.3.3-s390x,sha256:7d1eca52bf549f5ae11d4a99d579c6b683d132508ab96fa5ccebc77b9248cfcb,IMAGE,linux,s390x,"",0,CASE,olm-bundle,""
icr.io,cpopen/iaf-base-operator-bundle,1.3.3-ppc64le,sha256:8ebe8d19df35ec895e29c64e84303dbb3b2fa1fde98f7ba3667cd786b50c1692,IMAGE,linux,ppc64le,"",0,CASE,olm-bundle,""
icr.io,cpopen/iaf-base-operator-bundle,1.3.4,sha256:b0017021e3c50598928082834359e2772093bb629e5e5e6ab9eb245b6d28d98c,LIST,"","","",0,CASE,olm-bundle,""
icr.io,cpopen/iaf-base-operator-bundle,1.3.4-amd64,sha256:09d6307bf62f06550bd4207a0bedbf8b9e4ce45d9f52d220d2ed6854cf93f56a,IMAGE,linux,amd64,"",0,CASE,olm-bundle,""
icr.io,cpopen/iaf-base-operator-bundle,1.3.4-s390x,sha256:e523c5643b7329e41f77836bc58b5cf688cf3217103bc6ba90e962852103d3c2,IMAGE,linux,s390x,"",0,CASE,olm-bundle,""
icr.io,cpopen/iaf-base-operator-bundle,1.3.4-ppc64le,sha256:3119868f5686c5a8eb6aeb52333f66bbeef9d028f4f98d01b45cd02c2a71d0b2,IMAGE,linux,ppc64le,"",0,CASE,olm-bundle,""
icr.io,cpopen/iaf-base-operator-bundle,1.3.5,sha256:ba50b6443f473ae22560b09429bd29d3e5ba1b42fd1274d936d5b79f0dda34e7,LIST,"","","",0,CASE,olm-bundle,""
icr.io,cpopen/iaf-base-operator-bundle,1.3.5-amd64,sha256:506410125d6a6d70d505163066287bf984585ec003f349b254374bc56d558a97,IMAGE,linux,amd64,"",0,CASE,olm-bundle,""
icr.io,cpopen/iaf-base-operator-bundle,1.3.5-s390x,sha256:5493f5d297204bba519ee929ad0698812ae51b8207a1053cb58b9405e38bac18,IMAGE,linux,s390x,"",0,CASE,olm-bundle,""
icr.io,cpopen/iaf-base-operator-bundle,1.3.5-ppc64le,sha256:a9027686e740211fbee4c8439797cb171e95390b717b8fc5182fd16db902c90e,IMAGE,linux,ppc64le,"",0,CASE,olm-bundle,""
icr.io,cpopen/iaf-base-operator-bundle,1.3.6,sha256:ec04afdb5fb484fc93c7b3baeb01672340878a31fd086e2e2ef44ef7c84a5379,LIST,"","","",0,CASE,olm-bundle,""
icr.io,cpopen/iaf-base-operator-bundle,1.3.6-amd64,sha256:3cdf849e3e13fa2abb0cbd563ea0f3858bee6f76d7c70a59a1937a0a5bc3c01b,IMAGE,linux,amd64,"",0,CASE,olm-bundle,""
icr.io,cpopen/iaf-base-operator-bundle,1.3.6-s390x,sha256:da042a81c714af834d158d738e744cb6593a77c76d3e4afd873f15932907627d,IMAGE,linux,s390x,"",0,CASE,olm-bundle,""
icr.io,cpopen/iaf-base-operator-bundle,1.3.6-ppc64le,sha256:544e596cb3249470747336f8d735844ca53a8f043b140e65e01ba6a6513946fb,IMAGE,linux,ppc64le,"",0,CASE,olm-bundle,""
icr.io,cpopen/iaf-base-operator-bundle,1.3.7,sha256:70d9ca5500bb9d95ee4900bded18e2df4c3c2ee77b5c4d6805d554e2c5a7008a,LIST,"","","",0,CASE,olm-bundle,""
icr.io,cpopen/iaf-base-operator-bundle,1.3.7-amd64,sha256:43a5125392e69f2c61c1bd2a09ef1302b49e99e8a44dde3a9c3b28d9a10d65aa,IMAGE,linux,amd64,"",0,CASE,olm-bundle,""
icr.io,cpopen/iaf-base-operator-bundle,1.3.7-s390x,sha256:be4a2a7c846b82f9bab3451baf95b08629868a214a16536f242daacf9277988c,IMAGE,linux,s390x,"",0,CASE,olm-bundle,""
icr.io,cpopen/iaf-base-operator-bundle,1.3.7-ppc64le,sha256:91bb35dfafd3c368e53938bc89d7e8ac3dd55f36e3be246b2347cf63a209b6b8,IMAGE,linux,ppc64le,"",0,CASE,olm-bundle,""
icr.io,cpopen/iaf-base-operator-bundle,1.3.8,sha256:73f0af2e59240838f4f5191bf12b756933ccb1207b3d5e6f1f448e7413c2fbd8,LIST,"","","",0,CASE,olm-bundle,""
icr.io,cpopen/iaf-base-operator-bundle,1.3.8-amd64,sha256:b620d7ff96489b87f00246abe12d8db6293161a273566310278a3f4226a502cc,IMAGE,linux,amd64,"",0,CASE,olm-bundle,""
icr.io,cpopen/iaf-base-operator-bundle,1.3.8-s390x,sha256:c095817974825203168de6127f1d2ee881fcd8fa758a08a04dc0c4979b95baf3,IMAGE,linux,s390x,"",0,CASE,olm-bundle,""
icr.io,cpopen/iaf-base-operator-bundle,1.3.8-ppc64le,sha256:e2d4be725dcf91477e2c639c0cf75b6331cb697a5290409459ac8b4e1c42b3e7,IMAGE,linux,ppc64le,"",0,CASE,olm-bundle,""
icr.io,cpopen/iaf-base-operator-bundle,1.3.9,sha256:a85012b2109323cbd682fdbae388915f570b8ba5d928755f2a2c6716ae1f77a2,LIST,"","","",0,CASE,olm-bundle,""
icr.io,cpopen/iaf-base-operator-bundle,1.3.9-amd64,sha256:d8c2265b844616dcabc5b11d5c12dcea7f0fe00227299d6a080030e2bc3e0fd6,IMAGE,linux,amd64,"",0,CASE,olm-bundle,""
icr.io,cpopen/iaf-base-operator-bundle,1.3.9-s390x,sha256:1bfd03739990c904b0efcac9f4ef30f5714584a40187275cf359d745500acec6,IMAGE,linux,s390x,"",0,CASE,olm-bundle,""
icr.io,cpopen/iaf-base-operator-bundle,1.3.9-ppc64le,sha256:58c5e2e014a36e7764e7be1e1eb0982cb959d56b247d432c21214a81730e49ba,IMAGE,linux,ppc64le,"",0,CASE,olm-bundle,""
docker.io,ibmcom/iaf-base-operator,1.0.0,sha256:56a8d7fe795679ccdf3550e3d6836bbb0b426617fd8b15ffb5acfa4664ebc5e7,IMAGE,linux,amd64,"",0,CASE,"",""
docker.io,ibmcom/iaf-base-operator,1.0.1,sha256:bba1acaa60de7f19ad45f1fc06da6549373870d9cda5cf295bc89f6646b7ac3e,IMAGE,linux,amd64,"",0,CASE,"",""
docker.io,ibmcom/iaf-base-operator,1.0.2,sha256:bd25f859e662971104ba60a82bb64aa6634579f13b366124c19e812e92e793d7,IMAGE,linux,amd64,"",0,CASE,"",""
icr.io,cpopen/iaf-base-operator,1.1.0,sha256:69a4de555e40eafa95590c8543cd60998296213d99b60ff07c43d20ade7a6a0b,IMAGE,linux,amd64,"",0,CASE,"",""
icr.io,cpopen/iaf-base-operator,1.2.0-amd64,sha256:2dfab5bad71ba401367e9ee5129dbcfbf44eaae04aeff2032d8fad15bcf3b187,IMAGE,linux,amd64,"",0,CASE,"",""
icr.io,cpopen/iaf-base-operator,1.2.0-s390x,sha256:2efedc01e60e9e863a395acf1d82ea0e6bcc610705588b4ad4ab2264d01fa963,IMAGE,linux,s390x,"",0,CASE,"",""
icr.io,cpopen/iaf-base-operator,1.2.0-ppc64le,sha256:758b5d695fc9d936733b8e182cea50b5461dfad4cbd2ccdcc92cd79937f1bab6,IMAGE,linux,ppc64le,"",0,CASE,"",""
icr.io,cpopen/iaf-base-operator,1.2.1-amd64,sha256:3c8d70b09220f4bafd3154f27ed890c948effae5b1a5ade95a7cfa8188dc2c13,IMAGE,linux,amd64,"",0,CASE,"",""
icr.io,cpopen/iaf-base-operator,1.2.1-s390x,sha256:b249069bac52cabb5e85b9e95e840494815b9379f78aff7984c82cb57cebdab8,IMAGE,linux,s390x,"",0,CASE,"",""
icr.io,cpopen/iaf-base-operator,1.2.1-ppc64le,sha256:32397b499d97ea7cf4ce5bcfb12ddb4adf51a4fcec6ede595b3b8be6f1db239c,IMAGE,linux,ppc64le,"",0,CASE,"",""
icr.io,cpopen/iaf-base-operator,1.3.0-amd64,sha256:71f00a8f98f970e8c116b23e8e019ca9124ecbd72ef3c79d204ec9387ec00405,IMAGE,linux,amd64,"",0,CASE,"",""
icr.io,cpopen/iaf-base-operator,1.3.0-s390x,sha256:3a07b829f4781cc00f84b9036cd8690dc6dfbcebb8bc94ff17f78a7e9930c81b,IMAGE,linux,s390x,"",0,CASE,"",""
icr.io,cpopen/iaf-base-operator,1.3.0-ppc64le,sha256:ec367cc7f919742b13c38f9bd16304dac648d87b984a9d6b73e1fd4b120a83ba,IMAGE,linux,ppc64le,"",0,CASE,"",""
icr.io,cpopen/iaf-base-operator,1.3.1-amd64,sha256:ada5f5427378e66d0802caa9f26a266c05e1f9d7de1f052b33809718eb9351a3,IMAGE,linux,amd64,"",0,CASE,"",""
icr.io,cpopen/iaf-base-operator,1.3.1-s390x,sha256:018f91d9b3efb2dce137ce7d63a088e60c89e3aa488e4029f1f222a8ddf123d0,IMAGE,linux,s390x,"",0,CASE,"",""
icr.io,cpopen/iaf-base-operator,1.3.1-ppc64le,sha256:1d438f97a17423550c53a147969f3f7989465742982df04f481f3df166cb8f39,IMAGE,linux,ppc64le,"",0,CASE,"",""
icr.io,cpopen/iaf-base-operator,1.3.2-amd64,sha256:275b1db8d3db20f5040bdce177c2bbd475f7538212f6590aae0559b4670ef07d,IMAGE,linux,amd64,"",0,CASE,"",""
icr.io,cpopen/iaf-base-operator,1.3.2-s390x,sha256:0155783514957fe0beeb2b006933575b7cac3e02b9117f44d20200ad8e06a031,IMAGE,linux,s390x,"",0,CASE,"",""
icr.io,cpopen/iaf-base-operator,1.3.2-ppc64le,sha256:fb116ba4dcf4f3fdc104921794425fb418fb8203bdba2c8c0b8614b9c22efd31,IMAGE,linux,ppc64le,"",0,CASE,"",""
icr.io,cpopen/iaf-base-operator,1.3.3-amd64,sha256:30e2eaa7c68e425d7130eb6c64d50a0ef80318cc4c4b924153c034a1040c6d60,IMAGE,linux,amd64,"",0,CASE,"",""
icr.io,cpopen/iaf-base-operator,1.3.3-s390x,sha256:0ea89c335d21d7b2406d1cc5a4a81eb7267de62f312dd7d6504e0a94b2abc4c2,IMAGE,linux,s390x,"",0,CASE,"",""
icr.io,cpopen/iaf-base-operator,1.3.3-ppc64le,sha256:20a3fdbddafea9df6deb7fde744c02ca4fdd2e07e00bdb0f1f0873cb11538ee1,IMAGE,linux,ppc64le,"",0,CASE,"",""
icr.io,cpopen/iaf-base-operator,1.3.4-amd64,sha256:0b293d898535cd2369649c9a5766b52769b1133f39a3aa1cc4b7e8c4b89a587b,IMAGE,linux,amd64,"",0,CASE,"",""
icr.io,cpopen/iaf-base-operator,1.3.4-s390x,sha256:8db8bba3c879b030db5e16867e93672eb59bf8158b46b59ef748189b90185d18,IMAGE,linux,s390x,"",0,CASE,"",""
icr.io,cpopen/iaf-base-operator,1.3.4-ppc64le,sha256:948375f450d2f38ed7ca13e0e62c2835eb4c4dceed5eb10a771727e823fd1cdf,IMAGE,linux,ppc64le,"",0,CASE,"",""
icr.io,cpopen/iaf-base-operator,1.3.5-amd64,sha256:0abc1032ec4e187071b8da69191f91de72e5e304e103b59e8fc7da23ef119870,IMAGE,linux,amd64,"",0,CASE,"",""
icr.io,cpopen/iaf-base-operator,1.3.5-s390x,sha256:82d5eb0465ce4a154b55a7c706006967c7ba0051e4c669c9462f929d1b54e9bc,IMAGE,linux,s390x,"",0,CASE,"",""
icr.io,cpopen/iaf-base-operator,1.3.5-ppc64le,sha256:bc1f9c395c72069797673b3bb28d861f6d5bd837cbc84e6ec0a7ca9003e06bb9,IMAGE,linux,ppc64le,"",0,CASE,"",""
icr.io,cpopen/iaf-base-operator,1.3.6-amd64,sha256:897c10c3a7f1234bcaa3afea86aed304126592a1962959ad74b8380d7cc2a721,IMAGE,linux,amd64,"",0,CASE,"",""
icr.io,cpopen/iaf-base-operator,1.3.6-s390x,sha256:01c5cc82c130a1c191b49674fe802d4ae8a603dca0e1f767becd104b2b8bea41,IMAGE,linux,s390x,"",0,CASE,"",""
icr.io,cpopen/iaf-base-operator,1.3.6-ppc64le,sha256:721c93d7f5f1d8e9e3e1267772f4bbebcd2c17ed4e93fe68caf04c831319980b,IMAGE,linux,ppc64le,"",0,CASE,"",""
icr.io,cpopen/iaf-base-operator,1.3.7-amd64,sha256:0d86c1458fa4f058bca8840eaac1f412157973414db761ce46cee3ee33d19d5a,IMAGE,linux,amd64,"",0,CASE,"",""
icr.io,cpopen/iaf-base-operator,1.3.7-s390x,sha256:5cfac17fa4e10123ff1f3de9b27ee5cfb2f2ff836f313139a076478b03202a4c,IMAGE,linux,s390x,"",0,CASE,"",""
icr.io,cpopen/iaf-base-operator,1.3.7-ppc64le,sha256:5f6fedcf8f409b8a31b421d0fe0bd9e68f260a58ecdc328005f0c5bb16d3276b,IMAGE,linux,ppc64le,"",0,CASE,"",""
icr.io,cpopen/iaf-base-operator,1.3.8-amd64,sha256:4e3196cfed191eef2ca02a37c9f008f892f510ecfdc9adb24296847fe8323294,IMAGE,linux,amd64,"",0,CASE,"",""
icr.io,cpopen/iaf-base-operator,1.3.8-s390x,sha256:f86818d16adc737856aae091db412c88df982eb305bd9aab4784097c08641a5f,IMAGE,linux,s390x,"",0,CASE,"",""
icr.io,cpopen/iaf-base-operator,1.3.8-ppc64le,sha256:0a5d41cb634828f0e9cf3b387c612adcb2a2dd9b26585a7abe2913a7017e4762,IMAGE,linux,ppc64le,"",0,CASE,"",""
icr.io,cpopen/iaf-base-operator,1.3.9-amd64,sha256:5641db3f9a829762fedccc3b6b702657c11f96606876b6a5a4c774732debbfa3,IMAGE,linux,amd64,"",0,CASE,"",""
icr.io,cpopen/iaf-base-operator,1.3.9-s390x,sha256:966baaf3148ed3c7d39c8c34a2669aa47be587d4da92e918958083d4182f5e30,IMAGE,linux,s390x,"",0,CASE,"",""
icr.io,cpopen/iaf-base-operator,1.3.9-ppc64le,sha256:dddd868f2bfc25e9ec11d2268f56db66df6ab8014c4b014c261d5fe16073cdac,IMAGE,linux,ppc64le,"",0,CASE,"",""
cp.icr.io,cp/iaf-eventprocessing-proxy,1.0.0,sha256:2975026b5ac4015d2efc2f22041408d885cde20ff9975f573d1397d62d465c84,IMAGE,linux,amd64,"",0,CASE,"",""
cp.icr.io,cp/iaf-eventprocessing-proxy,2.0.0,sha256:6e8a6954b5ae6778b9ca7062108e2889692ce6954bbf4395b5c9f6ea644aa4b3,IMAGE,linux,amd64,"",0,CASE,"",""
cp.icr.io,cp/iaf-eventprocessing-proxy,3.0.0-amd64,sha256:42e3302c80fda640808cabcfe2783ab8bcd96f32ba31d4a256d517b673721de8,IMAGE,linux,amd64,"",0,CASE,"",""
cp.icr.io,cp/iaf-eventprocessing-proxy,3.0.0-s390x,sha256:f0b8ca978d083e58c3a87697ce59cad2623452f60e12a8432bf05663682a5c2d,IMAGE,linux,s390x,"",0,CASE,"",""
cp.icr.io,cp/iaf-eventprocessing-proxy,3.0.0-ppc64le,sha256:b81437c7a1aa61aa5f7cf3eae33ab63fd1fa90acc2355f46a2f111f893ba56a7,IMAGE,linux,ppc64le,"",0,CASE,"",""
cp.icr.io,cp/iaf-eventprocessing-proxy,3.0.1-amd64,sha256:6230c5d65379ed2bbecc32a523e2e18e66a034be578d5207d0279133aea54b2b,IMAGE,linux,amd64,"",0,CASE,"",""
cp.icr.io,cp/iaf-eventprocessing-proxy,3.0.1-s390x,sha256:bf70c4ab10991ff4a495480f96daf86409f35e5b948fd92bc19229bb5de55fc5,IMAGE,linux,s390x,"",0,CASE,"",""
cp.icr.io,cp/iaf-eventprocessing-proxy,3.0.1-ppc64le,sha256:91fb6a32e42311955fa7f8ff2258b88542873f21f87bd8cd041ba79bf9548140,IMAGE,linux,ppc64le,"",0,CASE,"",""
cp.icr.io,cp/iaf-eventprocessing-proxy,4.0.0-amd64,sha256:ba03c018b762c5c268b5e94c078b9448a24a82162b30f1de09f1ebaba45a5a87,IMAGE,linux,amd64,"",0,CASE,"",""
cp.icr.io,cp/iaf-eventprocessing-proxy,4.0.0-s390x,sha256:a415bfd9c296a3966cb86cc05a5913a07c7b97f705efcc4107bde978c28f3767,IMAGE,linux,s390x,"",0,CASE,"",""
cp.icr.io,cp/iaf-eventprocessing-proxy,4.0.0-ppc64le,sha256:7de2461b8b9781a3da4a0177c05010b833b805ac7e625bb27f56c08696f204f2,IMAGE,linux,ppc64le,"",0,CASE,"",""
cp.icr.io,cp/iaf-eventprocessing-proxy,4.0.1-amd64,sha256:1de2a6d2c9c494e4e71a4bd923c92fbe4e2047ec8dbcc346e0cc5615b21f1505,IMAGE,linux,amd64,"",0,CASE,"",""
cp.icr.io,cp/iaf-eventprocessing-proxy,4.0.1-s390x,sha256:e00a368288804fec8056d4fbcc70548674ee42a7b51af791eddd0b59ec661f1a,IMAGE,linux,s390x,"",0,CASE,"",""
cp.icr.io,cp/iaf-eventprocessing-proxy,4.0.1-ppc64le,sha256:6fc9ec6494f4193fd1b5c120a06c25d7a005d5d95e6cdfb434f082a3d7e9ef1f,IMAGE,linux,ppc64le,"",0,CASE,"",""
cp.icr.io,cp/iaf-eventprocessing-proxy,4.0.2-amd64,sha256:5110a5c515a59fa18ed25694b8a430137de86759e1b584ce78bbd5c8a782dec3,IMAGE,linux,amd64,"",0,CASE,"",""
cp.icr.io,cp/iaf-eventprocessing-proxy,4.0.2-s390x,sha256:dbc59e82fa32da102070d533764836e9ab989d9c068ec85825eb7c7c15f079df,IMAGE,linux,s390x,"",0,CASE,"",""
cp.icr.io,cp/iaf-eventprocessing-proxy,4.0.2-ppc64le,sha256:1d6987ffc6c9c1d39c3679c6335dc7e9db20bad9d9db393d8827b8fb1aac3459,IMAGE,linux,ppc64le,"",0,CASE,"",""
cp.icr.io,cp/iaf-eventprocessing-proxy,4.0.3-amd64,sha256:95d19886ee54ef3e13245d7d930d5583d5bc19fb15461944f949237892cb59d9,IMAGE,linux,amd64,"",0,CASE,"",""
cp.icr.io,cp/iaf-eventprocessing-proxy,4.0.3-s390x,sha256:caf0c99f0fc0f420623e1555ccdc87ba83aed58bdef66ac6fa5cfd52fb594bbf,IMAGE,linux,s390x,"",0,CASE,"",""
cp.icr.io,cp/iaf-eventprocessing-proxy,4.0.3-ppc64le,sha256:46e5a70c3a421dfef1c1303f4dcf0383d754e4bb5154e6ebf9c7021875c082a0,IMAGE,linux,ppc64le,"",0,CASE,"",""
cp.icr.io,cp/iaf-eventprocessing-proxy,4.0.4-amd64,sha256:1a80a956635358d2796ba3787a6b7766133d940f7e4830fc7848f1f802d2ddd5,IMAGE,linux,amd64,"",0,CASE,"",""
cp.icr.io,cp/iaf-eventprocessing-proxy,4.0.4-s390x,sha256:a0a37f9e7f4721f511cd921147261305cc7d1b1bb18dcaaf768dae9cab7e9190,IMAGE,linux,s390x,"",0,CASE,"",""
cp.icr.io,cp/iaf-eventprocessing-proxy,4.0.4-ppc64le,sha256:16de6e03145e1e911af8e74a6670a43200cbf4dc0dfd56cd8855c6b0ac808f01,IMAGE,linux,ppc64le,"",0,CASE,"",""
cp.icr.io,cp/iaf-eventprocessing-proxy,4.0.5-amd64,sha256:12e505ab6c11669ffbe55a235dc97b31a5a6d268ce52c9f9518def3e57c60d07,IMAGE,linux,amd64,"",0,CASE,"",""
cp.icr.io,cp/iaf-eventprocessing-proxy,4.0.5-s390x,sha256:282a98c05aa0f17f758d24d02a8691908e3ac6380fecfaf1517842b5a58aa9fa,IMAGE,linux,s390x,"",0,CASE,"",""
cp.icr.io,cp/iaf-eventprocessing-proxy,4.0.5-ppc64le,sha256:d6ea9608827eafaae430ce585e924fc931ea953a0b457bc79693d62b166b72c9,IMAGE,linux,ppc64le,"",0,CASE,"",""
cp.icr.io,cp/iaf-eventprocessing-proxy,4.0.6-amd64,sha256:c3b2344dd7037b170cba5175a4d1c7f087edffcc2ac25dce619691c1bf19e879,IMAGE,linux,amd64,"",0,CASE,"",""
cp.icr.io,cp/iaf-eventprocessing-proxy,4.0.6-s390x,sha256:d1cd4607a117d1a0ebec0889e04e99b5e53ae78ec2888461133ad175d96981b9,IMAGE,linux,s390x,"",0,CASE,"",""
cp.icr.io,cp/iaf-eventprocessing-proxy,4.0.6-ppc64le,sha256:217e21e4ceeca4168936d2d3049b1ccab2dbda5164d319e76fb1825e35a2b820,IMAGE,linux,ppc64le,"",0,CASE,"",""
cp.icr.io,cp/iaf-eventprocessing-proxy,4.0.7-amd64,sha256:5e2c71ce1a3ba0f86ecf20880730415928bee051f40bb79e3a3e4b5649987731,IMAGE,linux,amd64,"",0,CASE,"",""
cp.icr.io,cp/iaf-eventprocessing-proxy,4.0.7-s390x,sha256:d76ca307cb201ad8ab5a83118fea4fbcccb536bcaab436f85160844de88a21a6,IMAGE,linux,s390x,"",0,CASE,"",""
cp.icr.io,cp/iaf-eventprocessing-proxy,4.0.7-ppc64le,sha256:ef35e16868a0161001d6f914f9e56ce200654c8f1e4d3485f3770aef3fea0425,IMAGE,linux,ppc64le,"",0,CASE,"",""
cp.icr.io,cp/iaf-eventprocessing-proxy,4.0.8-amd64,sha256:d51c2d8e76eb38df9460185bc375e043a08d168c36a609e27ce62120d99bdbf7,IMAGE,linux,amd64,"",0,CASE,"",""
cp.icr.io,cp/iaf-eventprocessing-proxy,4.0.8-s390x,sha256:9869f0bb7a04ab57ece74f4488ce9c932a4a79aef35fa06cc909acc569bc2575,IMAGE,linux,s390x,"",0,CASE,"",""
cp.icr.io,cp/iaf-eventprocessing-proxy,4.0.8-ppc64le,sha256:95a728dde6d4a79bc996634387be6bef9ef239cb98214001ddae0b50511f2e8c,IMAGE,linux,ppc64le,"",0,CASE,"",""
cp.icr.io,cp/iaf-eventprocessing-proxy,4.0.9-amd64,sha256:124c9ba001798fd2bf7464eccc5c6441aacb251cdbf544b5dc490a498781262f,IMAGE,linux,amd64,"",0,CASE,"",""
cp.icr.io,cp/iaf-eventprocessing-proxy,4.0.9-s390x,sha256:699ec9155d2ff2ca4f10b871ce4181f0507839446f9acbe7fe5f5ea5e55eefd1,IMAGE,linux,s390x,"",0,CASE,"",""
cp.icr.io,cp/iaf-eventprocessing-proxy,4.0.9-ppc64le,sha256:d94a63b60a6ef821f8bd13248d65999d300423228951c39ff301c2bbb8463621,IMAGE,linux,ppc64le,"",0,CASE,"",""
cp.icr.io,cp/iaf-apicurio-registry,1.0.0,sha256:8f65ca76506097af2f3b452095f985ae169c382415c06828a6739879c4287db9,IMAGE,linux,amd64,"",0,CASE,"",""
cp.icr.io,cp/iaf-apicurio-registry,1.1.0,sha256:964b30f405451fee2b35d2384544b409367aae5edb4716bafcced110eec22b4d,IMAGE,linux,amd64,"",0,CASE,"",""
cp.icr.io,cp/iaf-apicurio-registry,1.2.0-amd64,sha256:27895d3dcd6f388ed0b93ffb5949fa6601fc65a20f668eeac22b77f7f2cc52f0,IMAGE,linux,amd64,"",0,CASE,"",""
cp.icr.io,cp/iaf-apicurio-registry,1.2.0-s390x,sha256:f8233942bc0245763aac94f66bf5bc2504ec9a2fe628a62e584ff47c7c710d6a,IMAGE,linux,s390x,"",0,CASE,"",""
cp.icr.io,cp/iaf-apicurio-registry,1.2.0-ppc64le,sha256:cfae23a25473763fd56c226fee72d00cc42bee031e24af5ade500053506a0303,IMAGE,linux,ppc64le,"",0,CASE,"",""
cp.icr.io,cp/iaf-apicurio-registry,1.2.1-amd64,sha256:a258a1bace2a71e77c7ce7070438bc87e73b54513af1ff81dff66daff1d91ac3,IMAGE,linux,amd64,"",0,CASE,"",""
cp.icr.io,cp/iaf-apicurio-registry,1.2.1-s390x,sha256:00baa45ff1dc868900ff36f66092f6b430c8954a5803b586860b6dc8a32b18fb,IMAGE,linux,s390x,"",0,CASE,"",""
cp.icr.io,cp/iaf-apicurio-registry,1.2.1-ppc64le,sha256:450e6dc8b0b383e05a907f04be313919f9cef8685acaa827169ae5cd63259847,IMAGE,linux,ppc64le,"",0,CASE,"",""
cp.icr.io,cp/iaf-apicurio-registry,2.0.0-amd64,sha256:42ddf612af5483f6fe729c4640d29b76e354350ee5c37bfbe9a56458d4d50c7e,IMAGE,linux,amd64,"",0,CASE,"",""
cp.icr.io,cp/iaf-apicurio-registry,2.0.0-s390x,sha256:8dd26440b4e59b1a6e1e95eeaa4465a1ca1de10f8838c2fe8dde0afb7a4dd8e2,IMAGE,linux,s390x,"",0,CASE,"",""
cp.icr.io,cp/iaf-apicurio-registry,2.0.0-ppc64le,sha256:1d086f1c0cf5f81118db96c4ecd9e4f6b542b816514cd65d4c741af14eb9dd5e,IMAGE,linux,ppc64le,"",0,CASE,"",""
cp.icr.io,cp/iaf-apicurio-registry,2.0.1-amd64,sha256:61b2e61cae172e910f61b28ebfbc45f4800c0206a0c348f8140820bad909e12a,IMAGE,linux,amd64,"",0,CASE,"",""
cp.icr.io,cp/iaf-apicurio-registry,2.0.1-s390x,sha256:238492b6f14cab9c28e03a4908158914f440ea82d7943bf85490b8246fd8475f,IMAGE,linux,s390x,"",0,CASE,"",""
cp.icr.io,cp/iaf-apicurio-registry,2.0.1-ppc64le,sha256:971c67f9dac08dea516a290642a37a8e597c8c457b336bc73e6c3b1731062608,IMAGE,linux,ppc64le,"",0,CASE,"",""
cp.icr.io,cp/iaf-apicurio-registry,2.0.2-amd64,sha256:86d818e99a99f8d33c591c817e591f6e0f73244d0e410890d1e9987d5fab076d,IMAGE,linux,amd64,"",0,CASE,"",""
cp.icr.io,cp/iaf-apicurio-registry,2.0.2-s390x,sha256:ecc03768688ce076eb7f3d6224bc9dc2cf85eb648ff47b43e0fbf03c676684a5,IMAGE,linux,s390x,"",0,CASE,"",""
cp.icr.io,cp/iaf-apicurio-registry,2.0.2-ppc64le,sha256:93f78c95eba62c5c983078060cd908c70fa9c888b262c970bd6debf4983e436d,IMAGE,linux,ppc64le,"",0,CASE,"",""
cp.icr.io,cp/iaf-apicurio-registry,2.0.3-amd64,sha256:c31fb1a751b495336e7f5a372c36e958a20e0a82c42ad9d6261760c5ee77c363,IMAGE,linux,amd64,"",0,CASE,"",""
cp.icr.io,cp/iaf-apicurio-registry,2.0.3-s390x,sha256:e86efc91c23a5cc96e7b2a19ee2139d1eb319df4f61e3898fc92478e6589792a,IMAGE,linux,s390x,"",0,CASE,"",""
cp.icr.io,cp/iaf-apicurio-registry,2.0.3-ppc64le,sha256:ab003394715aec5929811f7ede930048e05a1b3198d8f5a5b0be75fe7f531337,IMAGE,linux,ppc64le,"",0,CASE,"",""
cp.icr.io,cp/iaf-apicurio-registry,2.0.4-amd64,sha256:c1534f822a62c49617dbc7665b61368f04fb9c99982566b08c444a005df30a56,IMAGE,linux,amd64,"",0,CASE,"",""
cp.icr.io,cp/iaf-apicurio-registry,2.0.4-s390x,sha256:2290405fed1f143c493db151046e7d12b5ec8fcc8dbc3043e9d399cab4addbe4,IMAGE,linux,s390x,"",0,CASE,"",""
cp.icr.io,cp/iaf-apicurio-registry,2.0.4-ppc64le,sha256:84b29ee3e6a82985ef4c455489797cae2866d8aa68b9da96370551569256a357,IMAGE,linux,ppc64le,"",0,CASE,"",""
cp.icr.io,cp/iaf-apicurio-registry,2.0.5-amd64,sha256:0db189fca3305da33a4d5973f6cde17b563b48b98706f2ba2dbdfb27fd413a95,IMAGE,linux,amd64,"",0,CASE,"",""
cp.icr.io,cp/iaf-apicurio-registry,2.0.5-s390x,sha256:9ecc87508c4d7fd112503afc6383370b45ee86a2b9959598a5ce7c7a1347be35,IMAGE,linux,s390x,"",0,CASE,"",""
cp.icr.io,cp/iaf-apicurio-registry,2.0.5-ppc64le,sha256:4af08cc6cd42f26c04ce30ff62f9a431183090d721c845a352056fb9041b3e47,IMAGE,linux,ppc64le,"",0,CASE,"",""
cp.icr.io,cp/iaf-apicurio-registry,2.0.6-amd64,sha256:132227c2c33d93167ad2dee307a474fd00328f58fdced17eecf52bbaf242725b,IMAGE,linux,amd64,"",0,CASE,"",""
cp.icr.io,cp/iaf-apicurio-registry,2.0.6-s390x,sha256:7dfb21be7f10610ae6b022a451b6905cf6f69540ec8a982f28b25f2ff9643fa3,IMAGE,linux,s390x,"",0,CASE,"",""
cp.icr.io,cp/iaf-apicurio-registry,2.0.6-ppc64le,sha256:a731e87442acf2f8809878c2a84f5ed24ccb2cf527294722aa1efad86fd2cc74,IMAGE,linux,ppc64le,"",0,CASE,"",""
cp.icr.io,cp/iaf-apicurio-registry,2.0.7-amd64,sha256:3f08acad5d17956dab55dd6266d5b424576892e49afcea6cd0f63745672cf6bf,IMAGE,linux,amd64,"",0,CASE,"",""
cp.icr.io,cp/iaf-apicurio-registry,2.0.7-s390x,sha256:0da5930b0080b1391b8d7667e7c1e2bb3d4ae35708677e88f12aa6182ad86dca,IMAGE,linux,s390x,"",0,CASE,"",""
cp.icr.io,cp/iaf-apicurio-registry,2.0.7-ppc64le,sha256:cb04951e6cd601f28692fad40b0f033f4a13671b0840cbeb673554dda031c453,IMAGE,linux,ppc64le,"",0,CASE,"",""
cp.icr.io,cp/iaf-flink,1.0.0,sha256:cbaccedbefaaeb3f9b49df15abe7acb7eb36a768959af90b2c5d413e560f91bc,IMAGE,linux,amd64,"",0,CASE,"",""
cp.icr.io,cp/iaf-flink,2.0.0,sha256:b97f7994d94c03eee5c0242cf833ede7aaf013375f5260e29b97c5c0dbed406e,IMAGE,linux,amd64,"",0,CASE,"",""
cp.icr.io,cp/iaf-flink,3.0.0-amd64,sha256:68968396dac5a3acc7aea49045e7b59090443ef844369cf64b8408b56dde3b59,IMAGE,linux,amd64,"",0,CASE,"",""
cp.icr.io,cp/iaf-flink,3.0.0-s390x,sha256:acee018c5d222e5472b73e4724566a4c9ce37f658e542af56bdc9b07ce13b77f,IMAGE,linux,s390x,"",0,CASE,"",""
cp.icr.io,cp/iaf-flink,3.0.0-ppc64le,sha256:3c5f4c3271d9b00394f8b13ab254c0a5edbce3062b234d80ad797917752f3534,IMAGE,linux,ppc64le,"",0,CASE,"",""
cp.icr.io,cp/iaf-flink,3.0.1-amd64,sha256:e9c042c712fe65aee5572f5277b11389b3196e8e4e723877a2e87be0e6c91be6,IMAGE,linux,amd64,"",0,CASE,"",""
cp.icr.io,cp/iaf-flink,3.0.1-s390x,sha256:5011392db30edfabf477f2f9e10296ea1a99914fb08babd179787a9e87a0cc86,IMAGE,linux,s390x,"",0,CASE,"",""
cp.icr.io,cp/iaf-flink,3.0.1-ppc64le,sha256:7be77481b19d3b4b3f5b622c0fc27995aa6d86f8b61200c5a781d76d1da7051e,IMAGE,linux,ppc64le,"",0,CASE,"",""
cp.icr.io,cp/iaf-flink,4.0.0-amd64,sha256:74eece99bcd069d3dbf96b2bbc1121995e46e7600333ee654fa95127b851b7d7,IMAGE,linux,amd64,"",0,CASE,"",""
cp.icr.io,cp/iaf-flink,4.0.0-s390x,sha256:c0c9df108d6feeab6996de7dae6781e47c5f8471800f9a4b324163822843d7d1,IMAGE,linux,s390x,"",0,CASE,"",""
cp.icr.io,cp/iaf-flink,4.0.0-ppc64le,sha256:b739d33f898b2c72f6ae090ba11c402023b746a784725ffafa2c43c932f2ccb1,IMAGE,linux,ppc64le,"",0,CASE,"",""
cp.icr.io,cp/iaf-flink,4.0.1-amd64,sha256:99de2ae3c911d1bb0bb1d86c755a4b82f3691ca0016d53c9597a3995222e0408,IMAGE,linux,amd64,"",0,CASE,"",""
cp.icr.io,cp/iaf-flink,4.0.1-s390x,sha256:0c6b4f97292f28a7ae6895ff9d661564f9b0420fe8b6873999b000ea97c0d1f8,IMAGE,linux,s390x,"",0,CASE,"",""
cp.icr.io,cp/iaf-flink,4.0.1-ppc64le,sha256:6dcdc7c0d3a8443717a326d614e29cef02f86112170e47a7c08450147cd7d6d4,IMAGE,linux,ppc64le,"",0,CASE,"",""
cp.icr.io,cp/iaf-flink,4.0.2-amd64,sha256:548d9f52affa30415e28cfc6418ad7f05ef90e561ff1d5cd7f88d02e3693ffe4,IMAGE,linux,amd64,"",0,CASE,"",""
cp.icr.io,cp/iaf-flink,4.0.2-s390x,sha256:d16ba5824de25fc0cdcf3c4bd95b52188df63a9c99821db97c5353b34f4573fc,IMAGE,linux,s390x,"",0,CASE,"",""
cp.icr.io,cp/iaf-flink,4.0.2-ppc64le,sha256:db963d41abba2ebc271e288b01029150119b2b988f77ae281e437245caa517e2,IMAGE,linux,ppc64le,"",0,CASE,"",""
cp.icr.io,cp/iaf-flink,4.0.3-amd64,sha256:7045afb908c1638081be93acfce0e2f414d1d8686078fd9a55d792503bbcb8c4,IMAGE,linux,amd64,"",0,CASE,"",""
cp.icr.io,cp/iaf-flink,4.0.3-s390x,sha256:d5c4862b5548e224d011b2e2eeb5e44e9ec174b20000fb5bd43aa3ce923fcd28,IMAGE,linux,s390x,"",0,CASE,"",""
cp.icr.io,cp/iaf-flink,4.0.3-ppc64le,sha256:d94b987fa71ad48a0170f8688ac9ea71d28fdb0a5838b02c1811d2b2510767c0,IMAGE,linux,ppc64le,"",0,CASE,"",""
cp.icr.io,cp/iaf-flink,4.0.4-amd64,sha256:15f6e5e8150553d4fbab9bbf7698a98205eacf528a558671bf4a2f3cff6a0095,IMAGE,linux,amd64,"",0,CASE,"",""
cp.icr.io,cp/iaf-flink,4.0.4-s390x,sha256:416a252170caa1c2a0287321974d812ce8675f0cfd400dad13d0544829cf567c,IMAGE,linux,s390x,"",0,CASE,"",""
cp.icr.io,cp/iaf-flink,4.0.4-ppc64le,sha256:13341d7eadbcf39909d50a8d7be276ecd4d7d314d0c682f0981980bab5e8aa7e,IMAGE,linux,ppc64le,"",0,CASE,"",""
cp.icr.io,cp/iaf-flink,4.0.5-amd64,sha256:23dca49977813fce7a416f4443833ad146306884c38f2fbed4c47982388756f0,IMAGE,linux,amd64,"",0,CASE,"",""
cp.icr.io,cp/iaf-flink,4.0.5-s390x,sha256:8a40f33d6908686ddec6c8a726155a59f19e19eb7029b586171c734df55c6f0c,IMAGE,linux,s390x,"",0,CASE,"",""
cp.icr.io,cp/iaf-flink,4.0.5-ppc64le,sha256:f9b49605a514e089fd037c31458bad5395fea600156a175646ac1cb74cbf1f0a,IMAGE,linux,ppc64le,"",0,CASE,"",""
cp.icr.io,cp/iaf-flink,4.0.6-amd64,sha256:ece73a1fb6800c12bb93125dcd9a533d2fd54708926b13f71f27e7d3999fcb10,IMAGE,linux,amd64,"",0,CASE,"",""
cp.icr.io,cp/iaf-flink,4.0.6-s390x,sha256:953e575f1d8637b6caa1cd40c50243164ef328fb01b8ad33087fb71fe925bd6c,IMAGE,linux,s390x,"",0,CASE,"",""
cp.icr.io,cp/iaf-flink,4.0.6-ppc64le,sha256:298e318abcd09f12ea6ad0867fbcc6e95045ff6c6dc357da39c7a37d5ec66930,IMAGE,linux,ppc64le,"",0,CASE,"",""
cp.icr.io,cp/iaf-flink,4.0.7-amd64,sha256:7060afdd6e74f3d09ddc19d882d0d3a063ee4f2a43eea9f5d0c6312782e5af15,IMAGE,linux,amd64,"",0,CASE,"",""
cp.icr.io,cp/iaf-flink,4.0.7-s390x,sha256:d3462c0a7cb6cc60436c37917c556c2b7e1862ab04553834f191441a4fcde674,IMAGE,linux,s390x,"",0,CASE,"",""
cp.icr.io,cp/iaf-flink,4.0.7-ppc64le,sha256:d18426c63a91c65a91d04733f5f59f2332be5ba5b903edf2f39542f1fcdf616b,IMAGE,linux,ppc64le,"",0,CASE,"",""
cp.icr.io,cp/iaf-flink,4.0.8-amd64,sha256:46c9866d286ebf14231c00a98ea6ab916db8a6c596204847561892cb19f1e9ee,IMAGE,linux,amd64,"",0,CASE,"",""
cp.icr.io,cp/iaf-flink,4.0.8-s390x,sha256:2684e56e231de68ff14fb6caa3b2785ed3fc7393a99e6f444fd4cc96c8d35e1f,IMAGE,linux,s390x,"",0,CASE,"",""
cp.icr.io,cp/iaf-flink,4.0.8-ppc64le,sha256:789b60a16ce29309dfc4db97bdfff4888334ae1d6a32506ef370faec958ece3e,IMAGE,linux,ppc64le,"",0,CASE,"",""
cp.icr.io,cp/iaf-flink,4.0.9-amd64,sha256:f201cf2aceaa441f5d252f390b0fd1d66a65fe68b97b45469c2ca31ec6bc8d42,IMAGE,linux,amd64,"",0,CASE,"",""
cp.icr.io,cp/iaf-flink,4.0.9-s390x,sha256:a2ac06c610069e16ee3221a4c4c2632aa6df75d016bf31cd7eb6683f3b2baf20,IMAGE,linux,s390x,"",0,CASE,"",""
cp.icr.io,cp/iaf-flink,4.0.9-ppc64le,sha256:844af5253b77876e305252ac01b771f9edab77d03c3d4a0d0863eb001705140e,IMAGE,linux,ppc64le,"",0,CASE,"",""
cp.icr.io,cp/iaf-elasticsearch-metrics-exporter,1.0.0,sha256:edeb4a078023018a08586abd39d996da411d6327028cb02f1f880b4928cc3261,IMAGE,linux,amd64,"",0,CASE,"",""
cp.icr.io,cp/iaf-elasticsearch-metrics-exporter,1.1.0,sha256:157acc488c32b998bfb197e2f1b0d969f130837d31956b7dbb91576e56c0e884,IMAGE,linux,amd64,"",0,CASE,"",""
cp.icr.io,cp/iaf-elasticsearch-metrics-exporter,1.2.0-amd64,sha256:376bc2873ba69c2e5310b751485cfed262927631e5cc2d761e33fe2c402e2583,IMAGE,linux,amd64,"",0,CASE,"",""
cp.icr.io,cp/iaf-elasticsearch-metrics-exporter,1.2.0-s390x,sha256:c25768ea6fb4030128cec7a08ffc188514fc2a9d396ceb822e143ea8c0b97cce,IMAGE,linux,s390x,"",0,CASE,"",""
cp.icr.io,cp/iaf-elasticsearch-metrics-exporter,1.2.0-ppc64le,sha256:3de58d04bf60a50c168b6ae6a59d496c085ca728a0e634ac8cd2fb52b1189e51,IMAGE,linux,ppc64le,"",0,CASE,"",""
cp.icr.io,cp/iaf-elasticsearch-metrics-exporter,1.2.1-amd64,sha256:df7e38211344f01f52ee8c7d2b6ca10a3dbc8114cb26c57116f1f9da32f1b54a,IMAGE,linux,amd64,"",0,CASE,"",""
cp.icr.io,cp/iaf-elasticsearch-metrics-exporter,1.2.1-s390x,sha256:0ea16d4eb2b1da945e0aa45b260272994428043366afbb8baed61ea9d907e829,IMAGE,linux,s390x,"",0,CASE,"",""
cp.icr.io,cp/iaf-elasticsearch-metrics-exporter,1.2.1-ppc64le,sha256:b7b8292c27599cfb0e57436b155c0022d622f33e13779796ee671dfb0bde369a,IMAGE,linux,ppc64le,"",0,CASE,"",""
cp.icr.io,cp/iaf-elasticsearch-metrics-exporter,2.0.0-amd64,sha256:4fe5c55fd726f0710dc2118325f18aedc7467491a80b64dd38df46bcb72b2cf7,IMAGE,linux,amd64,"",0,CASE,"",""
cp.icr.io,cp/iaf-elasticsearch-metrics-exporter,2.0.0-s390x,sha256:b8f64a297bb4b1de999205428954feae682bfa98aaf378d1d96f10e48598567c,IMAGE,linux,s390x,"",0,CASE,"",""
cp.icr.io,cp/iaf-elasticsearch-metrics-exporter,2.0.0-ppc64le,sha256:530f6d629b874fcf9834e9db8046364c573b8c124528a6134ca5cf8eaadb797c,IMAGE,linux,ppc64le,"",0,CASE,"",""
cp.icr.io,cp/iaf-elasticsearch-metrics-exporter,2.0.1-amd64,sha256:9c92cc0f1dc5b6e306f4d88086bd59b2e34107aa78af09a16597c199eacdf187,IMAGE,linux,amd64,"",0,CASE,"",""
cp.icr.io,cp/iaf-elasticsearch-metrics-exporter,2.0.1-s390x,sha256:4fdfde15340dfb1753478fbc741f1f94af77ce4fad06dd3cafc9879096da6f23,IMAGE,linux,s390x,"",0,CASE,"",""
cp.icr.io,cp/iaf-elasticsearch-metrics-exporter,2.0.1-ppc64le,sha256:e06b4a778c50c8f071fb52400aee72abc175484135b7e3e720e83c782b33d117,IMAGE,linux,ppc64le,"",0,CASE,"",""
cp.icr.io,cp/iaf-elasticsearch-metrics-exporter,2.0.2-amd64,sha256:55e739175c729b2af406141d309affdaae4898eeb2453e69ea8f1f6aca74b2ba,IMAGE,linux,amd64,"",0,CASE,"",""
cp.icr.io,cp/iaf-elasticsearch-metrics-exporter,2.0.2-s390x,sha256:e4d7adaa08738de2f6da07b8349d2dc18c351fc8628545ca35c5e2af2df3b171,IMAGE,linux,s390x,"",0,CASE,"",""
cp.icr.io,cp/iaf-elasticsearch-metrics-exporter,2.0.2-ppc64le,sha256:2ca2c95b0a9839a6ba6026727dadd73fb371d398abca4209b547c81f11e3f1ec,IMAGE,linux,ppc64le,"",0,CASE,"",""
cp.icr.io,cp/iaf-elasticsearch-metrics-exporter,2.0.3-amd64,sha256:fd657e166e62438aec6794d4a76ff0b8a35f11505eb29d8f949cca12cc5d031c,IMAGE,linux,amd64,"",0,CASE,"",""
cp.icr.io,cp/iaf-elasticsearch-metrics-exporter,2.0.3-s390x,sha256:d0d951b5921a8b117a47c4fbf5766e46744ebdc9241584e9921463e573c39ff9,IMAGE,linux,s390x,"",0,CASE,"",""
cp.icr.io,cp/iaf-elasticsearch-metrics-exporter,2.0.3-ppc64le,sha256:2a55291a4fa5073d6cd0d382acd05e89c66cb3710f2eb29e43260527feb0402a,IMAGE,linux,ppc64le,"",0,CASE,"",""
cp.icr.io,cp/iaf-elasticsearch-metrics-exporter,2.0.4-amd64,sha256:3cc1583b1ae7ab90d16a767a69fb52f7b10821f0756b63923f93dd85add98550,IMAGE,linux,amd64,"",0,CASE,"",""
cp.icr.io,cp/iaf-elasticsearch-metrics-exporter,2.0.4-s390x,sha256:5c9fdcf2de7117fd55149ec707411f7ef2dfddb96b7941b3abb8783bd676edf0,IMAGE,linux,s390x,"",0,CASE,"",""
cp.icr.io,cp/iaf-elasticsearch-metrics-exporter,2.0.4-ppc64le,sha256:44022c5b2e815fdd6ba62a92db35a467c60a4c09b26313f7ae6d68203981125a,IMAGE,linux,ppc64le,"",0,CASE,"",""
cp.icr.io,cp/iaf-elasticsearch-metrics-exporter,2.0.5-amd64,sha256:f1827018f673035105e119b02a3f1b04208b00a2d31495b21d3693c481c6fd89,IMAGE,linux,amd64,"",0,CASE,"",""
cp.icr.io,cp/iaf-elasticsearch-metrics-exporter,2.0.5-s390x,sha256:c9f581739cdd38a67b3e13dc4d84473dcb851eb59ca6c5e519f25ccbbcc5818a,IMAGE,linux,s390x,"",0,CASE,"",""
cp.icr.io,cp/iaf-elasticsearch-metrics-exporter,2.0.5-ppc64le,sha256:7be3bb64c60ed9090ad479e52dab387f847e612db51aed4f3f507b67a84e37d6,IMAGE,linux,ppc64le,"",0,CASE,"",""
cp.icr.io,cp/iaf-elasticsearch-metrics-exporter,2.0.6-amd64,sha256:c1a2e1a01c38355af944b337564e3d9fcc8faea75be3ace377fb720f4366e1c6,IMAGE,linux,amd64,"",0,CASE,"",""
cp.icr.io,cp/iaf-elasticsearch-metrics-exporter,2.0.6-s390x,sha256:bd0640d3eec7172786e4c0cd27d60ddbfd28f13b90ce7b701d422fd4dadca636,IMAGE,linux,s390x,"",0,CASE,"",""
cp.icr.io,cp/iaf-elasticsearch-metrics-exporter,2.0.6-ppc64le,sha256:a72cad0a9c5cb330e4a55a39969e744c8f279dd6fffbdd418624a3a6c470389c,IMAGE,linux,ppc64le,"",0,CASE,"",""
cp.icr.io,cp/iaf-elasticsearch-metrics-exporter,2.0.7-amd64,sha256:402c1404f29208ee0ecf5ef1608f2d07b84ccb3b5ee8f783fc598fcbf6944838,IMAGE,linux,amd64,"",0,CASE,"",""
cp.icr.io,cp/iaf-elasticsearch-metrics-exporter,2.0.7-s390x,sha256:2ad7a88c1123180a858008f04b7f5ba486ab02f16a0e3ea3741f8f7cdf56e070,IMAGE,linux,s390x,"",0,CASE,"",""
cp.icr.io,cp/iaf-elasticsearch-metrics-exporter,2.0.7-ppc64le,sha256:98248e4a69a6f982ed2ac979d2d33a06a568e1c0bc7f25e4c23414ed37f28bf5,IMAGE,linux,ppc64le,"",0,CASE,"",""
cp.icr.io,cp/iaf-elasticsearch-metrics-exporter,2.0.8-amd64,sha256:15280949a399b6db3ac5dc79024329110555b18142a9d441a4555d680492fa20,IMAGE,linux,amd64,"",0,CASE,"",""
cp.icr.io,cp/iaf-elasticsearch-metrics-exporter,2.0.8-s390x,sha256:621555aea794d427b7c032e02992af6b804f6785d0311a8ca509dcc6e4574641,IMAGE,linux,s390x,"",0,CASE,"",""
cp.icr.io,cp/iaf-elasticsearch-metrics-exporter,2.0.8-ppc64le,sha256:2b1650840371732cbda49873358ebc0aff31ee4c931fe8bd0d2daacbb87cfba6,IMAGE,linux,ppc64le,"",0,CASE,"",""
cp.icr.io,cp/iaf-ai-pipeline-ctrl,1.0.0,sha256:4bd99462317acc9fd9156194e9ecd6c2c6b2105d554f43273963f3bed725ca21,IMAGE,linux,amd64,"",0,CASE,"",""
cp.icr.io,cp/iaf-ai-pipeline-ctrl,1.1.0,sha256:8bbaef9eccc0fb303323c375a336016ce72dafb0d21533fdc109c41f453ad238,IMAGE,linux,amd64,"",0,CASE,"",""
cp.icr.io,cp/iaf-ai-pipeline-step,1.0.0,sha256:243196c296f08d3aa1a450fbfb1577d64d457e8e979180cfe7f5ed77f6613b7c,IMAGE,linux,amd64,"",0,CASE,"",""
cp.icr.io,cp/iaf-ai-pipeline-step,1.1.0,sha256:555ab7c23abe22f6d2b3a758d9f001a4192112d607b80801be1ac96e15051842,IMAGE,linux,amd64,"",0,CASE,"",""
