registry,image_name,tag,digest,mtype,os,arch,variant,insecure,digest_source,image_type,groups
icr.io,cpopen/cpfs/privatecloud-usermgmt,4.7.1-6,sha256:e4de26cf498c218b23d5fd5eb02205d755d077582d64f9fa3fd58223334a117c,LIST,"","","",0,CASE,"",""
icr.io,cpopen/cpfs/privatecloud-usermgmt,4.7.1-6-amd64,sha256:015f7e10916aa5e313e31e8b3c871fcfc98420a34c2d89e45e185842ce2a71e1,IMAGE,linux,amd64,"",0,CASE,"",""
icr.io,cpopen/cpfs/privatecloud-usermgmt,4.7.1-6-ppc64le,sha256:d127b6d5f8532ba217a187c996b401c969c6ec37ad2eb54f40c7e09832c4d00b,IMAGE,linux,ppc64le,"",0,CASE,"",""
icr.io,cpopen/cpfs/privatecloud-usermgmt,4.7.1-6-s390x,sha256:fb8ca28b6ee423dabd0ff687863650e2f9b56e10722b27b23aca9caba554c8e6,IMAGE,linux,s390x,"",0,CASE,"",""
icr.io,cpopen/cpfs/zen-metastoredb,4.7.1-6,sha256:7cc9f472a07309f6d71e51a461174dbb572b9d8425da8b1c68e86a7d5991b9a1,LIST,"","","",0,CASE,"",""
icr.io,cpopen/cpfs/zen-metastoredb,4.7.1-6-amd64,sha256:7766c38d0a5af10045c83d8a96b2ba1f8b7b03aff189eb2678a94ac39f8654fb,IMAGE,linux,amd64,"",0,CASE,"",""
icr.io,cpopen/cpfs/zen-metastoredb,4.7.1-6-ppc64le,sha256:0e2308072f4e1803e89c8629295eb1618875b89a01c59c0da82a8f888e3a512c,IMAGE,linux,ppc64le,"",0,CASE,"",""
icr.io,cpopen/cpfs/zen-metastoredb,4.7.1-6-s390x,sha256:7e9c8e85f035947ce6d7a907b2268bdec27705867bd6a22a736c981b464e0c00,IMAGE,linux,s390x,"",0,CASE,"",""
icr.io,cpopen/cpfs/influxdb,4.7.1-6,sha256:88b925fa3a702090f4edc286fd16698b663caf077648fc415a4c4b72f99d477d,LIST,"","","",0,CASE,"",""
icr.io,cpopen/cpfs/influxdb,4.7.1-6-amd64,sha256:f5eb480fb58740bafe495a6d3635a6d61f04d16e3257e811cb35a4c0c94dbf0e,IMAGE,linux,amd64,"",0,CASE,"",""
icr.io,cpopen/cpfs/influxdb,4.7.1-6-ppc64le,sha256:e7b0a9b008e719771525a2697a6a4e8b26a144c6767b66e5f9fbf07a3aab00fe,IMAGE,linux,ppc64le,"",0,CASE,"",""
icr.io,cpopen/cpfs/influxdb,4.7.1-6-s390x,sha256:08f6052bfbbc12e5b07155aa5e782de2a634207a74f25d57cbca323fa0cbac56,IMAGE,linux,s390x,"",0,CASE,"",""
icr.io,cpopen/cpfs/zen-influxdb-relay,4.7.1-6,sha256:c9457de31f382aa1e4bd870b770affad7b06c98c69fcf549014b11d1f6f4df7b,LIST,"","","",0,CASE,"",""
icr.io,cpopen/cpfs/zen-influxdb-relay,4.7.1-6-amd64,sha256:1e0b78a81fb2ff7b88136ea14faaf8f9a68061d12bb8e00d0e393550c49d0f57,IMAGE,linux,amd64,"",0,CASE,"",""
icr.io,cpopen/cpfs/zen-influxdb-relay,4.7.1-6-ppc64le,sha256:dd1e20233dac33f2d19f07d4b75a664c4f87a22cefb98e96c7f4e4ae1709c471,IMAGE,linux,ppc64le,"",0,CASE,"",""
icr.io,cpopen/cpfs/zen-influxdb-relay,4.7.1-6-s390x,sha256:f0a93012128360bfa451ff8acb6eeac2dcafba031a83077602a7ed710b1a37e0,IMAGE,linux,s390x,"",0,CASE,"",""
icr.io,cpopen/cpfs/icp4data-nginx-repo,4.7.1-6,sha256:2311c3a2b6e86a834905c41b1d7e9ef30727205b8b79019375dee95fa76e41ca,LIST,"","","",0,CASE,"",""
icr.io,cpopen/cpfs/icp4data-nginx-repo,4.7.1-6-amd64,sha256:ddf46c600c11c231bc843cc4714473c544666cfd4309d895ccfc42ec551bb4c9,IMAGE,linux,amd64,"",0,CASE,"",""
icr.io,cpopen/cpfs/icp4data-nginx-repo,4.7.1-6-ppc64le,sha256:5fbf01b55bbe8b688971aba14614fa3fa5be691fc9d4925b5da671a56a85125c,IMAGE,linux,ppc64le,"",0,CASE,"",""
icr.io,cpopen/cpfs/icp4data-nginx-repo,4.7.1-6-s390x,sha256:09e84e0f6061ea692818194cd1ca7dd3a7e7eab1dd29120440d0244ec4dc885f,IMAGE,linux,s390x,"",0,CASE,"",""
icr.io,cpopen/cpfs/zen-core,4.7.1-6,sha256:ee278d174f21ff27d39642128e4b56a3cc50e3bd1b257949ed0ebeafa4d5b05e,LIST,"","","",0,CASE,"",""
icr.io,cpopen/cpfs/zen-core,4.7.1-6-amd64,sha256:effc58b0e022fd3c19f0b748d8b443b0db400c96c20607f28f2c34997c4675a4,IMAGE,linux,amd64,"",0,CASE,"",""
icr.io,cpopen/cpfs/zen-core,4.7.1-6-ppc64le,sha256:700da3c27117dd33ea18827282ac36b078c2c6b2131fefc3894f5139a35fe435,IMAGE,linux,ppc64le,"",0,CASE,"",""
icr.io,cpopen/cpfs/zen-core,4.7.1-6-s390x,sha256:3c273e3c5daa904b8a1a4c934d1b1d0f0ff96449a767470369c39abefc65d496,IMAGE,linux,s390x,"",0,CASE,"",""
icr.io,cpopen/cpfs/zen-core-api,4.7.1-6,sha256:ed08c8e2361b924ea4fef78aca33e9a12fc9ab5b16c55b40baf2526cd462176b,LIST,"","","",0,CASE,"",""
icr.io,cpopen/cpfs/zen-core-api,4.7.1-6-amd64,sha256:db0e4e625bea425c7c4c1c00a0f413896edbf6543d262fbece80c3f463d32866,IMAGE,linux,amd64,"",0,CASE,"",""
icr.io,cpopen/cpfs/zen-core-api,4.7.1-6-ppc64le,sha256:188b5e5ef322fe80e68c5e7d59f723673d6411e05207af65e4fecc6c661cadb4,IMAGE,linux,ppc64le,"",0,CASE,"",""
icr.io,cpopen/cpfs/zen-core-api,4.7.1-6-s390x,sha256:78ec88b908e47c52ac33bb708e271e896eabaac80fdc58d1296da7042673fbc6,IMAGE,linux,s390x,"",0,CASE,"",""
icr.io,cpopen/cpfs/icpd-requisite,4.7.1-6,sha256:1cdf3a1837a09a807ae77ef14bc1a81324cbe2ac654f51c469ad0d85aa00ea32,LIST,"","","",0,CASE,"",""
icr.io,cpopen/cpfs/icpd-requisite,4.7.1-6-amd64,sha256:086ae207478bcb0cfc60d35893d324907e38d0972466667db293e65fb6e386f6,IMAGE,linux,amd64,"",0,CASE,"",""
icr.io,cpopen/cpfs/icpd-requisite,4.7.1-6-ppc64le,sha256:1545b3f147ba7449fecb101dbcc4dee62da650778c094f967836707de1972c49,IMAGE,linux,ppc64le,"",0,CASE,"",""
icr.io,cpopen/cpfs/icpd-requisite,4.7.1-6-s390x,sha256:54bd8792bc923682cd35c72caf73b44e7298fce61fafd2aad1e438368eac9240,IMAGE,linux,s390x,"",0,CASE,"",""
icr.io,cpopen/cpfs/zen-watchdog,4.7.1-6,sha256:f3632cecf61c732977916b54ac964b87dd127bbfeee2c61e05495d63673959e9,LIST,"","","",0,CASE,"",""
icr.io,cpopen/cpfs/zen-watchdog,4.7.1-6-amd64,sha256:961e337319e2b6ea807efc179cf5525c537c43e341c0bc7bc92a9efbca3dd46a,IMAGE,linux,amd64,"",0,CASE,"",""
icr.io,cpopen/cpfs/zen-watchdog,4.7.1-6-ppc64le,sha256:16a7966fe8b1c38f879ab6fae0f1e93caa01ef5a0cd1f7e21dfa16f497e49212,IMAGE,linux,ppc64le,"",0,CASE,"",""
icr.io,cpopen/cpfs/zen-watchdog,4.7.1-6-s390x,sha256:59bf1c1b00e539b2fa5260857ba760604c20121526fb623c6ebe73ea220e88af,IMAGE,linux,s390x,"",0,CASE,"",""
icr.io,cpopen/cpfs/zen-data-sorcerer,4.7.1-6,sha256:2263f23170cce67268fa8444a003715ccb8c2b5ff0ddba872eafeddb27308c40,LIST,"","","",0,CASE,"",""
icr.io,cpopen/cpfs/zen-data-sorcerer,4.7.1-6-amd64,sha256:bd2fe53889dac8b8d7ba7267638f41834d89e232f4989e1fe00b25c058511666,IMAGE,linux,amd64,"",0,CASE,"",""
icr.io,cpopen/cpfs/zen-data-sorcerer,4.7.1-6-ppc64le,sha256:ff0b8ca2b5962bac108ad8f285dbde7edf5b07dc6fb7331cee1883b5b80ed2bc,IMAGE,linux,ppc64le,"",0,CASE,"",""
icr.io,cpopen/cpfs/zen-data-sorcerer,4.7.1-6-s390x,sha256:ff47963d8900ee72ee28b3036c3f7a5ac0097b540526cabbaf03380ac80edf0d,IMAGE,linux,s390x,"",0,CASE,"",""
icr.io,cpopen/cpfs/zen-audit,4.7.1-6,sha256:aaae3f6b997921b11ebd8684b460a21100a375ce0f3fc3bb5fa4e5d53ff6c8b0,LIST,"","","",0,CASE,"",""
icr.io,cpopen/cpfs/zen-audit,4.7.1-6-amd64,sha256:b49dbd908c60450bab0448de779db75a7d313d1bf82332b9673fdbb118af0270,IMAGE,linux,amd64,"",0,CASE,"",""
icr.io,cpopen/cpfs/zen-audit,4.7.1-6-ppc64le,sha256:eb07b790c07c8c6c857376319eb76ee7a738ea54eaf166225fdd9a5b47033750,IMAGE,linux,ppc64le,"",0,CASE,"",""
icr.io,cpopen/cpfs/zen-audit,4.7.1-6-s390x,sha256:21733fe0bb28a37d6e199269a8046ec477ab8434d824984a6c628bd673a0dd70,IMAGE,linux,s390x,"",0,CASE,"",""
icr.io,cpopen/cpfs/zen-iam-config,4.7.1-6,sha256:1cd92ccb06efaec1a698a377b49dea0f693189b257e8fefc9585edb8f20ffd68,LIST,"","","",0,CASE,"",""
icr.io,cpopen/cpfs/zen-iam-config,4.7.1-6-amd64,sha256:7bac9769ed67f3cb09729671ef85f4aded25f3eb32c89bc6c40807efae7a8fac,IMAGE,linux,amd64,"",0,CASE,"",""
icr.io,cpopen/cpfs/zen-iam-config,4.7.1-6-ppc64le,sha256:106fcc12c9886b5e428b6224975d8f129b34d746eb0399a67403f3830cd61a0b,IMAGE,linux,ppc64le,"",0,CASE,"",""
icr.io,cpopen/cpfs/zen-iam-config,4.7.1-6-s390x,sha256:4da5f30f64862d11af7fea235eeae7a91551b4f4c7c3251ef02f693a00eef965,IMAGE,linux,s390x,"",0,CASE,"",""
icr.io,cpopen/ibm-zen-operator,1.7.1,sha256:c39189a775e54af23f9f2928bff4a7101cda3717b15fe84c79a273f337ac08b2,LIST,"","","",0,CASE,"",""
icr.io,cpopen/ibm-zen-operator,1.7.1-amd64,sha256:4570f5c0d610c312f89f2dce180466fb3eac0bbcad853f07d5de5bab89f51caa,IMAGE,linux,amd64,"",0,CASE,"",""
icr.io,cpopen/ibm-zen-operator,1.7.1-ppc64le,sha256:a4a5e51c3e3b889b51cc8591d1f226bda4df06801a5e90714321fc337b6d9795,IMAGE,linux,ppc64le,"",0,CASE,"",""
icr.io,cpopen/ibm-zen-operator,1.7.1-s390x,sha256:303cfbd3894024593862b9b7c9111933ef6ea2cda6b124436872520d4c4109b5,IMAGE,linux,s390x,"",0,CASE,"",""
