registry,image_name,tag,digest,mtype,os,arch,variant,insecure,digest_source,image_type,groups
quay.io,opencloudio/ibm-platform-api-operator,3.9.1,sha256:b4dba37f6cbf1639719be7013b88f352c806e713e143f5a03e5fde03a2a17fc6,LIST,"","","",0,CASE,"",""
quay.io,opencloudio/ibm-platform-api-operator,3.9.1-amd64,sha256:8b4e62ec243f62ca18d016380c10541e9533f9102e9ea73385688d461a338a14,IMAGE,linux,amd64,"",0,CASE,"",""
quay.io,opencloudio/ibm-platform-api-operator,3.9.1-ppc64le,sha256:728bd203faad4b243f054cf32cb069ea45cf49b97997bfeb020226dceeec3102,IMAGE,linux,ppc64le,"",0,CASE,"",""
quay.io,opencloudio/ibm-platform-api-operator,3.9.1-s390x,sha256:b39e1b96d136862d9d30ab1635fdd103243e6ea8a1b4a6f3f31fb5a212f002c8,IMAGE,linux,s390x,"",0,CASE,"",""
quay.io,opencloudio/icp-platform-api,3.7.1,sha256:836be6b63aed69331bc7860ea1eb5ff1bd15be0114ac0aafd1b515d25a20d800,LIST,"","","",0,CASE,"",""
quay.io,opencloudio/icp-platform-api,3.7.1-amd64,sha256:91987d2736d6522b5a4c6ec33a8aa53c6ca1fa5a1725fcc335276b6d16e0d871,IMAGE,linux,amd64,"",0,CASE,"",""
quay.io,opencloudio/icp-platform-api,3.7.1-ppc64le,sha256:a25a392a31c2478f1e7a0350466e7e195173c5979b65bbd6dea61e44a27ce30b,IMAGE,linux,ppc64le,"",0,CASE,"",""
quay.io,opencloudio/icp-platform-api,3.7.1-s390x,sha256:122c91b8eb1f5dc6e6d1f38ad28e9254cc267df9a570f2af5d19f53373fbc382,IMAGE,linux,s390x,"",0,CASE,"",""
quay.io,opencloudio/audit-syslog-service,1.0.6,sha256:4c02a23b8cbee2fdf0bda3344945590dafad8fae18aa1dfcd0c808e5a569cdbf,LIST,"","","",0,CASE,"",""
quay.io,opencloudio/audit-syslog-service,1.0.6-amd64,sha256:da88b9fb89a8d9a506c1af7d4339487663c69cec05d9a27137b72f6aeaf1c5c4,IMAGE,linux,amd64,"",0,CASE,"",""
quay.io,opencloudio/audit-syslog-service,1.0.6-ppc64le,sha256:3b1e0cab944cf8d6a1a2f7072a0bbac11295a48dcf6ec4262af37098bb29da98,IMAGE,linux,ppc64le,"",0,CASE,"",""
quay.io,opencloudio/audit-syslog-service,1.0.6-s390x,sha256:bad6543193c256d03d2a75f50edb5e33449a54ec4d021df1fb6d1d1f3db626e8,IMAGE,linux,s390x,"",0,CASE,"",""
icr.io,cpopen/ibm-platform-api-operator,3.22.0,sha256:a2002df9fd2786e588fbe1f3704c62d53ba4278f0a4ce483d363476ea4d1d9e3,LIST,"","","",0,CASE,"",""
icr.io,cpopen/ibm-platform-api-operator,3.22.0-amd64,sha256:276ed642c17e3ced5e5a9052d5f62171e347f13cde92a53301c46f42f8ee54c2,IMAGE,linux,amd64,"",0,CASE,"",""
icr.io,cpopen/ibm-platform-api-operator,3.22.0-ppc64le,sha256:6c945115cdfcd717a43ce2ed447b012cee69185070ae5b9d7935221a69b15cad,IMAGE,linux,ppc64le,"",0,CASE,"",""
icr.io,cpopen/ibm-platform-api-operator,3.22.0-s390x,sha256:405db49377c023b37c51af7523dc7eeac6f4ea41086963392f7cc49ca8615065,IMAGE,linux,s390x,"",0,CASE,"",""
icr.io,cpopen/cpfs/icp-platform-api,3.20.0,sha256:e1ff6505dc8b749515fd44286465eb7bf7dc0554f3c1cbd29f1fc276c15081dc,LIST,"","","",0,CASE,"",""
icr.io,cpopen/cpfs/icp-platform-api,3.20.0-amd64,sha256:015c98b6f82aadf49e43294f0fe036b4eff03f025bfe542291d6c6dd7a1c3c49,IMAGE,linux,amd64,"",0,CASE,"",""
icr.io,cpopen/cpfs/icp-platform-api,3.20.0-ppc64le,sha256:18877732280438a2225848f59ee6036ea9332e5ae029df2d2d290a62183e437e,IMAGE,linux,ppc64le,"",0,CASE,"",""
icr.io,cpopen/cpfs/icp-platform-api,3.20.0-s390x,sha256:7dad678fdd395230a8cd91d0990f554d8f0826e97ce6d23e4f44c2344d50acac,IMAGE,linux,s390x,"",0,CASE,"",""
icr.io,cpopen/cpfs/audit-syslog-service,1.10.1,sha256:efc7014f285445acdc3899953629a14aa7ec291abf2d50c8f9dac0f082f35600,LIST,"","","",0,CASE,"",""
icr.io,cpopen/cpfs/audit-syslog-service,1.10.1-amd64,sha256:ed2d0e59e0e7d60813912b7e91633b178d7a2bf535db1df4aef3910ba7976d0c,IMAGE,linux,amd64,"",0,CASE,"",""
icr.io,cpopen/cpfs/audit-syslog-service,1.10.1-ppc64le,sha256:9bcd6dec62519869dd2d945ae5de5b5b50895bc829fb93822b7c62f4422f67f4,IMAGE,linux,ppc64le,"",0,CASE,"",""
icr.io,cpopen/cpfs/audit-syslog-service,1.10.1-s390x,sha256:79c80b23d4492796bbd9ba4fe9b5de73c9f4d40ab6ccef1fd2e8920f495ded1a,IMAGE,linux,s390x,"",0,CASE,"",""
icr.io,cpopen/cpfs/kubectl,v1.15.9.18,sha256:39e94c3a4e61f84d26a08326e8adf8b0f019f5f897c3de78e17b05dae3c3899e,LIST,"","","",0,CASE,"",""
icr.io,cpopen/cpfs/kubectl,v1.15.9.18-amd64,sha256:2894ea40482dbc38b0c670c04ea2dabd2e4a5d9fcd29de343b4d6a7b2c10c138,IMAGE,linux,amd64,"",0,CASE,"",""
icr.io,cpopen/cpfs/kubectl,v1.15.9.18-ppc64le,sha256:563497f10f42cf38fd1120b317a9520bdcd2839a9d4fdb3e164680e273e47879,IMAGE,linux,ppc64le,"",0,CASE,"",""
icr.io,cpopen/cpfs/kubectl,v1.15.9.18-s390x,sha256:d0bd47ba0679d354986d0433dc049e3edb08c84c58971d488ea811a23ce17b84,IMAGE,linux,s390x,"",0,CASE,"",""
