registry,image_name,tag,digest,mtype,os,arch,variant,insecure,digest_source,image_type,groups
icr.io,cpopen/ibm-monitoring-grafana-operator,1.24.0,sha256:c4e9815fe3a58a01ef83515fbc0728f90a4c1ab358a90042ffa99f44e95c4726,LIST,"","","",0,CASE,"",""
icr.io,cpopen/ibm-monitoring-grafana-operator,1.24.0-amd64,sha256:7312f827241c0cc8ed940625141bd575d017ab9a6dda2d4d29f7feb18056f6dd,IMAGE,linux,amd64,"",0,CASE,"",""
icr.io,cpopen/ibm-monitoring-grafana-operator,1.24.0-ppc64le,sha256:d21450b8b346c1ee4a3f432fb147a333692fb5f9c1b5730f71d8bd49bd3e7028,IMAGE,linux,ppc64le,"",0,CASE,"",""
icr.io,cpopen/ibm-monitoring-grafana-operator,1.24.0-s390x,sha256:14ec2fbe245f42b9e8efa312297bdb109b220127f333700af6fcea827af238bf,IMAGE,linux,s390x,"",0,CASE,"",""
icr.io,cpopen/cpfs/grafana,v7.1.5-build.18,sha256:b131b0a1574141a1fa9904ea90bcf00c7b3418ed9865694eff9dc6d1f5895539,LIST,"","","",0,CASE,"",""
icr.io,cpopen/cpfs/grafana,v7.1.5-build.18-amd64,sha256:fa7d29d95246a978107e8724948ff759df6c9928e2228a8a1853e547626de042,IMAGE,linux,amd64,"",0,CASE,"",""
icr.io,cpopen/cpfs/grafana,v7.1.5-build.18-ppc64le,sha256:a9eb3e9a043a56ca51eaba453b1f481629f6a95e4930c962d9c6ba9ccba60dd2,IMAGE,linux,ppc64le,"",0,CASE,"",""
icr.io,cpopen/cpfs/grafana,v7.1.5-build.18-s390x,sha256:b0b73b2e61f3e0c25cca65aad62162800ae3f8ef07beb150aec61fd981f072dd,IMAGE,linux,s390x,"",0,CASE,"",""
icr.io,cpopen/cpfs/icp-management-ingress,2.5.25,sha256:e66a1e99177a1f5e9511b6b020643b012002378d6dcde950b246d68cd24cc808,LIST,"","","",0,CASE,"",""
icr.io,cpopen/cpfs/icp-management-ingress,2.5.25-amd64,sha256:34caa27c0239cec85490d629fe9415ab322f17d4715bc6b49d529c99c8f3cd6d,IMAGE,linux,amd64,"",0,CASE,"",""
icr.io,cpopen/cpfs/icp-management-ingress,2.5.25-ppc64le,sha256:35f74cee47e440d61a28c8789be5b67d978f942f88c08c161fab1e44b57e9d97,IMAGE,linux,ppc64le,"",0,CASE,"",""
icr.io,cpopen/cpfs/icp-management-ingress,2.5.25-s390x,sha256:323615eb9e5e8e8370d8e14effca7298b02aefde5403af0e752791dc1538b20b,IMAGE,linux,s390x,"",0,CASE,"",""
icr.io,cpopen/cpfs/dashboard-controller,v1.2.2-build.17,sha256:f5304c67c08f1502ecf1d5ef7bf743942aa48d416ddf8ad632395236d1591d78,LIST,"","","",0,CASE,"",""
icr.io,cpopen/cpfs/dashboard-controller,v1.2.2-build.17-amd64,sha256:c4a81296da3bb676ae9204879a75266c51e22526cb78c3a635159aed306f494b,IMAGE,linux,amd64,"",0,CASE,"",""
icr.io,cpopen/cpfs/dashboard-controller,v1.2.2-build.17-ppc64le,sha256:24971eea63fd594b9cc4e4bfa29c6292176ae468d990c46f3433aee0d866d50f,IMAGE,linux,ppc64le,"",0,CASE,"",""
icr.io,cpopen/cpfs/dashboard-controller,v1.2.2-build.17-s390x,sha256:f1192325c13bc58d63bb9fc6b61f95cf701497d14d4e282300e5b3531ac50936,IMAGE,linux,s390x,"",0,CASE,"",""
icr.io,cpopen/cpfs/icp-initcontainer,1.0.0-build.23,sha256:f0e669847f5b74601af2db8cc28ee6c8668a6c8a274b57349c03aa2cc2101e9d,LIST,"","","",0,CASE,"",""
icr.io,cpopen/cpfs/icp-initcontainer,1.0.0-build.23-amd64,sha256:10abe7bde1af911c89a0ad5c504f04d8b5004da4f781b42e64d960f277a92b5f,IMAGE,linux,amd64,"",0,CASE,"",""
icr.io,cpopen/cpfs/icp-initcontainer,1.0.0-build.23-ppc64le,sha256:a331d97b587c8c19a30f40c897e0ce89c141cf8a1dd258218f26f18630f4c7b3,IMAGE,linux,ppc64le,"",0,CASE,"",""
icr.io,cpopen/cpfs/icp-initcontainer,1.0.0-build.23-s390x,sha256:4cd46af8e48bc0952779f464821c511aac0d3af517d8e54772b97e885d0186c6,IMAGE,linux,s390x,"",0,CASE,"",""
icr.io,cpopen/cpfs/grafana-ocpthanos-proxy,1.0.18,sha256:530747c7d60949cdfbc13b5da4b096504ffb25a726bb4a4c1286534a673e7b81,LIST,"","","",0,CASE,"",""
icr.io,cpopen/cpfs/grafana-ocpthanos-proxy,1.0.18-amd64,sha256:a9ca6f3090145272c85fd74d4a41766078a3a535e10b463c3377293b618c73cf,IMAGE,linux,amd64,"",0,CASE,"",""
icr.io,cpopen/cpfs/grafana-ocpthanos-proxy,1.0.18-ppc64le,sha256:50a163c81e3fd28be171a9a54b51d6ada97c61cf99fb0dcdadc7efe5d2e1d426,IMAGE,linux,ppc64le,"",0,CASE,"",""
icr.io,cpopen/cpfs/grafana-ocpthanos-proxy,1.0.18-s390x,sha256:998b6e527ded1f7db1931a3e3214fbba9835ba442a38d683f2a358df031d1b50,IMAGE,linux,s390x,"",0,CASE,"",""
