registry,image_name,tag,digest,mtype,os,arch,variant,insecure,digest_source,image_type,groups
icr.io,cpopen/ibm-zen-cpp-operator,1.7.0,sha256:4df9241d7e96c8ec2bcf07e414e432ed011bfbf11c8f59a3cbe67e4c00b40896,LIST,"","","",0,CASE,"",""
icr.io,cpopen/ibm-zen-cpp-operator,1.7.0-amd64,sha256:088e12a51992bfab25ece1b77b565a8196da470ba5167dd6c2bdef009d7c95ec,IMAGE,linux,amd64,"",0,CASE,"",""
icr.io,cpopen/ibm-zen-cpp-operator,1.7.0-ppc64le,sha256:a2e254b6d203ca2237b44b327ec70320955892e9a7857567d64d53c30b5351b1,IMAGE,linux,ppc64le,"",0,CASE,"",""
icr.io,cpopen/ibm-zen-cpp-operator,1.7.0-s390x,sha256:b9f9be40715b99ba8964fa629e6ec929f1d0cebde5f4575f1358a4218eb6eaa4,IMAGE,linux,s390x,"",0,CASE,"",""
