registry,image_name,tag,digest,mtype,os,arch,variant,insecure,digest_source,image_type,groups
cp.icr.io,cp/ibm-cloud-databases-redis-operator,1.2.1-amd64,sha256:18a5f072bc1e7d5bc2eaa23faf62b884b424db850cadffe521874c6f5c5edad8,IMAGE,linux,amd64,"",0,CASE,"",""
cp.icr.io,cp/redis-db-5.0.9,1.2.1-amd64,sha256:b7669901721ba4c24178d33248a5bce7866aba3c6b1f1827e1a894eeb0c1a114,IMAGE,linux,amd64,"",0,CASE,"",""
cp.icr.io,cp/redis-mgmt-5.0.9,1.2.1-amd64,sha256:2cd5300637ad1d3731d01dc62c42f637bfe1219f136ec8017a35d722b91fe661,IMAGE,linux,amd64,"",0,CASE,"",""
cp.icr.io,cp/redis-proxy-5.0.9,1.2.1-amd64,sha256:4f305b5b5bb20169dec87f750851990ac5317df2f393dd8e2780fab8115e9a7e,IMAGE,linux,amd64,"",0,CASE,"",""
cp.icr.io,cp/redis-proxylog-5.0.9,1.2.1-amd64,sha256:f2cc73fa4d85f2dc25ee6e245fbbeb22a1e5a3fb15fd8128a562e75b10d8bcc6,IMAGE,linux,amd64,"",0,CASE,"",""
cp.icr.io,cp/redis-db-5.0.5,1.0.0,sha256:978cf09ee9ffcf4317a0a4d99f0332735f988ba04735b0169461f40a41d9e672,IMAGE,linux,amd64,"",0,CASE,"",""
cp.icr.io,cp/redis-mgmt-5.0.5,1.0.0,sha256:16827306b60e1e3d76cca8daee0f16c43119f714cd89c37ca3a9b37628747b45,IMAGE,linux,amd64,"",0,CASE,"",""
cp.icr.io,cp/redis-proxy-5.0.5,1.0.0,sha256:dd5234b95376f974fa9845a066b0fe8b80e64c7a6df9e2f7c6da21c9156a7d75,IMAGE,linux,amd64,"",0,CASE,"",""
cp.icr.io,cp/redis-proxylog-5.0.5,1.0.0,sha256:c9494a21a2e0bbdd5abc070eb418e159e0ac5c40ee9b64d82c50bd4442138a7e,IMAGE,linux,amd64,"",0,CASE,"",""
cp.icr.io,cp/redis-db-5.0.5,1.1.0,sha256:cca54715bb1cc7d03aeb45c7a0b9a94fbf52f4cf8f483bd5b9ab6ff97ef0d443,LIST,"","","",0,CASE,"",""
cp.icr.io,cp/redis-db-5.0.5,1.1.0-amd64,sha256:d20a02a0916475d92c2ef47175ffec9654ecfa4f6449cf08ce845e21a2603378,IMAGE,linux,amd64,"",0,CASE,"",""
cp.icr.io,cp/redis-db-5.0.5,1.1.0-s390x,sha256:aae9b5eef9a88c7b3d184ec8d1990d60fb5fb6f9a14d775920c9a88bb09fe146,IMAGE,linux,s390x,"",0,CASE,"",""
cp.icr.io,cp/redis-mgmt-5.0.5,1.1.0,sha256:9685553903409dd41b31489acd4443ce92151e80e19a9ff197b6df3bfb1d6b74,LIST,"","","",0,CASE,"",""
cp.icr.io,cp/redis-mgmt-5.0.5,1.1.0-amd64,sha256:b872946c5a30fae2992cbcd35258a9daf33a76835accac80b88c66837200cd84,IMAGE,linux,amd64,"",0,CASE,"",""
cp.icr.io,cp/redis-mgmt-5.0.5,1.1.0-s390x,sha256:bf1eed306baa98ed411dc7c8986a2513a6dbf74b7dab47f9d517994e14a33b5b,IMAGE,linux,s390x,"",0,CASE,"",""
cp.icr.io,cp/redis-proxy-5.0.5,1.1.0,sha256:19c7f2538b415142a3e6d19c50221968519fcee6b927be98ddc49fd2bc02d2f7,LIST,"","","",0,CASE,"",""
cp.icr.io,cp/redis-proxy-5.0.5,1.1.0-amd64,sha256:af5b1693370e3c8576bf32419bf515807197718a35c6b3e08968354367206b61,IMAGE,linux,amd64,"",0,CASE,"",""
cp.icr.io,cp/redis-proxy-5.0.5,1.1.0-s390x,sha256:6e9aa545183e06473e870b0e08c7bd04b584cbc6cf52ce8fadb2721783c674a3,IMAGE,linux,s390x,"",0,CASE,"",""
cp.icr.io,cp/redis-proxylog-5.0.5,1.1.0,sha256:a9933cb5a8a729bedf17524d08da290124196e7109d810fa42d06022ef1e6ceb,LIST,"","","",0,CASE,"",""
cp.icr.io,cp/redis-proxylog-5.0.5,1.1.0-amd64,sha256:3c41fac77d2912c53b17583932533c34cfabad98d22063e5b3b64f5827cc328c,IMAGE,linux,amd64,"",0,CASE,"",""
cp.icr.io,cp/redis-proxylog-5.0.5,1.1.0-s390x,sha256:ea43327fab28ed6a07e5df9dcb90ba2d1149e9d93767df7a26b61fd133bb6fb7,IMAGE,linux,s390x,"",0,CASE,"",""
cp.icr.io,cp/redis-db-5.0.5,1.2.0,sha256:4768db9e45ce5668b5e1719a028709254705915661d18453cab58ec53ace03d7,LIST,"","","",0,CASE,"",""
cp.icr.io,cp/redis-db-5.0.5,1.2.0-amd64,sha256:dd889e73751deb46860ebe5167e73a1f32553ae11f44601888d4b524119c7449,IMAGE,linux,amd64,"",0,CASE,"",""
cp.icr.io,cp/redis-db-5.0.5,1.2.0-s390x,sha256:8cbdd6023c72dcb574e2a08f3700f89b91a86d4d8e0d243f015179586a80f904,IMAGE,linux,s390x,"",0,CASE,"",""
cp.icr.io,cp/redis-mgmt-5.0.5,1.2.0,sha256:2435da352ae1b63fc54fbcdef34439d97c7beaf74ce24c35ce4d6b89c1052d86,LIST,"","","",0,CASE,"",""
cp.icr.io,cp/redis-mgmt-5.0.5,1.2.0-amd64,sha256:be4af1554507519b9b65c40bf337a8a7f40652a595ed30a623a5748f9f112b99,IMAGE,linux,amd64,"",0,CASE,"",""
cp.icr.io,cp/redis-mgmt-5.0.5,1.2.0-s390x,sha256:cbe954f40648196ad46dcc75c51ccbadcbd74cddafb0a2038b131632ab5335bf,IMAGE,linux,s390x,"",0,CASE,"",""
cp.icr.io,cp/redis-proxy-5.0.5,1.2.0,sha256:eb9f2a6eecf013041e3636f6f4eeaaafcb4e8f8a152c13abeabf785e22ed1eee,LIST,"","","",0,CASE,"",""
cp.icr.io,cp/redis-proxy-5.0.5,1.2.0-amd64,sha256:dc942ecfa974b48d2d6c58620374364698a53ddb5d6f63674ff5b882c851361d,IMAGE,linux,amd64,"",0,CASE,"",""
cp.icr.io,cp/redis-proxy-5.0.5,1.2.0-s390x,sha256:0b3b15436dd861b7ee7443bb978b192e9172c190f7d0972e2f331601acd49002,IMAGE,linux,s390x,"",0,CASE,"",""
cp.icr.io,cp/redis-proxylog-5.0.5,1.2.0,sha256:ca59c5f779f74324a66fda4eb0012d9aab306ac6f693d481135a0a2aeca13e65,LIST,"","","",0,CASE,"",""
cp.icr.io,cp/redis-proxylog-5.0.5,1.2.0-amd64,sha256:9346a2bf7db318cd689f22556c05161d5c1ad60c88419626501bfcbe14f629b0,IMAGE,linux,amd64,"",0,CASE,"",""
cp.icr.io,cp/redis-proxylog-5.0.5,1.2.0-s390x,sha256:7846689d0159d29a1d7f9896db7626f2102e6a315f76b6083029a2f1d9cdc459,IMAGE,linux,s390x,"",0,CASE,"",""
cp.icr.io,cp/redis-db-5.0.9,1.2.2,sha256:8e610252dc4fdb9b9ae6056ff37846701b2d49b654cf750d2f6f2f0246da02f2,LIST,"","","",0,CASE,"",""
cp.icr.io,cp/redis-db-5.0.9,1.2.2-amd64,sha256:bc91d4c93fc6e302a455bf5661bd40dc62cab11c80b9cc977e8d9f7d6c7f08d7,IMAGE,linux,amd64,"",0,CASE,"",""
cp.icr.io,cp/redis-mgmt-5.0.9,1.2.2,sha256:5eaaa3c41911d2b929e5fadbf791141f2287629fb4755b87caba23ef89d831a9,LIST,"","","",0,CASE,"",""
cp.icr.io,cp/redis-mgmt-5.0.9,1.2.2-amd64,sha256:0c258d4c89c0d3509a439f014251049321dd8132a125f8e17409f6fbda63c645,IMAGE,linux,amd64,"",0,CASE,"",""
cp.icr.io,cp/redis-proxy-5.0.9,1.2.2,sha256:865cac95dba8cc380be0179257d7af6dd44165d106018c7fa0258765581ddbbd,LIST,"","","",0,CASE,"",""
cp.icr.io,cp/redis-proxy-5.0.9,1.2.2-amd64,sha256:972e8c62ef8eadfb84d977b119112f93f350ef1d1f40342a759d8778bc8e0dce,IMAGE,linux,amd64,"",0,CASE,"",""
cp.icr.io,cp/redis-proxylog-5.0.9,1.2.2,sha256:3a9959843e30e088a465516eb8b7457e21c8385ea71c75e5888fcb6a13fec06a,LIST,"","","",0,CASE,"",""
cp.icr.io,cp/redis-proxylog-5.0.9,1.2.2-amd64,sha256:40ed0ec58792d750cfe83a0271de6c512d2e9be272c492309cba6f2c03bc413f,IMAGE,linux,amd64,"",0,CASE,"",""
cp.icr.io,cp/redis-db-5.0.9,1.2.3,sha256:1fb39c7f9c16b8668bbc92416bc55e2ad4d94020a61decaf634f3464e24f2d48,LIST,"","","",0,CASE,"",""
cp.icr.io,cp/redis-db-5.0.9,1.2.3-amd64,sha256:40028bd324a35e6bfc971cd6db4347ae3486ec10d7855ceb6016ec95f24fff20,IMAGE,linux,amd64,"",0,CASE,"",""
cp.icr.io,cp/redis-db-5.0.9,1.2.3-s390x,sha256:72d079378cbfd53cfd43de9537806a60e6b0be5a996640489706c496bfd87a34,IMAGE,linux,s390x,"",0,CASE,"",""
cp.icr.io,cp/redis-mgmt-5.0.9,1.2.3,sha256:399bc06aee99a925734af09bc5bbb934d5d00f261309a40045d20899568c1d8c,LIST,"","","",0,CASE,"",""
cp.icr.io,cp/redis-mgmt-5.0.9,1.2.3-amd64,sha256:71ed8ad0325a39bad9950341f3f16a462a53d335582454132b57ba1cded05795,IMAGE,linux,amd64,"",0,CASE,"",""
cp.icr.io,cp/redis-mgmt-5.0.9,1.2.3-s390x,sha256:21ead594deaefec0a46460220dc7987c30f6d6679d53bbad92857ad27bbbc9d4,IMAGE,linux,s390x,"",0,CASE,"",""
cp.icr.io,cp/redis-proxy-5.0.9,1.2.3,sha256:99f6020211b2e69722b9c6d6100a48fde506c06860ba957764ef9c30141f8d89,LIST,"","","",0,CASE,"",""
cp.icr.io,cp/redis-proxy-5.0.9,1.2.3-amd64,sha256:67e2e99eb5fb09cb9408b30b4b037b38803e6e7bef5de9fa2c169dc7a615d150,IMAGE,linux,amd64,"",0,CASE,"",""
cp.icr.io,cp/redis-proxy-5.0.9,1.2.3-s390x,sha256:1796e243f1f91d7dbd2878066371de6e0ac6de508a21d85cf2d61af8300934e2,IMAGE,linux,s390x,"",0,CASE,"",""
cp.icr.io,cp/redis-proxylog-5.0.9,1.2.3,sha256:ad94fe2072450af2687d42ece502889a7b62ad5bdb77a63db50f26632bb2d1a5,LIST,"","","",0,CASE,"",""
cp.icr.io,cp/redis-proxylog-5.0.9,1.2.3-amd64,sha256:b9f73b2a824d8450199c8244dd60f344059029c255dfaf475b296795f5914860,IMAGE,linux,amd64,"",0,CASE,"",""
cp.icr.io,cp/redis-proxylog-5.0.9,1.2.3-s390x,sha256:3b7a0d229a8ceb0e94fec85b394996141f5cfc8e066cce482c72deea4365656c,IMAGE,linux,s390x,"",0,CASE,"",""
cp.icr.io,cp/redis-db-5.0.9,1.3.0,sha256:1f6ed6d1fc145c98a223c773face1465f1a3db454547e7d1d0cae90d92bb3306,LIST,"","","",0,CASE,"",""
cp.icr.io,cp/redis-db-5.0.9,1.3.0-amd64,sha256:853e48c1c1937863d20056c3d31d482a1b8a56b0187f8911610c4155c0a7a257,IMAGE,linux,amd64,"",0,CASE,"",""
cp.icr.io,cp/redis-db-5.0.9,1.3.0-s390x,sha256:2e4d2d6621763af3eff52669293d9c30abb62696d4bfe8a28b9a2ea45352a25b,IMAGE,linux,s390x,"",0,CASE,"",""
cp.icr.io,cp/redis-mgmt-5.0.9,1.3.0,sha256:5dc5b4334c24b384bf6b9668b123ff66de11780629d1de5a089b8ad5cf953672,LIST,"","","",0,CASE,"",""
cp.icr.io,cp/redis-mgmt-5.0.9,1.3.0-amd64,sha256:057c4035c1f8f7684cdfb0c8dc03e1135bfbff41603ba1855045b502edc56565,IMAGE,linux,amd64,"",0,CASE,"",""
cp.icr.io,cp/redis-mgmt-5.0.9,1.3.0-s390x,sha256:471f4bf9f46b3dc82e854a3f12e36c5707c56de5948c86310160fbf6fba52f8d,IMAGE,linux,s390x,"",0,CASE,"",""
cp.icr.io,cp/redis-proxy-5.0.9,1.3.0,sha256:ea916fc36b267e8f4a43e31b3984808a5fee8613881b538e07703a3c1e124444,LIST,"","","",0,CASE,"",""
cp.icr.io,cp/redis-proxy-5.0.9,1.3.0-amd64,sha256:43ee091e77c6985baea09a39b57d1410a7452d1acff9222afe76d1a75d97072d,IMAGE,linux,amd64,"",0,CASE,"",""
cp.icr.io,cp/redis-proxy-5.0.9,1.3.0-s390x,sha256:7030c7b4038bfd2bd7d23628c427c4496baf46323e86284612a9b0de2ec072ba,IMAGE,linux,s390x,"",0,CASE,"",""
cp.icr.io,cp/redis-proxylog-5.0.9,1.3.0,sha256:cb487240ad7808eb0e98f2ed031c92275a3eeef439efca28a474e9fdfcf1df58,LIST,"","","",0,CASE,"",""
cp.icr.io,cp/redis-proxylog-5.0.9,1.3.0-amd64,sha256:b505b30205abf0659e7a0b16ddea001e3536330c62708b310a4998ce50c53eb8,IMAGE,linux,amd64,"",0,CASE,"",""
cp.icr.io,cp/redis-proxylog-5.0.9,1.3.0-s390x,sha256:887d1b83675786ea6c07ee020cc016b04f2d374df118874e5823ec91b6169209,IMAGE,linux,s390x,"",0,CASE,"",""
cp.icr.io,cp/redis-db-5.0.9,1.3.1,sha256:a9872f87afdb77fdd56d43d68f99301c96cddae11d3ce56fad31038b016ead88,LIST,"","","",0,CASE,"",""
cp.icr.io,cp/redis-db-5.0.9,1.3.1-amd64,sha256:b6c04af38179914c68ce6e0436f7d2a528a5515b3dde5000566c0ec01a12a62a,IMAGE,linux,amd64,"",0,CASE,"",""
cp.icr.io,cp/redis-db-5.0.9,1.3.1-s390x,sha256:3ed0c50134fb08a3efdf5e96a89e5b6ffab649a73f8ff2e2361a6959e17f5b4a,IMAGE,linux,s390x,"",0,CASE,"",""
cp.icr.io,cp/redis-mgmt-5.0.9,1.3.1,sha256:2df414b2c8d666257f498772a2151b574e4202cc21d2f364b5e9060e9c58be57,LIST,"","","",0,CASE,"",""
cp.icr.io,cp/redis-mgmt-5.0.9,1.3.1-amd64,sha256:c61fe78fc67957541b628e356f41b98dd72abb62f90354e42b6dd66cd4f35845,IMAGE,linux,amd64,"",0,CASE,"",""
cp.icr.io,cp/redis-mgmt-5.0.9,1.3.1-s390x,sha256:5663c2a0a3b81ac6713bb84dc0894e27418accd30aa9762588278ca426480ba2,IMAGE,linux,s390x,"",0,CASE,"",""
cp.icr.io,cp/redis-proxy-5.0.9,1.3.1,sha256:1b08f18baab855ca28fcd308968e49548375dc1f94088df8f54a26a0bb5931e8,LIST,"","","",0,CASE,"",""
cp.icr.io,cp/redis-proxy-5.0.9,1.3.1-amd64,sha256:409e92e755cc74dba4b24b4967b4b03fd8f64760a934cc0ad728409b4af2f3bf,IMAGE,linux,amd64,"",0,CASE,"",""
cp.icr.io,cp/redis-proxy-5.0.9,1.3.1-s390x,sha256:c1d1aae9757223b44d650a0d70ef090fd6e16c4186af98f0f81581ad4e3508b4,IMAGE,linux,s390x,"",0,CASE,"",""
cp.icr.io,cp/redis-proxylog-5.0.9,1.3.1,sha256:d403c796c6e77a78ec960eeff1e0de79496bf9ee49810a36a15b669ab25dc8b8,LIST,"","","",0,CASE,"",""
cp.icr.io,cp/redis-proxylog-5.0.9,1.3.1-amd64,sha256:4d5cf6473b50f878a2b678ed22d25962173ad9e3e7f22f4c8caebb100c1147c3,IMAGE,linux,amd64,"",0,CASE,"",""
cp.icr.io,cp/redis-proxylog-5.0.9,1.3.1-s390x,sha256:0ff8c223eb38486fa67e95726028eb674c8e768f8ce92d62e8a82c87c68780f7,IMAGE,linux,s390x,"",0,CASE,"",""
cp.icr.io,cp/redis-db-5.0.9,1.3.2,sha256:5b1d73c89fffa2b34f3cdc4d44b6891769d1743f932f24e7f20ba7411606b390,LIST,"","","",0,CASE,"",""
cp.icr.io,cp/redis-db-5.0.9,1.3.2-amd64,sha256:e83ab6f54890039e3cd41bd7fb68b3a9c1db51cc0774027771be6f96d1d84609,IMAGE,linux,amd64,"",0,CASE,"",""
cp.icr.io,cp/redis-db-5.0.9,1.3.2-s390x,sha256:4cea79e25c93730a87cf3ef8fadc88d6addedbe62edce0d56b15755578b79cef,IMAGE,linux,s390x,"",0,CASE,"",""
cp.icr.io,cp/redis-mgmt-5.0.9,1.3.2,sha256:fa5ed39717524390dfc151decc2213458e3839c87a430a0ef844f2814a511ffa,LIST,"","","",0,CASE,"",""
cp.icr.io,cp/redis-mgmt-5.0.9,1.3.2-amd64,sha256:954e9d1260762a751cf95d4b8f0eec439174a2d635db93da9ed63a6d86344d63,IMAGE,linux,amd64,"",0,CASE,"",""
cp.icr.io,cp/redis-mgmt-5.0.9,1.3.2-s390x,sha256:653856849e06e9be58f10b7ba6f341c44613534a985f7e1f13b10cd43a2c7d7b,IMAGE,linux,s390x,"",0,CASE,"",""
cp.icr.io,cp/redis-proxy-5.0.9,1.3.2,sha256:b3a9ac4a6f7fddbd897fa9dda34a64fdb0798ac03a20616b1859a32edb9afce7,LIST,"","","",0,CASE,"",""
cp.icr.io,cp/redis-proxy-5.0.9,1.3.2-amd64,sha256:a3e7954b65bc5528b5bf20314792cf83f28d9a8c5f874b4569695383f4f61188,IMAGE,linux,amd64,"",0,CASE,"",""
cp.icr.io,cp/redis-proxy-5.0.9,1.3.2-s390x,sha256:37841f55b420694694917e58eb53cc37855fdea19ec43342640db26ba6435c24,IMAGE,linux,s390x,"",0,CASE,"",""
cp.icr.io,cp/redis-proxylog-5.0.9,1.3.2,sha256:df5b460435671cbf0e4e476ee9eb3ae56b7efa4d93e19589a9aea465770e8338,LIST,"","","",0,CASE,"",""
cp.icr.io,cp/redis-proxylog-5.0.9,1.3.2-amd64,sha256:9c831934143d5ac63fe45363b2035107e6d521bdfa11e48bfcbbc0131b9fb232,IMAGE,linux,amd64,"",0,CASE,"",""
cp.icr.io,cp/redis-proxylog-5.0.9,1.3.2-s390x,sha256:2ab838355767674b1778095804bbb800ccc9832be3c4a16523145b3548a11cb6,IMAGE,linux,s390x,"",0,CASE,"",""
cp.icr.io,cp/redis-db-5.0.9,1.3.3,sha256:39c0ac7ce06424a752d3ddece7de9535ca3dcdb26dab849f8aab04acc2f54d97,LIST,"","","",0,CASE,"",""
cp.icr.io,cp/redis-db-5.0.9,1.3.3-amd64,sha256:002878902c160f978e2dcedce1d7f30155d7b2c9493426be7fadf7bacd4b2564,IMAGE,linux,amd64,"",0,CASE,"",""
cp.icr.io,cp/redis-db-5.0.9,1.3.3-s390x,sha256:73bb3a3c80435b68edeca9d9cc7c7f0fada6a4447eb74c5f418b729cc993607d,IMAGE,linux,s390x,"",0,CASE,"",""
cp.icr.io,cp/redis-mgmt-5.0.9,1.3.3,sha256:7f61e601b912667bac6a449072e6d468ff5f6e2f75c07bbce9233f8e5ef7f678,LIST,"","","",0,CASE,"",""
cp.icr.io,cp/redis-mgmt-5.0.9,1.3.3-amd64,sha256:513e8723d1f41f5ba131f6b0cb74361901cec3d6302b2ba2aa7e3a2c6dbc823e,IMAGE,linux,amd64,"",0,CASE,"",""
cp.icr.io,cp/redis-mgmt-5.0.9,1.3.3-s390x,sha256:3bff6fd4538fa4c02e1adcd1e1ecbda61c66c257547768cc16ccffefa2bcfb9b,IMAGE,linux,s390x,"",0,CASE,"",""
cp.icr.io,cp/redis-proxy-5.0.9,1.3.3,sha256:abbe1f13e9a0c6f0b82654945e4a131db7c520c4027ce279ace1b4a44c71eefe,LIST,"","","",0,CASE,"",""
cp.icr.io,cp/redis-proxy-5.0.9,1.3.3-amd64,sha256:87ba7a0c31b993fa7dd9799995f53e47f2c5d163759d38357955a200041d3b44,IMAGE,linux,amd64,"",0,CASE,"",""
cp.icr.io,cp/redis-proxy-5.0.9,1.3.3-s390x,sha256:05183770feeecedc225b2784f32f14a7612aa847c0676b57d1ae91fb92d124e3,IMAGE,linux,s390x,"",0,CASE,"",""
cp.icr.io,cp/redis-proxylog-5.0.9,1.3.3,sha256:8f03b3d002d1bb81142f972dd06266e7be52b8a3281b7bbbfc2cdf3198456f2d,LIST,"","","",0,CASE,"",""
cp.icr.io,cp/redis-proxylog-5.0.9,1.3.3-amd64,sha256:f5b00a199840db6aee7cc321f615efd005ef9feed28a165db5cc0f89e474e3f2,IMAGE,linux,amd64,"",0,CASE,"",""
cp.icr.io,cp/redis-proxylog-5.0.9,1.3.3-s390x,sha256:6e9d0ef8a7b631490bd0667868653bd421e4133d6501691a5896168eedaeeced,IMAGE,linux,s390x,"",0,CASE,"",""
cp.icr.io,cp/redis-db-5.0.9,1.4.0,sha256:624eaa96d4f3b0e802b51280499799d39b80308bdb18f3ad328c4721fe29bbd1,LIST,"","","",0,CASE,"",""
cp.icr.io,cp/redis-db-5.0.9,1.4.0-amd64,sha256:7d66f0b0c4dfd9f7ed01bfb1e01c4bd23df4ce4ff12564bd8c3253a2babe75bd,IMAGE,linux,amd64,"",0,CASE,"",""
cp.icr.io,cp/redis-db-5.0.9,1.4.0-s390x,sha256:ecdbfa0b8de0115a4b62147c6d45adf71b906b4a96ad6eb5c1c047efe01e72af,IMAGE,linux,s390x,"",0,CASE,"",""
cp.icr.io,cp/redis-mgmt-5.0.9,1.4.0,sha256:3ac0f915b23a6386f83dc412b254bd1bd8e443a9701ed62f5eff3bd0c74d038b,LIST,"","","",0,CASE,"",""
cp.icr.io,cp/redis-mgmt-5.0.9,1.4.0-amd64,sha256:e2dd7c2143beb9104a541c4426996e3bc0220a8494fc77ebc3506979c92b9b52,IMAGE,linux,amd64,"",0,CASE,"",""
cp.icr.io,cp/redis-mgmt-5.0.9,1.4.0-s390x,sha256:6194e092c198d2fd9c2ceffc60262f1f6d2e1b2df7ae06bf285d4e6ba96337ff,IMAGE,linux,s390x,"",0,CASE,"",""
cp.icr.io,cp/redis-proxy-5.0.9,1.4.0,sha256:91a4ca7ed09089c9b4f6dbadece04bd74761110914d1f12e57400bdc720b205d,LIST,"","","",0,CASE,"",""
cp.icr.io,cp/redis-proxy-5.0.9,1.4.0-amd64,sha256:6f07b72b63b23b8ef40bd7cef70f086ad57e058201734fe399ab6c69b2bc292c,IMAGE,linux,amd64,"",0,CASE,"",""
cp.icr.io,cp/redis-proxy-5.0.9,1.4.0-s390x,sha256:22681e49d13cd766028f0a6d83ba8ac2a7cab6be6bc5a7bc1f7966c6f8e32280,IMAGE,linux,s390x,"",0,CASE,"",""
cp.icr.io,cp/redis-proxylog-5.0.9,1.4.0,sha256:8a20ed591bdb30ca49bd7bb63e1e40ac3b9a62235b9de24bc7374d14f43684d8,LIST,"","","",0,CASE,"",""
cp.icr.io,cp/redis-proxylog-5.0.9,1.4.0-amd64,sha256:86b6677b0b91f918bbb7bfdb90bab93da5cf913415b9887c758159814617627a,IMAGE,linux,amd64,"",0,CASE,"",""
cp.icr.io,cp/redis-proxylog-5.0.9,1.4.0-s390x,sha256:90d678c9cf5dd67fe30b7a0e45ff2ea45b5423f4ecef0cbb6e879edfd8a0a9d6,IMAGE,linux,s390x,"",0,CASE,"",""
cp.icr.io,cp/redis-db-5.0.9,1.4.1,sha256:abb62a26a37480e547aa8f89cf9e5ca78a934530aae5330799ebe9f3bdec6a55,LIST,"","","",0,CASE,"",""
cp.icr.io,cp/redis-db-5.0.9,1.4.1-amd64,sha256:e65086c98f0ab7c3cdd1aa66277845d985bd88e448a04fd6edc61d88298aa380,IMAGE,linux,amd64,"",0,CASE,"",""
cp.icr.io,cp/redis-db-5.0.9,1.4.1-ppc64le,sha256:01cf8354d22a8a855eb2d623628bf0fc9640f74a9bfe62049f36c1af8fa58d8e,IMAGE,linux,ppc64le,"",0,CASE,"",""
cp.icr.io,cp/redis-db-5.0.9,1.4.1-s390x,sha256:53c9fa39741f63d5422ef57f3f5f260e6725e469bf4435d064474eaa351b60a0,IMAGE,linux,s390x,"",0,CASE,"",""
cp.icr.io,cp/redis-mgmt-5.0.9,1.4.1,sha256:934b641167b985a13f1b39528bdb60a9a6b2e26c7e67dd9ab584dda44100bd12,LIST,"","","",0,CASE,"",""
cp.icr.io,cp/redis-mgmt-5.0.9,1.4.1-amd64,sha256:4d50d6aad607b53fc31876e28de09a3cc605952dd4249b00fc9d24f88f3aa090,IMAGE,linux,amd64,"",0,CASE,"",""
cp.icr.io,cp/redis-mgmt-5.0.9,1.4.1-ppc64le,sha256:b4397a518b93debcd08036e6bc5c8a17877e71813d2548180bd45d4a3f2c48aa,IMAGE,linux,ppc64le,"",0,CASE,"",""
cp.icr.io,cp/redis-mgmt-5.0.9,1.4.1-s390x,sha256:92d29f6243dda819346236b21888dbe61c4c687599cb161a1f37a4c0a5c8396c,IMAGE,linux,s390x,"",0,CASE,"",""
cp.icr.io,cp/redis-proxy-5.0.9,1.4.1,sha256:59ab41ae0890744cce5ce427b2fa35eb5261bf3feca074d6d3652e1788ee9fff,LIST,"","","",0,CASE,"",""
cp.icr.io,cp/redis-proxy-5.0.9,1.4.1-amd64,sha256:864c0d7528167b6c96e21e83574a245c3e6f36a1839cb40a589b630e48a370ae,IMAGE,linux,amd64,"",0,CASE,"",""
cp.icr.io,cp/redis-proxy-5.0.9,1.4.1-ppc64le,sha256:192a77bf8ebef9e3ebacefc7db52b23bcb13c4778c7b300c087ff4a008ee0adb,IMAGE,linux,ppc64le,"",0,CASE,"",""
cp.icr.io,cp/redis-proxy-5.0.9,1.4.1-s390x,sha256:353441ae848bc95fd8d92160d5c370b443ce3f81bcb20fd2bcb952759165030c,IMAGE,linux,s390x,"",0,CASE,"",""
cp.icr.io,cp/redis-proxylog-5.0.9,1.4.1,sha256:7014fab71d173aef91e94e67f0ac9ba228a3d15ae898468bafc58dcc14ad028f,LIST,"","","",0,CASE,"",""
cp.icr.io,cp/redis-proxylog-5.0.9,1.4.1-amd64,sha256:defdc94d51fe7535a38737eda18a4c3667a5698259705106c7abacab8a833455,IMAGE,linux,amd64,"",0,CASE,"",""
cp.icr.io,cp/redis-proxylog-5.0.9,1.4.1-ppc64le,sha256:609f68e94c642282a2565bfd890265cebcd1224566eea16c4c155549e0fe2554,IMAGE,linux,ppc64le,"",0,CASE,"",""
cp.icr.io,cp/redis-proxylog-5.0.9,1.4.1-s390x,sha256:06ba46171be9ff16eff5f7216db8a48fd3dfd59291b81929579f19eb21af3fcc,IMAGE,linux,s390x,"",0,CASE,"",""
cp.icr.io,cp/redis-db-5.0.9,1.4.2,sha256:510ef25700c63796ab43e61f2a7222b164bc3063d3fb8e7010e80b09fccfb281,LIST,"","","",0,CASE,"",""
cp.icr.io,cp/redis-db-5.0.9,1.4.2-amd64,sha256:ede32155d96a8ddb5323ed34e9d21937159a679fe3fa3f678ffd3da51295fb49,IMAGE,linux,amd64,"",0,CASE,"",""
cp.icr.io,cp/redis-db-5.0.9,1.4.2-ppc64le,sha256:199cf3b69ca59e93742fde20f69f6024e532ad9aeb0d91d115fa6e2a0bc7f190,IMAGE,linux,ppc64le,"",0,CASE,"",""
cp.icr.io,cp/redis-db-5.0.9,1.4.2-s390x,sha256:f92da6857940b127bc634033e4f01bdc89c6b7325027d8aca07679b413e60517,IMAGE,linux,s390x,"",0,CASE,"",""
cp.icr.io,cp/redis-mgmt-5.0.9,1.4.2,sha256:2e79c915a50af87a57b9b8cc727e45986d356bd15b10847220c96b4810efde92,LIST,"","","",0,CASE,"",""
cp.icr.io,cp/redis-mgmt-5.0.9,1.4.2-amd64,sha256:984f43335950964e4414c758f1c232f71ff77d7cf03c11994b40938cc0ac727b,IMAGE,linux,amd64,"",0,CASE,"",""
cp.icr.io,cp/redis-mgmt-5.0.9,1.4.2-ppc64le,sha256:67a1ae72d77eb2be97bbda4239724456969c44c57bd2600ae55778fd686340f4,IMAGE,linux,ppc64le,"",0,CASE,"",""
cp.icr.io,cp/redis-mgmt-5.0.9,1.4.2-s390x,sha256:8d0bd38e4c74918774c5ee7f990b9b43cd41112509b1aa01722331f8f7752d9a,IMAGE,linux,s390x,"",0,CASE,"",""
cp.icr.io,cp/redis-proxy-5.0.9,1.4.2,sha256:bd9b6d5634ca260b46bb8e74bca37ba290a90abc2514a631a383044c370cd7b2,LIST,"","","",0,CASE,"",""
cp.icr.io,cp/redis-proxy-5.0.9,1.4.2-amd64,sha256:b015d572e06f070e36e2647282187e8c838841a72f5db7d8e6f2238ef31ab5f8,IMAGE,linux,amd64,"",0,CASE,"",""
cp.icr.io,cp/redis-proxy-5.0.9,1.4.2-ppc64le,sha256:3c505c9e557923d03f84a70fd04f14397ce68b35700daf36a28938db8c8ab05a,IMAGE,linux,ppc64le,"",0,CASE,"",""
cp.icr.io,cp/redis-proxy-5.0.9,1.4.2-s390x,sha256:f714988715adcc842d6951d0eb77bff432f55866ec449eb10b7173d0cf1d8737,IMAGE,linux,s390x,"",0,CASE,"",""
cp.icr.io,cp/redis-proxylog-5.0.9,1.4.2,sha256:4b8337b43bc1533329a911695e23cd93baeeb5fff5a250598b2e11f43ae47879,LIST,"","","",0,CASE,"",""
cp.icr.io,cp/redis-proxylog-5.0.9,1.4.2-amd64,sha256:e98e9f55c836170601f1deb5a19e57e5b474f0123196c5f094799c215ebac315,IMAGE,linux,amd64,"",0,CASE,"",""
cp.icr.io,cp/redis-proxylog-5.0.9,1.4.2-ppc64le,sha256:c7764575cb0548160e4cb711bd92bd7496e3776dfce8039f7d7bcc3be9958a1d,IMAGE,linux,ppc64le,"",0,CASE,"",""
cp.icr.io,cp/redis-proxylog-5.0.9,1.4.2-s390x,sha256:0189c96947696731c9e66ee957b4b55757664a8ab3dc6fb1cd19d8d78d1d66ec,IMAGE,linux,s390x,"",0,CASE,"",""
cp.icr.io,cp/redis-db-5.0.9,1.4.3,sha256:1041a0f7c2dd8a8886fe1bc22ea20c3ef8a60c44da77e27e1c7232111c6c2c54,LIST,"","","",0,CASE,"",""
cp.icr.io,cp/redis-db-5.0.9,1.4.3-amd64,sha256:f261176a99361f7732e981b57990265e63be2e89f4f42088d9c9a119677aa137,IMAGE,linux,amd64,"",0,CASE,"",""
cp.icr.io,cp/redis-db-5.0.9,1.4.3-ppc64le,sha256:6f315bc904378960b0a2d98d90f7c896215edb6fa69543ddf63735f3cb8d8450,IMAGE,linux,ppc64le,"",0,CASE,"",""
cp.icr.io,cp/redis-db-5.0.9,1.4.3-s390x,sha256:8c9435a3ee748a071f27f7d5232bbb8962f081a2bd25cdf13bcb54a7dd648e55,IMAGE,linux,s390x,"",0,CASE,"",""
cp.icr.io,cp/redis-mgmt-5.0.9,1.4.3,sha256:87121bef639910da91ede486706c1c4840b15e31a1d1e5dc5c3a48a55465d701,LIST,"","","",0,CASE,"",""
cp.icr.io,cp/redis-mgmt-5.0.9,1.4.3-amd64,sha256:8375c042bc56b96c83a0f48d71ca70e6d17d687b4fbe7aa1cfeb836c3e0795fe,IMAGE,linux,amd64,"",0,CASE,"",""
cp.icr.io,cp/redis-mgmt-5.0.9,1.4.3-ppc64le,sha256:e49b19fbda0fd2d4307c086350550adc68815718a01874b4ff61d5b76c418972,IMAGE,linux,ppc64le,"",0,CASE,"",""
cp.icr.io,cp/redis-mgmt-5.0.9,1.4.3-s390x,sha256:0e61d2cb84646a4cc2f502ca4faba21ecd48d13a70e69a9e3974f7bfa4599cce,IMAGE,linux,s390x,"",0,CASE,"",""
cp.icr.io,cp/redis-proxy-5.0.9,1.4.3,sha256:a6bf03767ca72fddbcbb2b83fc8cfb3fd71ef1477af78d6c6d7834bdf77c00b8,LIST,"","","",0,CASE,"",""
cp.icr.io,cp/redis-proxy-5.0.9,1.4.3-amd64,sha256:88f3c7438b5b4322de22e1f61be0d46f890e24d131a63c6e77bd3ef7b0cb71c2,IMAGE,linux,amd64,"",0,CASE,"",""
cp.icr.io,cp/redis-proxy-5.0.9,1.4.3-ppc64le,sha256:bc9dc525292d08688ac9cce369d5de51b7a5cdd34dca48730de4989d43e5693b,IMAGE,linux,ppc64le,"",0,CASE,"",""
cp.icr.io,cp/redis-proxy-5.0.9,1.4.3-s390x,sha256:bc2a3bdc060759340a7d2a9dba6d33d116753cb35328576ef26475652eb9b638,IMAGE,linux,s390x,"",0,CASE,"",""
cp.icr.io,cp/redis-proxylog-5.0.9,1.4.3,sha256:84b4b5fa30b738631cca76a08c77526e33faad9f66727a8dee1b9afc0b1c65e7,LIST,"","","",0,CASE,"",""
cp.icr.io,cp/redis-proxylog-5.0.9,1.4.3-amd64,sha256:88ae2d5e45669366b95e9dcbd879d7cd5a6db233b75d2d7aba5d7a3b38bc16e0,IMAGE,linux,amd64,"",0,CASE,"",""
cp.icr.io,cp/redis-proxylog-5.0.9,1.4.3-ppc64le,sha256:ea03c2d03689d80cedb620874d29388ff45f9a2a085a61441946d675a12bee09,IMAGE,linux,ppc64le,"",0,CASE,"",""
cp.icr.io,cp/redis-proxylog-5.0.9,1.4.3-s390x,sha256:94c89fa0afd47ec20e086f3ad6dbad0e600d0f6afbe8f74289c4ed90fb426281,IMAGE,linux,s390x,"",0,CASE,"",""
docker.io,ibmcom/ibm-cloud-databases-redis-operator,1.0.0,sha256:2907ff46fc0ac70334d7a09a5227e75ec9cf9504b0641b1bcd928dc737087584,IMAGE,linux,amd64,"",0,CASE,"",""
docker.io,ibmcom/ibm-cloud-databases-redis-operator,1.1.0,sha256:73b77830c14cd8cf208ff6639d70f29a6868621ba4ad963ac2ee1dfcc1dc1b99,LIST,"","","",0,CASE,"",""
docker.io,ibmcom/ibm-cloud-databases-redis-operator,1.1.0-amd64,sha256:af192c3fe39e0f9bfc4c4ce3cff6a7fbdafedd4414008b1f434e89d71817b036,IMAGE,linux,amd64,"",0,CASE,"",""
docker.io,ibmcom/ibm-cloud-databases-redis-operator,1.1.0-s390x,sha256:72ebfeafb1539e0450be85ffeb6290c54b47766a829dd61816391f4fd0892cdc,IMAGE,linux,s390x,"",0,CASE,"",""
docker.io,ibmcom/ibm-cloud-databases-redis-operator,1.1.1,sha256:24cdfed73434395ccc35254a0b158a5efb7c2fb775ddbcaca2e87f89b1f00337,LIST,"","","",0,CASE,"",""
docker.io,ibmcom/ibm-cloud-databases-redis-operator,1.1.1-amd64,sha256:7dd3b5662552b4555bd19cd5e5db1b0e97c27ace0148c6d5c2aa3c64484259ae,IMAGE,linux,amd64,"",0,CASE,"",""
docker.io,ibmcom/ibm-cloud-databases-redis-operator,1.1.1-s390x,sha256:d6ba4d99007db70394ffe876a866a9e70bc2cef83d45b67f7511d58f3f71c1c5,IMAGE,linux,s390x,"",0,CASE,"",""
docker.io,ibmcom/ibm-cloud-databases-redis-operator,1.2.0,sha256:09c1f4d69af99382398bb2cc072b0f72a586db0144e3f2a038b1d38c7533d137,LIST,"","","",0,CASE,"",""
docker.io,ibmcom/ibm-cloud-databases-redis-operator,1.2.0-amd64,sha256:f7a4d12f1094914a69d7c76ee0e5759506d3fdf3cb53cdc94d5a8191d9ac2fb8,IMAGE,linux,amd64,"",0,CASE,"",""
docker.io,ibmcom/ibm-cloud-databases-redis-operator,1.2.0-s390x,sha256:e2352598fea705e054c003977a22249274cc82f2f028d5d065143beac7e38ec5,IMAGE,linux,s390x,"",0,CASE,"",""
docker.io,ibmcom/ibm-cloud-databases-redis-operator,1.2.1,sha256:1710b35483b5a6532267183fef0982e0aea10e99173d995ae852ca187a2adcde,LIST,"","","",0,CASE,"",""
docker.io,ibmcom/ibm-cloud-databases-redis-operator,1.2.1-amd64,sha256:751d73fff2ba93b9b11bc62f1014a58b566706e1fcb0f4b838a69ba9eac15b44,IMAGE,linux,amd64,"",0,CASE,"",""
docker.io,ibmcom/ibm-cloud-databases-redis-operator,1.2.2,sha256:044d5657e097f68ef099a218d76842f4b01d600dc774d1c65c134f4fb4fe00d9,LIST,"","","",0,CASE,"",""
docker.io,ibmcom/ibm-cloud-databases-redis-operator,1.2.2-amd64,sha256:9622a6f145ef8656d5905f2c8718ea267e6bedd927e57034ef950787f1c85ac4,IMAGE,linux,amd64,"",0,CASE,"",""
icr.io,cpopen/ibm-cloud-databases-redis-operator,1.2.3,sha256:fa4883c3b1f72771accf1ba122a4f37233b16d68c8dc58f4525300b470158c3e,LIST,"","","",0,CASE,"",""
icr.io,cpopen/ibm-cloud-databases-redis-operator,1.2.3-amd64,sha256:de6affff9d17f82740cdd090a1bd3adb164abd5049f87bc357ef036db0228dec,IMAGE,linux,amd64,"",0,CASE,"",""
icr.io,cpopen/ibm-cloud-databases-redis-operator,1.2.3-s390x,sha256:d845a8d7c87fbb9c0e747410d4b7ecc2142529b40ea495668129cb1258cfeeb2,IMAGE,linux,s390x,"",0,CASE,"",""
icr.io,cpopen/ibm-cloud-databases-redis-operator,1.3.0,sha256:55ea726ad0722af6db43304766cd868d6f8c24cc1ce2f4c30e32d62a4e631192,LIST,"","","",0,CASE,"",""
icr.io,cpopen/ibm-cloud-databases-redis-operator,1.3.0-amd64,sha256:5c309f7aedbd62f0cb68bc0992b4edd4714f59b97cd9370715c5eda1dd6f73f5,IMAGE,linux,amd64,"",0,CASE,"",""
icr.io,cpopen/ibm-cloud-databases-redis-operator,1.3.0-s390x,sha256:7c26a44812dfd615d3a5b66f822d97b9d61ad3e03f3cf2c3155cf04075aee423,IMAGE,linux,s390x,"",0,CASE,"",""
icr.io,cpopen/ibm-cloud-databases-redis-operator,1.3.1,sha256:fc49f7e2ad11771df2702d46bbbf999897b0c1688ebf237aad0b2c5634b294d9,LIST,"","","",0,CASE,"",""
icr.io,cpopen/ibm-cloud-databases-redis-operator,1.3.1-amd64,sha256:c0a46e7cce2fdd8fc119fb4f9e54ed58250a70201ceef53e6d2a85d6fadd85f7,IMAGE,linux,amd64,"",0,CASE,"",""
icr.io,cpopen/ibm-cloud-databases-redis-operator,1.3.1-s390x,sha256:06b35c322fa0c409885103ab7f4a2d6f722076cdccff974c7fd8f78271824644,IMAGE,linux,s390x,"",0,CASE,"",""
icr.io,cpopen/ibm-cloud-databases-redis-operator,1.3.2,sha256:d3b2d598a71197f7e8627d954bac1844b2ec7d5e74db73398c9f35e30439937e,LIST,"","","",0,CASE,"",""
icr.io,cpopen/ibm-cloud-databases-redis-operator,1.3.2-amd64,sha256:25dd6d58a872e204531560b07c262969c893c5d00fbb490561bac88fa548031d,IMAGE,linux,amd64,"",0,CASE,"",""
icr.io,cpopen/ibm-cloud-databases-redis-operator,1.3.2-s390x,sha256:ff11c61dd96b2783e4b3485c40e62bc9401a235483aa2f3c9268b77cc574116a,IMAGE,linux,s390x,"",0,CASE,"",""
icr.io,cpopen/ibm-cloud-databases-redis-operator,1.3.3,sha256:28cdc84626c1101d00576b0a1bcdbdf77e8feccfa3477875eaf1392e3f8e1b31,LIST,"","","",0,CASE,"",""
icr.io,cpopen/ibm-cloud-databases-redis-operator,1.3.3-amd64,sha256:7c30bb8ba171240d7275c35126154d87bdc405bec8e58c93ce03052c97d1ec20,IMAGE,linux,amd64,"",0,CASE,"",""
icr.io,cpopen/ibm-cloud-databases-redis-operator,1.3.3-s390x,sha256:dd498ab8d902da938d7bd80f28de6a47c6aedd9c09a113eac0218dd943320fad,IMAGE,linux,s390x,"",0,CASE,"",""
icr.io,cpopen/ibm-cloud-databases-redis-operator,1.4.0,sha256:e06afe0e558004173aa1b31ee454c6bd3278d8071ceb123747da9fdca086e749,LIST,"","","",0,CASE,"",""
icr.io,cpopen/ibm-cloud-databases-redis-operator,1.4.0-amd64,sha256:b06d61c4c7509c6fcf1e688ee1d39e4572b62d898f9607db8806da402cf72aba,IMAGE,linux,amd64,"",0,CASE,"",""
icr.io,cpopen/ibm-cloud-databases-redis-operator,1.4.0-s390x,sha256:348d2349297de614c83097435d7e2e284e0be73dea92588e671b27fdc28ecd6e,IMAGE,linux,s390x,"",0,CASE,"",""
icr.io,cpopen/ibm-cloud-databases-redis-operator,1.4.1,sha256:24bf6d82f39fceaab576de5664555d73c66cad07801b36774a49d5e0ca4729e8,LIST,"","","",0,CASE,"",""
icr.io,cpopen/ibm-cloud-databases-redis-operator,1.4.1-amd64,sha256:d645684c7c359d1bb0212deb81420fbfcd2e5accc3c4579d0eab7ce0ff7cbb36,IMAGE,linux,amd64,"",0,CASE,"",""
icr.io,cpopen/ibm-cloud-databases-redis-operator,1.4.1-ppc64le,sha256:00e763e2d5b2234128904899362e1b5ea82e2dd52a3c854a6ba8f26107ab947a,IMAGE,linux,ppc64le,"",0,CASE,"",""
icr.io,cpopen/ibm-cloud-databases-redis-operator,1.4.1-s390x,sha256:0a2fbf9013d8e8fd28613ba182384873ff8ea17592312b99b06101c108cf33e3,IMAGE,linux,s390x,"",0,CASE,"",""
icr.io,cpopen/ibm-cloud-databases-redis-operator,1.4.2,sha256:1390e546516fea85f010cc3e515f1d980c609626e8a5b2162ea10b6b4e25f61a,LIST,"","","",0,CASE,"",""
icr.io,cpopen/ibm-cloud-databases-redis-operator,1.4.2-amd64,sha256:24e69f7945f18d4c84d5eabb88c42b987995508b0b8fddd1b92bdc86bf561eaf,IMAGE,linux,amd64,"",0,CASE,"",""
icr.io,cpopen/ibm-cloud-databases-redis-operator,1.4.2-ppc64le,sha256:ac30d78092d41a456ead6417a390f549310b6ef4516ee90a51adf4d034f39810,IMAGE,linux,ppc64le,"",0,CASE,"",""
icr.io,cpopen/ibm-cloud-databases-redis-operator,1.4.2-s390x,sha256:5bd1dd86e0f796230e90b1f94ba385054b54da08e5a6e623d625396a08e195c3,IMAGE,linux,s390x,"",0,CASE,"",""
icr.io,cpopen/ibm-cloud-databases-redis-operator,1.4.3,sha256:3b6523aa8bfe5347f249b74d1ad7ed4348175e1fb4e3b8e373343ae5232a40c7,LIST,"","","",0,CASE,"",""
icr.io,cpopen/ibm-cloud-databases-redis-operator,1.4.3-amd64,sha256:a8e1a11134c9c2572d1bce63d6f86766041134eb51c0acffd3c94293eeb307f6,IMAGE,linux,amd64,"",0,CASE,"",""
icr.io,cpopen/ibm-cloud-databases-redis-operator,1.4.3-ppc64le,sha256:70440288c6a76acb61cc6fc08c0c4e7adafffa4d5145e5bf45300b293bb342db,IMAGE,linux,ppc64le,"",0,CASE,"",""
icr.io,cpopen/ibm-cloud-databases-redis-operator,1.4.3-s390x,sha256:284d9c856ae4453cb979fb55abdb4382951f07e06dead8ab47a4d40247638ab5,IMAGE,linux,s390x,"",0,CASE,"",""
docker.io,ibmcom/ibm-cloud-databases-redis-operator-bundle,1.0.0,sha256:9c1759737379ccdb4d61498e7307bf10187af5f794346980636a0a4d262e1e6f,IMAGE,linux,amd64,"",0,CASE,olm-bundle,""
docker.io,ibmcom/ibm-cloud-databases-redis-operator-bundle,1.1.0,sha256:35f20e5fd0677c27007165be3a27fc1dea6bd85ba5c084ed310633cd722c22ff,IMAGE,linux,amd64,"",0,CASE,olm-bundle,""
docker.io,ibmcom/ibm-cloud-databases-redis-operator-bundle,1.1.1,sha256:c3d272cb4bb6ca996db9e266b1562ea7ce83d71d7dc42374eed0bf58a43cc164,IMAGE,linux,amd64,"",0,CASE,olm-bundle,""
docker.io,ibmcom/ibm-cloud-databases-redis-operator-bundle,1.1.2,sha256:93cc4e2730b2eb7c285c93d21173fa6a8c36b8ece5795d5a2e8f77e199a9faba,IMAGE,linux,amd64,"",0,CASE,olm-bundle,""
docker.io,ibmcom/ibm-cloud-databases-redis-operator-bundle,1.2.0,sha256:87fa5f37dca8b51813f9150eab8d5d396e197f5693f71a7310e667ef7ea092db,IMAGE,linux,amd64,"",0,CASE,olm-bundle,""
docker.io,ibmcom/ibm-cloud-databases-redis-operator-bundle,1.2.1,sha256:c1755b5b57f644ea638a1774e4fe8fb7e90debec86080a37e7edbe25df892646,LIST,"","","",0,CASE,olm-bundle,""
docker.io,ibmcom/ibm-cloud-databases-redis-operator-bundle,1.2.1-amd64,sha256:48edc9d24f2dddc22d77253d2b8f93fe0a64bdf3234fe3cb7aa54ca54b80e11a,IMAGE,linux,amd64,"",0,CASE,olm-bundle,""
docker.io,ibmcom/ibm-cloud-databases-redis-operator-bundle,1.2.2,sha256:d4a2192dddc32a87a1e2989437190efb47c0696e7b7936f8b95ecc99146ec4e2,LIST,"","","",0,CASE,olm-bundle,""
docker.io,ibmcom/ibm-cloud-databases-redis-operator-bundle,1.2.2-amd64,sha256:a13abdb7b5c714bb566362c6a415b3be50015c45a0710ecffd368f3ec10da260,IMAGE,linux,amd64,"",0,CASE,olm-bundle,""
icr.io,cpopen/ibm-cloud-databases-redis-operator-bundle,1.2.3,sha256:1dc186b706b0c1831ff3f5f36e941f717f3002104bb81284214e7a7b028c043b,LIST,"","","",0,CASE,olm-bundle,""
icr.io,cpopen/ibm-cloud-databases-redis-operator-bundle,1.2.3-amd64,sha256:dd68aa2c36b7cd8239c4838f271e87f9583b58953223e17a84e4fca79a8d954c,IMAGE,linux,amd64,"",0,CASE,olm-bundle,""
icr.io,cpopen/ibm-cloud-databases-redis-operator-bundle,1.2.3-s390x,sha256:8fe8864e4eed21bdfaaf2fc7d43557a3a8f487e6cf503667e7661b983af0fe68,IMAGE,linux,s390x,"",0,CASE,olm-bundle,""
icr.io,cpopen/ibm-cloud-databases-redis-operator-bundle,1.3.0,sha256:9c76481268c91ffb96248b7de3f6272ced5dd57e68f167d1e18dc10f958fe132,IMAGE,linux,amd64,"",0,CASE,olm-bundle,""
icr.io,cpopen/ibm-cloud-databases-redis-operator-bundle,1.3.1,sha256:1ab793bb20dcbece6cdacdb7d383ab4fbb601886749bdf5f67e7991e87f1fff7,IMAGE,linux,amd64,"",0,CASE,olm-bundle,""
icr.io,cpopen/ibm-cloud-databases-redis-operator-bundle,1.3.2,sha256:241c6a04a6cb61f9d460fed88d3069137027cc5c2bd16fb224c759d4354685ca,IMAGE,linux,amd64,"",0,CASE,olm-bundle,""
icr.io,cpopen/ibm-cloud-databases-redis-operator-bundle,1.3.3,sha256:00587c1db5d17f19db49e86cb3adde018e3c5def790d4af8a65c679fc062c09d,IMAGE,linux,amd64,"",0,CASE,olm-bundle,""
icr.io,cpopen/ibm-cloud-databases-redis-operator-bundle,1.4.0,sha256:154af7578bbfe09c396255f501b40888cda9367c0da7b8bdb96f82edf55dfbe5,IMAGE,linux,amd64,"",0,CASE,olm-bundle,""
icr.io,cpopen/ibm-cloud-databases-redis-operator-bundle,1.4.1,sha256:ea303e9e410c003e04f6c1883b89750e1cd793223204406b7277292ba5b91bd6,IMAGE,linux,amd64,"",0,CASE,olm-bundle,""
icr.io,cpopen/ibm-cloud-databases-redis-operator-bundle,1.4.2,sha256:9e9c187a25a2e7ab48c5a27bcd75d0a615da63ab9cc02d17409a9e86f424d2d6,IMAGE,linux,amd64,"",0,CASE,olm-bundle,""
icr.io,cpopen/ibm-cloud-databases-redis-operator-bundle,1.4.3,sha256:4be197bf1d42d928203a469c534bafac75dc2baa23cc36700ef734ce3a44a44c,IMAGE,linux,amd64,"",0,CASE,olm-bundle,""
icr.io,cpopen/ibm-cloud-databases-redis-catalog,1.4.3,sha256:9d4eec7ba489efefa6e8be937a79173a4c0cfad5ca5ad2f648f0eed10261a165,LIST,"","","",0,CASE,olm-catalog,""
icr.io,cpopen/ibm-cloud-databases-redis-catalog,1.4.3-amd64,sha256:0f288d16fa18af1af176398cd066a4fb549d811067a41668b05ef4b60ed6088a,IMAGE,linux,amd64,"",0,CASE,olm-catalog,""
icr.io,cpopen/ibm-cloud-databases-redis-catalog,1.4.3-s390x,sha256:2bd55d1ff7f3f7c20004920c08570903e418fe1c22fc493104094951b00906a2,IMAGE,linux,s390x,"",0,CASE,olm-catalog,""
icr.io,cpopen/ibm-cloud-databases-redis-catalog,1.4.3-ppc64le,sha256:a531687ed5af7c7f99006efe068de976fb6e43f86d4ea922bab8a69ee3797329,IMAGE,linux,ppc64le,"",0,CASE,olm-catalog,""
