registry,image_name,tag,digest,mtype,os,arch,variant,insecure,digest_source,image_type,groups
icr.io,cpopen/ibm-automation-foundation-core-catalog,1.3.9,sha256:a1e8d449e5249530c6ae71f9fb5857ac852cf090343636b314873bbf93ba7d3f,LIST,"","","",0,CASE,olm-catalog,""
icr.io,cpopen/ibm-automation-foundation-core-catalog,1.3.9-amd64,sha256:f49dde815e132d86796e01f6e8880745cacc33ff5f928dcfccc7808d344fff80,IMAGE,linux,amd64,"",0,CASE,olm-catalog,""
icr.io,cpopen/ibm-automation-foundation-core-catalog,1.3.9-s390x,sha256:83743b71bd45d4a3e21870092bbfb9de5cc8cacef68b7abcbc07f639d060e78e,IMAGE,linux,s390x,"",0,CASE,olm-catalog,""
icr.io,cpopen/ibm-automation-foundation-core-catalog,1.3.9-ppc64le,sha256:6f31e9428a8ff9f060ea76377ccf6d8c5790feafc5023e9e28cc2cf28cd360d5,IMAGE,linux,ppc64le,"",0,CASE,olm-catalog,""
docker.io,ibmcom/iaf-core-operator-bundle,1.0.0,sha256:9c05f7b22b63216a06760ccb291b040a0e57e3dee294cfb6070648fbd126c988,IMAGE,linux,amd64,"",0,CASE,olm-bundle,""
docker.io,ibmcom/iaf-core-operator-bundle,1.0.1,sha256:4a64a2f0b065566582618f5a66714e7c7c0ed4ce9798929f8350d8dadcb47f12,IMAGE,linux,amd64,"",0,CASE,olm-bundle,""
docker.io,ibmcom/iaf-core-operator-bundle,1.0.2,sha256:521c29fc19dbd3a09f3d106dfda9fb9dd47b122b008d85fd496f2420c998a8f3,IMAGE,linux,amd64,"",0,CASE,olm-bundle,""
icr.io,cpopen/iaf-core-operator-bundle,1.1.0,sha256:24bd2fa4fcb579c20d5a7f92db889cb3710f2f708cb09c4077e7b370e03c1174,LIST,"","","",0,CASE,olm-bundle,""
icr.io,cpopen/iaf-core-operator-bundle,1.1.0-amd64,sha256:848977a8f59d4771a8b582221b4a3d2285d78db09b651724bc9fdd1321447ded,IMAGE,linux,amd64,"",0,CASE,olm-bundle,""
icr.io,cpopen/iaf-core-operator-bundle,1.1.0-s390x,sha256:d5e247d7535e65c75678cda52844dc008ed41ef333b5f6cdb98cc0ed035a0503,IMAGE,linux,s390x,"",0,CASE,olm-bundle,""
icr.io,cpopen/iaf-core-operator-bundle,1.1.0-ppc64le,sha256:344c9b392aa9cd7b1a622096ef7b6f16b7e1990e3ad1ec52fc1c5c8adfa1bf7a,IMAGE,linux,ppc64le,"",0,CASE,olm-bundle,""
icr.io,cpopen/iaf-core-operator-bundle,1.2.0,sha256:fb4f281361ef57db2a0b8856fc34f907350fdaef01833767222a1bb2faca3dfb,LIST,"","","",0,CASE,olm-bundle,""
icr.io,cpopen/iaf-core-operator-bundle,1.2.0-amd64,sha256:705d4eba95936e24afe4e2a652196f9cbee54f2ab923c289a1aa6ed3f807da2b,IMAGE,linux,amd64,"",0,CASE,olm-bundle,""
icr.io,cpopen/iaf-core-operator-bundle,1.2.0-s390x,sha256:a22ca16e3d4efb9d34eed9c642fc93eaa3a5b35bf5e183bfba552f7a92afc1aa,IMAGE,linux,s390x,"",0,CASE,olm-bundle,""
icr.io,cpopen/iaf-core-operator-bundle,1.2.0-ppc64le,sha256:3a85415fc55836fc6643dd244a7da3fe05a404e4a3d2b827f1375495fd677436,IMAGE,linux,ppc64le,"",0,CASE,olm-bundle,""
icr.io,cpopen/iaf-core-operator-bundle,1.2.1,sha256:7ce07aebcc023b84d1d24900dbb01f2a9680162b2c1c45d031c5d92fcef9deb3,LIST,"","","",0,CASE,olm-bundle,""
icr.io,cpopen/iaf-core-operator-bundle,1.2.1-amd64,sha256:2d4d93536ff5d30606b16d11a44a5e69119f889657069e9e4986439ad221323b,IMAGE,linux,amd64,"",0,CASE,olm-bundle,""
icr.io,cpopen/iaf-core-operator-bundle,1.2.1-s390x,sha256:b1148851ac3a7eebfd3f2376aa934eff0d700b4d21cfeba8c7f98281e0ac3ba3,IMAGE,linux,s390x,"",0,CASE,olm-bundle,""
icr.io,cpopen/iaf-core-operator-bundle,1.2.1-ppc64le,sha256:87358a527d4aaa14657070ef2871d23b8c708cc6e5324b855c21a9c3b0ea9a4f,IMAGE,linux,ppc64le,"",0,CASE,olm-bundle,""
icr.io,cpopen/iaf-core-operator-bundle,1.3.0,sha256:cb07e180a72f2db3af156c0738a828554882f883ab2480a37dd14f40a981f035,LIST,"","","",0,CASE,olm-bundle,""
icr.io,cpopen/iaf-core-operator-bundle,1.3.0-amd64,sha256:76f384a0d213fe1b6fa6ca9f322ee258f9fb34e1c8e91f568bb9bf4b5825640e,IMAGE,linux,amd64,"",0,CASE,olm-bundle,""
icr.io,cpopen/iaf-core-operator-bundle,1.3.0-s390x,sha256:1df3bbd029944cfaf2fb4126ea86e25b249c32ffa6fad3495134added57c2457,IMAGE,linux,s390x,"",0,CASE,olm-bundle,""
icr.io,cpopen/iaf-core-operator-bundle,1.3.0-ppc64le,sha256:e6fc3e56eb25231a8be4992ef0573654d66c25946b5a4ba07018406fd06f39ca,IMAGE,linux,ppc64le,"",0,CASE,olm-bundle,""
icr.io,cpopen/iaf-core-operator-bundle,1.3.1,sha256:88199cb67cbee11660adabcff68a7da38687eeeba451117f3487302cae03e09e,LIST,"","","",0,CASE,olm-bundle,""
icr.io,cpopen/iaf-core-operator-bundle,1.3.1-amd64,sha256:a20088e1905a376aea44d0517cec86f57eb653ac2173b976c155408bc3159d38,IMAGE,linux,amd64,"",0,CASE,olm-bundle,""
icr.io,cpopen/iaf-core-operator-bundle,1.3.1-s390x,sha256:8a32d91683326864bd018c810534dd218665b58b7c50843c33600b0640a21597,IMAGE,linux,s390x,"",0,CASE,olm-bundle,""
icr.io,cpopen/iaf-core-operator-bundle,1.3.1-ppc64le,sha256:bcec121355a3733fae5855c9950023b810da225f60c767ce4e7c1c2f2811f744,IMAGE,linux,ppc64le,"",0,CASE,olm-bundle,""
icr.io,cpopen/iaf-core-operator-bundle,1.3.2,sha256:a91392c5aa856aef81f1dfa8906af28d9e65dbd1508a6f92edee0c6ca6c4876d,LIST,"","","",0,CASE,olm-bundle,""
icr.io,cpopen/iaf-core-operator-bundle,1.3.2-amd64,sha256:6d1a0e0a85e461bf864e66f3dc7d222c649788c91530e996df9ef43783bc3794,IMAGE,linux,amd64,"",0,CASE,olm-bundle,""
icr.io,cpopen/iaf-core-operator-bundle,1.3.2-s390x,sha256:1f9bfbcdece9b165f7575e0572e447fa17181180e5043a83e854f5ef4ad60ab6,IMAGE,linux,s390x,"",0,CASE,olm-bundle,""
icr.io,cpopen/iaf-core-operator-bundle,1.3.2-ppc64le,sha256:526f544635e0910c438b52095cd90ba1d2a16e01af0b404d68eaeac869e4be3f,IMAGE,linux,ppc64le,"",0,CASE,olm-bundle,""
icr.io,cpopen/iaf-core-operator-bundle,1.3.3,sha256:386d6ee4b7b24edea8249460fa39ce1b61e0a778bcd658f1371ccf20caf95d9b,LIST,"","","",0,CASE,olm-bundle,""
icr.io,cpopen/iaf-core-operator-bundle,1.3.3-amd64,sha256:ee04389c805d231bacd46aebbe75c7cb905487642e8777a69f0e4e2a8dfec3d4,IMAGE,linux,amd64,"",0,CASE,olm-bundle,""
icr.io,cpopen/iaf-core-operator-bundle,1.3.3-s390x,sha256:a61db15bf00e48e522f10ddb8ac3783e171de922efb2e8f4c5ff6b92291afc9f,IMAGE,linux,s390x,"",0,CASE,olm-bundle,""
icr.io,cpopen/iaf-core-operator-bundle,1.3.3-ppc64le,sha256:d9e61bf8c5d1c2ee9a1c55daf3942c91f314585bd1e247663ef53d654c6dee5a,IMAGE,linux,ppc64le,"",0,CASE,olm-bundle,""
icr.io,cpopen/iaf-core-operator-bundle,1.3.4,sha256:1bced36864c9d570cb101c0eb635278df75c25e58b14455ff05ca8d86dc74dbf,LIST,"","","",0,CASE,olm-bundle,""
icr.io,cpopen/iaf-core-operator-bundle,1.3.4-amd64,sha256:bbd41f47642384132fad55dda5414e976a8d6f38202ba48eb632d32f5d05b694,IMAGE,linux,amd64,"",0,CASE,olm-bundle,""
icr.io,cpopen/iaf-core-operator-bundle,1.3.4-s390x,sha256:17912472ed02df71e32b0f0ade38b958ec2513aa9cb73244e4e71411576dda00,IMAGE,linux,s390x,"",0,CASE,olm-bundle,""
icr.io,cpopen/iaf-core-operator-bundle,1.3.4-ppc64le,sha256:977635596a182430598b258edb005b3371b31a629fa13127889cf1b5fb15d229,IMAGE,linux,ppc64le,"",0,CASE,olm-bundle,""
icr.io,cpopen/iaf-core-operator-bundle,1.3.5,sha256:0665a41c56692b74563e77525e367657fb4ad12b174aed118b7530c671c56088,LIST,"","","",0,CASE,olm-bundle,""
icr.io,cpopen/iaf-core-operator-bundle,1.3.5-amd64,sha256:2c14ba4d29fdd5e826679f6fe7e34477b2956f2c7527551383bf01b67f9255c1,IMAGE,linux,amd64,"",0,CASE,olm-bundle,""
icr.io,cpopen/iaf-core-operator-bundle,1.3.5-s390x,sha256:06e56d60f6435d828aec2f9c59df6c6245e16957ee12d8455f43b68029bc94a2,IMAGE,linux,s390x,"",0,CASE,olm-bundle,""
icr.io,cpopen/iaf-core-operator-bundle,1.3.5-ppc64le,sha256:13a76c3a32fb5698273c42ddbd3e7e0da80b5281ca2ef156b3ca892fce5feb7d,IMAGE,linux,ppc64le,"",0,CASE,olm-bundle,""
icr.io,cpopen/iaf-core-operator-bundle,1.3.6,sha256:cd4c0d5145ece91599933dec3f147d300c7a1b86d8b6e20b12e46ae889c9b1ad,LIST,"","","",0,CASE,olm-bundle,""
icr.io,cpopen/iaf-core-operator-bundle,1.3.6-amd64,sha256:85537d09af395a8ab281fc87eaddfc59f8a5ae498fd498ab3a725f2df5f71f86,IMAGE,linux,amd64,"",0,CASE,olm-bundle,""
icr.io,cpopen/iaf-core-operator-bundle,1.3.6-s390x,sha256:c6b40f252568ca107fea7fa8f9f740ec94e46f016b17bdae7dfba253d3f2910a,IMAGE,linux,s390x,"",0,CASE,olm-bundle,""
icr.io,cpopen/iaf-core-operator-bundle,1.3.6-ppc64le,sha256:163d6bd2db8359c2368bae73870d8a0085aa67a1e9574a694160f7db53f443f7,IMAGE,linux,ppc64le,"",0,CASE,olm-bundle,""
icr.io,cpopen/iaf-core-operator-bundle,1.3.7,sha256:2020de9bb5cdcfb985722799d68c8c770173143c4ddcb0887129f31e6a9a97d8,LIST,"","","",0,CASE,olm-bundle,""
icr.io,cpopen/iaf-core-operator-bundle,1.3.7-amd64,sha256:8da7665827159a9f9e5aebd593396cdece2bc6d3af6fe44746e9de456909bd00,IMAGE,linux,amd64,"",0,CASE,olm-bundle,""
icr.io,cpopen/iaf-core-operator-bundle,1.3.7-s390x,sha256:c3102747d6c9a364c89677b34b95c4b4de39b82753bb4201b67be5895a6cd509,IMAGE,linux,s390x,"",0,CASE,olm-bundle,""
icr.io,cpopen/iaf-core-operator-bundle,1.3.7-ppc64le,sha256:4664e7e98d432026ce0bc4bdb32e05851cdf37e58356be1e7e71e668525d02aa,IMAGE,linux,ppc64le,"",0,CASE,olm-bundle,""
icr.io,cpopen/iaf-core-operator-bundle,1.3.8,sha256:0f2063d4159f7f615bfe7f6c91f83b46ac11a5539a2f78903e60e11c4fea6a37,LIST,"","","",0,CASE,olm-bundle,""
icr.io,cpopen/iaf-core-operator-bundle,1.3.8-amd64,sha256:6ff6f9cea817f4972015e48a11a748f41b5b7376a40bd7650b8e2be13de13533,IMAGE,linux,amd64,"",0,CASE,olm-bundle,""
icr.io,cpopen/iaf-core-operator-bundle,1.3.8-s390x,sha256:0e9d7b24bc0161f9031149eb8aeec1a02bc85300f109df82398667c988fc88a5,IMAGE,linux,s390x,"",0,CASE,olm-bundle,""
icr.io,cpopen/iaf-core-operator-bundle,1.3.8-ppc64le,sha256:628b8a5c50295bb5feb87b8b9d9cb75282000c6147229b6240292296d1f979f9,IMAGE,linux,ppc64le,"",0,CASE,olm-bundle,""
icr.io,cpopen/iaf-core-operator-bundle,1.3.9,sha256:04e89a5d5ee0fc05ebddcb84a17ad9cf88b56e7840996783214a5d336815730a,LIST,"","","",0,CASE,olm-bundle,""
icr.io,cpopen/iaf-core-operator-bundle,1.3.9-amd64,sha256:1e0ce1cd496dd5419ce6a6dabdaec3e2df64ad56253a22f4f6020693274cad52,IMAGE,linux,amd64,"",0,CASE,olm-bundle,""
icr.io,cpopen/iaf-core-operator-bundle,1.3.9-s390x,sha256:5eaec26c0fd6e2471fe28295050949a607243e7396e04087b254e449ea5f35c4,IMAGE,linux,s390x,"",0,CASE,olm-bundle,""
icr.io,cpopen/iaf-core-operator-bundle,1.3.9-ppc64le,sha256:293eca955848ad76b983c2d667ace2b2e42fc432fc4975fbe7cfc64949e54290,IMAGE,linux,ppc64le,"",0,CASE,olm-bundle,""
docker.io,ibmcom/iaf-core-operator,1.0.0,sha256:e48a5d697aab932082a4592ca568de4220a0f0579af27f05183cd3b6e90a8538,IMAGE,linux,amd64,"",0,CASE,"",""
docker.io,ibmcom/iaf-core-operator,1.0.1,sha256:40d243e9d034d0fef92168a1f0595f37c958264210ef87c063b8e77378a6d637,IMAGE,linux,amd64,"",0,CASE,"",""
docker.io,ibmcom/iaf-core-operator,1.0.2,sha256:31a7af7d9c432f421658a789ec6fad558da5933ed625702386b0756891303188,IMAGE,linux,amd64,"",0,CASE,"",""
icr.io,cpopen/iaf-core-operator,1.1.0-amd64,sha256:73f4a2940eb875b387ee0be936501a748163e2713c1c4b114c2517b26fe3767c,IMAGE,linux,amd64,"",0,CASE,"",""
icr.io,cpopen/iaf-core-operator,1.1.0-s390x,sha256:9cf2d8e343a9c9ecb9212ecd7f97bf5d75032767d09bff4354a63ad196264cf1,IMAGE,linux,s390x,"",0,CASE,"",""
icr.io,cpopen/iaf-core-operator,1.1.0-ppc64le,sha256:f0f243e9a23d49e0b737590f59f3b96ad3bfca454b79cafd3b79d262863f54a6,IMAGE,linux,ppc64le,"",0,CASE,"",""
icr.io,cpopen/iaf-core-operator,1.2.0-amd64,sha256:aa8bd0934bb23961f13b2bab1bf4609f61b1a57bdcdca1a884b82812ceca7ed3,IMAGE,linux,amd64,"",0,CASE,"",""
icr.io,cpopen/iaf-core-operator,1.2.0-s390x,sha256:0179ab5cbfe0b9e3118e5aa7ed882b719fa3863ab35d99c6a64588a32ff144e3,IMAGE,linux,s390x,"",0,CASE,"",""
icr.io,cpopen/iaf-core-operator,1.2.0-ppc64le,sha256:c0ff0220a5c90b301d8524d1372e3feceb7270bb911db4a5aa5257c1612d5777,IMAGE,linux,ppc64le,"",0,CASE,"",""
icr.io,cpopen/iaf-core-operator,1.2.1-amd64,sha256:47888e0652071e9884263b4007ce0b887c6b6519667eaebed5865b45d4575815,IMAGE,linux,amd64,"",0,CASE,"",""
icr.io,cpopen/iaf-core-operator,1.2.1-s390x,sha256:e40d2e73eab20c67b3162f07f391ca0373d1820cd4ac98e7dbed18fa3d811014,IMAGE,linux,s390x,"",0,CASE,"",""
icr.io,cpopen/iaf-core-operator,1.2.1-ppc64le,sha256:08688386448681a01c2fbc707c43f4765ec26ee796d46a0c19d285f55e8cb3e9,IMAGE,linux,ppc64le,"",0,CASE,"",""
icr.io,cpopen/iaf-core-operator,1.3.0-amd64,sha256:170172ad0bed2ef4c2914675c1c5f71fa6abcde836282bc16e6e18d59322c0de,IMAGE,linux,amd64,"",0,CASE,"",""
icr.io,cpopen/iaf-core-operator,1.3.0-s390x,sha256:32081c496264bf1d820987e48d49f3e36814a934c9ef76a9d5ebc65cbee0b2ae,IMAGE,linux,s390x,"",0,CASE,"",""
icr.io,cpopen/iaf-core-operator,1.3.0-ppc64le,sha256:dbee9c0518abf04b93affc348de34c65051903a579ed8e4d0b9ae6a33e91eded,IMAGE,linux,ppc64le,"",0,CASE,"",""
icr.io,cpopen/iaf-core-operator,1.3.1-amd64,sha256:5369ccb5b255808efa01e941dd177bc258a7d83500521c77e4c4e03397485a5b,IMAGE,linux,amd64,"",0,CASE,"",""
icr.io,cpopen/iaf-core-operator,1.3.1-s390x,sha256:b773027365f6721d2b70a75fa3878feccce838b8fe7a0b77dbbd73743ee67722,IMAGE,linux,s390x,"",0,CASE,"",""
icr.io,cpopen/iaf-core-operator,1.3.1-ppc64le,sha256:2d08ed1d41d25f52ef014a912778d862e3ee26a16ed5edc00b3d8c55e2cd6c9b,IMAGE,linux,ppc64le,"",0,CASE,"",""
icr.io,cpopen/iaf-core-operator,1.3.2-amd64,sha256:770d83123dbd9839a9a3e7f3f3f8c30af2c3fe964ea021ee1ad49ed89f047b97,IMAGE,linux,amd64,"",0,CASE,"",""
icr.io,cpopen/iaf-core-operator,1.3.2-s390x,sha256:a374dedf4800eefddbb10252deeec4114e6a9ae83e8fd50ff0b7c4e4bd03a207,IMAGE,linux,s390x,"",0,CASE,"",""
icr.io,cpopen/iaf-core-operator,1.3.2-ppc64le,sha256:ab07bdef2124c2348bdb7478bc592bd31e284e5980f43f940eacc1e33412722c,IMAGE,linux,ppc64le,"",0,CASE,"",""
icr.io,cpopen/iaf-core-operator,1.3.3-amd64,sha256:0fa1eef3cca4e9716907bd6a9cebf975a7cb30710c2103c0a47e16de595414fd,IMAGE,linux,amd64,"",0,CASE,"",""
icr.io,cpopen/iaf-core-operator,1.3.3-s390x,sha256:d3a8aeb78183842c7c7c5d38e0fd551ebef978ab0864525ded55953b84802c74,IMAGE,linux,s390x,"",0,CASE,"",""
icr.io,cpopen/iaf-core-operator,1.3.3-ppc64le,sha256:21f274086941f5a9feaa3876421c6d618557fedcc54824c91b6a1ce701252877,IMAGE,linux,ppc64le,"",0,CASE,"",""
icr.io,cpopen/iaf-core-operator,1.3.4-amd64,sha256:68c8582c33f86d83a4024e67c81cdfae1db1f5ca93c8066e652d6b48d7a785b3,IMAGE,linux,amd64,"",0,CASE,"",""
icr.io,cpopen/iaf-core-operator,1.3.4-s390x,sha256:f8deba344b6781199d256755ef468f71a1c273a4129daa79b485acf9e60c6891,IMAGE,linux,s390x,"",0,CASE,"",""
icr.io,cpopen/iaf-core-operator,1.3.4-ppc64le,sha256:cf3e3d9530a35c4a113fd6aafe09e62c0dab7e9449df2b6a29ae7522975a4400,IMAGE,linux,ppc64le,"",0,CASE,"",""
icr.io,cpopen/iaf-core-operator,1.3.5-amd64,sha256:78101ac8fdc1d00492592b17a1d813d31242142ce1c40030818e49dda6148ccb,IMAGE,linux,amd64,"",0,CASE,"",""
icr.io,cpopen/iaf-core-operator,1.3.5-s390x,sha256:1b4ee9628b24ae51afcc95425943fa65cf0ea9f8ed993f5ec542f3d97519bbba,IMAGE,linux,s390x,"",0,CASE,"",""
icr.io,cpopen/iaf-core-operator,1.3.5-ppc64le,sha256:2672d2be0a9e8cb1c96e7561479558214861e3e1ecb10ca4dd671e8ca899e686,IMAGE,linux,ppc64le,"",0,CASE,"",""
icr.io,cpopen/iaf-core-operator,1.3.6-amd64,sha256:f640fe94a8b420844ba64990ceaf441dd8c4a2f03659afb0783df2b62e3f797b,IMAGE,linux,amd64,"",0,CASE,"",""
icr.io,cpopen/iaf-core-operator,1.3.6-s390x,sha256:788928703ae4a8e1f40ab63a0e481e130a10b491f75b505fe47195add4eb6e74,IMAGE,linux,s390x,"",0,CASE,"",""
icr.io,cpopen/iaf-core-operator,1.3.6-ppc64le,sha256:d7653583d254876bae735608356319f51212bedd2b1c64521a63ff8e03b2af6d,IMAGE,linux,ppc64le,"",0,CASE,"",""
icr.io,cpopen/iaf-core-operator,1.3.7-amd64,sha256:fd864cbf6a69751ab71275f91dd2c45009c7f891585d14a5d4259f24254ea3a7,IMAGE,linux,amd64,"",0,CASE,"",""
icr.io,cpopen/iaf-core-operator,1.3.7-s390x,sha256:7c74441246560d37de29819c3e4510f74d9339f34786ee81cee136011ffa4981,IMAGE,linux,s390x,"",0,CASE,"",""
icr.io,cpopen/iaf-core-operator,1.3.7-ppc64le,sha256:f5047d4fbb60a1002f0e712d6059decf9515645f4218166232d7a08d38c5fa90,IMAGE,linux,ppc64le,"",0,CASE,"",""
icr.io,cpopen/iaf-core-operator,1.3.8-amd64,sha256:ee8de0cff89a6c744bdbf2f293cc1e28ea882a7f4ca3c6595ba931fcded51aaa,IMAGE,linux,amd64,"",0,CASE,"",""
icr.io,cpopen/iaf-core-operator,1.3.8-s390x,sha256:105e52f6a179f218043b53ca0332f6b34e6e6043ec7c74ada72ae725651bc33f,IMAGE,linux,s390x,"",0,CASE,"",""
icr.io,cpopen/iaf-core-operator,1.3.8-ppc64le,sha256:35a0af343f298446a0991081571399ca0acb31068a5b4774f8338d3fd926b688,IMAGE,linux,ppc64le,"",0,CASE,"",""
icr.io,cpopen/iaf-core-operator,1.3.9-amd64,sha256:2efcdf7cabbe694ac5fea312740a4cf0b69a5dd971205c1b9d24fd3619e533f4,IMAGE,linux,amd64,"",0,CASE,"",""
icr.io,cpopen/iaf-core-operator,1.3.9-s390x,sha256:d3f9d69379f8731c3269b14a84ebba40da94dadc67149933d4fd0f25bc659b75,IMAGE,linux,s390x,"",0,CASE,"",""
icr.io,cpopen/iaf-core-operator,1.3.9-ppc64le,sha256:dfb7828ce950dd73f03e4f792e9f56dfba8bebeae5475544e3866b5c6d767c60,IMAGE,linux,ppc64le,"",0,CASE,"",""
cp.icr.io,cp/iaf-health-service,1.1.0-amd64,sha256:4f0229ea94f3b2420731a11e506b93063afba5e09029c202876533188db263dd,IMAGE,linux,amd64,"",0,CASE,"",""
cp.icr.io,cp/iaf-health-service,1.1.0-s390x,sha256:559ea610f742b11b189776daa0db2388adaa6529a60fd173ec6df979814a008b,IMAGE,linux,s390x,"",0,CASE,"",""
cp.icr.io,cp/iaf-health-service,1.1.0-ppc64le,sha256:6cd7ab5fedf7fe4c9ccb89be58a939ddf2bb458244a6039997a437b0c77b212e,IMAGE,linux,ppc64le,"",0,CASE,"",""
cp.icr.io,cp/iaf-health-service,1.2.0-amd64,sha256:85cea5dababfd188c325b7dbdf3d9cb5906bba3df821c5be246bda1bb8dc1864,IMAGE,linux,amd64,"",0,CASE,"",""
cp.icr.io,cp/iaf-health-service,1.2.0-s390x,sha256:5a120730684713f8e21ae6ba048feff32c3b10e5584f7826dc006da101793977,IMAGE,linux,s390x,"",0,CASE,"",""
cp.icr.io,cp/iaf-health-service,1.2.0-ppc64le,sha256:748a8be71f2ca058dea15b6b98d87af9debe572c11331bd1b7973a6571e72a33,IMAGE,linux,ppc64le,"",0,CASE,"",""
cp.icr.io,cp/iaf-health-service,1.2.1-amd64,sha256:ead7590013c70bd849a6965d5d81ab391de660488d7c2acd492ecf512dbf07ce,IMAGE,linux,amd64,"",0,CASE,"",""
cp.icr.io,cp/iaf-health-service,1.2.1-s390x,sha256:a450083a96e6e651da903bd4e40d266e13c796dcd708397e8a7239641ac62981,IMAGE,linux,s390x,"",0,CASE,"",""
cp.icr.io,cp/iaf-health-service,1.2.1-ppc64le,sha256:a9f5674c0977ce7f318554d26846a8744921ccdc9df4c6346e2dd6c4c3c626c8,IMAGE,linux,ppc64le,"",0,CASE,"",""
cp.icr.io,cp/iaf-health-service,1.3.0-amd64,sha256:c0ee1d178e124aef2260bd8619415ea642cd1fa50388751ffcbf0288333f7489,IMAGE,linux,amd64,"",0,CASE,"",""
cp.icr.io,cp/iaf-health-service,1.3.0-s390x,sha256:45bcc935c9002e0f3ce94789d1c549ca9af658fcb2f9db2740e3191d08c343c2,IMAGE,linux,s390x,"",0,CASE,"",""
cp.icr.io,cp/iaf-health-service,1.3.0-ppc64le,sha256:243d848a00d6b70cfe543f4f3b2c39c23c9f612b23ee17a99c7416ba8711cb9b,IMAGE,linux,ppc64le,"",0,CASE,"",""
cp.icr.io,cp/iaf-health-service,1.3.1-amd64,sha256:9f57457f47157479e1ffbd3c2ef55dd42681f393c2429323e33c853a41866a61,IMAGE,linux,amd64,"",0,CASE,"",""
cp.icr.io,cp/iaf-health-service,1.3.1-s390x,sha256:3ae7e66d44d5dd1152df9d922116bbe870535b8b4ca2ba83d047e06e3b636397,IMAGE,linux,s390x,"",0,CASE,"",""
cp.icr.io,cp/iaf-health-service,1.3.1-ppc64le,sha256:442bca6f4e10e4fa8d0631224ce00fb17968b65176429ff70450d4addf8babcd,IMAGE,linux,ppc64le,"",0,CASE,"",""
cp.icr.io,cp/iaf-health-service,1.3.2-amd64,sha256:ecb762e6e0505ca03f01eeb0f65d67f5ca6b3062d3a85849075119fdaeb9b1ad,IMAGE,linux,amd64,"",0,CASE,"",""
cp.icr.io,cp/iaf-health-service,1.3.2-s390x,sha256:6bdab7363c55eb50dce4c75b425913de8426a0fe51a3967a23621556d77b8557,IMAGE,linux,s390x,"",0,CASE,"",""
cp.icr.io,cp/iaf-health-service,1.3.2-ppc64le,sha256:00175faebfb86e99dbf3b5c0f678eb838426382edfe258ea45033dc41846334e,IMAGE,linux,ppc64le,"",0,CASE,"",""
cp.icr.io,cp/iaf-health-service,1.3.3-amd64,sha256:5c4bc8a7feb7b2263d2a9fe5564d87a2a825a7c71e5f575ba74315c7037091f4,IMAGE,linux,amd64,"",0,CASE,"",""
cp.icr.io,cp/iaf-health-service,1.3.3-s390x,sha256:6e6082bc66457a6918881b804ffd305dd401c0d12cbd2c2d01398eb61463dde2,IMAGE,linux,s390x,"",0,CASE,"",""
cp.icr.io,cp/iaf-health-service,1.3.3-ppc64le,sha256:07291fd9f81cc0b72e2ea0d00cb876c5bc1f133cd26668b567489d78de682dc2,IMAGE,linux,ppc64le,"",0,CASE,"",""
cp.icr.io,cp/iaf-health-service,1.3.4-amd64,sha256:5d29f97fdcc8b75e220fb8983d18a7cef1de5c5ce5edb3e346a7473dfb1ab803,IMAGE,linux,amd64,"",0,CASE,"",""
cp.icr.io,cp/iaf-health-service,1.3.4-s390x,sha256:9b2a213a8ea65cb771197750e78d7043b6f4d56cf475ae1c6db51a49f736d013,IMAGE,linux,s390x,"",0,CASE,"",""
cp.icr.io,cp/iaf-health-service,1.3.4-ppc64le,sha256:a87ab0d15e5b68b4b067fbd1368bf8efadb78da548c152981606a2edc272e685,IMAGE,linux,ppc64le,"",0,CASE,"",""
cp.icr.io,cp/iaf-health-service,1.3.5-amd64,sha256:befcbf02bd6805e21079036861b674108a955e3dfbef4a8428c07c1cdf918596,IMAGE,linux,amd64,"",0,CASE,"",""
cp.icr.io,cp/iaf-health-service,1.3.5-s390x,sha256:7c9f2eee8b0ed42838ac333a139ca0de123821ecb5a33f889b96d79fe83c7f15,IMAGE,linux,s390x,"",0,CASE,"",""
cp.icr.io,cp/iaf-health-service,1.3.5-ppc64le,sha256:5785a22c46a15e882c88cdeb918213116d5b08a2d417a466b694857c19d2ba05,IMAGE,linux,ppc64le,"",0,CASE,"",""
cp.icr.io,cp/iaf-health-service,1.3.6-amd64,sha256:db8357fbb9574eeaf101b28fd086461f12c5784264e20992efe42db8e7d92c4b,IMAGE,linux,amd64,"",0,CASE,"",""
cp.icr.io,cp/iaf-health-service,1.3.6-s390x,sha256:702d19d080375d22b618ec65cc4c7b07d7c1b08601257b11c8f4d6fffbefd08b,IMAGE,linux,s390x,"",0,CASE,"",""
cp.icr.io,cp/iaf-health-service,1.3.6-ppc64le,sha256:58bb48a04383a164a33b44a5389cbd33d6db9710799dbcefd3528c0a4543424a,IMAGE,linux,ppc64le,"",0,CASE,"",""
cp.icr.io,cp/iaf-health-service,1.3.7-amd64,sha256:7b7ba820a8920deafaa041596d811837aeb1643bf171019d6049ee46a10498f4,IMAGE,linux,amd64,"",0,CASE,"",""
cp.icr.io,cp/iaf-health-service,1.3.7-s390x,sha256:1236e4a719859ace9e818f9ba09ba9332c984f706b783841d390b3189a481a37,IMAGE,linux,s390x,"",0,CASE,"",""
cp.icr.io,cp/iaf-health-service,1.3.7-ppc64le,sha256:ffbaa67c79b040e17594354523a9570f74a86645cc9c0aa856017e133601ab68,IMAGE,linux,ppc64le,"",0,CASE,"",""
cp.icr.io,cp/iaf-ui-customization,1.1.0-amd64,sha256:a642521e5325d364ff50b852c7255efbc371545195d65ea23637bcd2b45b2bb2,IMAGE,linux,amd64,"",0,CASE,"",""
cp.icr.io,cp/iaf-ui-customization,1.1.0-s390x,sha256:0d86c9a37bf23a24611b33630c74031bb824b4e887befbf1b1545d9c08543560,IMAGE,linux,s390x,"",0,CASE,"",""
cp.icr.io,cp/iaf-ui-customization,1.1.0-ppc64le,sha256:31ede45c8c6c0754b08aa3c70e98f90430f59c5be3c8894bf775380e32cbe1ca,IMAGE,linux,ppc64le,"",0,CASE,"",""
cp.icr.io,cp/iaf-ui-customization,1.2.0-amd64,sha256:b48c0ed635895f0ff47e28acf810dcc72962057c180df81e40854dcd7ee64f87,IMAGE,linux,amd64,"",0,CASE,"",""
cp.icr.io,cp/iaf-ui-customization,1.2.0-s390x,sha256:957248023db96a83a080abaf6f2e6391f8e183b166d90e2bac43d78d8d3f00f1,IMAGE,linux,s390x,"",0,CASE,"",""
cp.icr.io,cp/iaf-ui-customization,1.2.0-ppc64le,sha256:5c99bd1c0fcaa4fff79d8e35c63ec083053361322d58659c3376e752fddcd22e,IMAGE,linux,ppc64le,"",0,CASE,"",""
cp.icr.io,cp/iaf-ui-customization,1.2.1-amd64,sha256:9c6465cdf7c4b8712e3789093aa2cf9fa48232091fa50afe2294a0fd39962cba,IMAGE,linux,amd64,"",0,CASE,"",""
cp.icr.io,cp/iaf-ui-customization,1.2.1-s390x,sha256:f77216b3227d7cbab4034edb6c3e463432a4d0fcfd69d7cde58d91f81c70b140,IMAGE,linux,s390x,"",0,CASE,"",""
cp.icr.io,cp/iaf-ui-customization,1.2.1-ppc64le,sha256:eda7a57ca67188cbb5b14e3b32847f512891388f63aafe938bd69bdb3fdd0a89,IMAGE,linux,ppc64le,"",0,CASE,"",""
cp.icr.io,cp/iaf-ui-customization,1.3.0-amd64,sha256:16ce7f1cea18deeef59e05c922d03e0a3c17ae2a214e3f37f4fc3def4401b7c5,IMAGE,linux,amd64,"",0,CASE,"",""
cp.icr.io,cp/iaf-ui-customization,1.3.0-s390x,sha256:c6488daffdc1e10ca95b22ca2cf3bcac4de7c6f92518d906ba77f36837906b33,IMAGE,linux,s390x,"",0,CASE,"",""
cp.icr.io,cp/iaf-ui-customization,1.3.0-ppc64le,sha256:1602446ed1d7ecb3970ce12688f079f4a1016a3cd97ab12b7b4bb6389b550e54,IMAGE,linux,ppc64le,"",0,CASE,"",""
cp.icr.io,cp/iaf-ui-customization,1.3.1-amd64,sha256:2e51210a84fe2c71d338ba4361ce72d473a53546a03b276661e7f3e03245a14f,IMAGE,linux,amd64,"",0,CASE,"",""
cp.icr.io,cp/iaf-ui-customization,1.3.1-s390x,sha256:2eb5e6d1a9952fde8207b1255ad379f5538eb6d57bb8ee83d9e0611db9760cf9,IMAGE,linux,s390x,"",0,CASE,"",""
cp.icr.io,cp/iaf-ui-customization,1.3.1-ppc64le,sha256:4936981b2d549d31edd58e2a41a43dcc6d240a175dc09d4dd35175ef42290ca1,IMAGE,linux,ppc64le,"",0,CASE,"",""
cp.icr.io,cp/iaf-ui-customization,1.3.2-amd64,sha256:b48589aeab3e4540629102255e2af27cd51f2c5216aab3fbebda25f773e7de9b,IMAGE,linux,amd64,"",0,CASE,"",""
cp.icr.io,cp/iaf-ui-customization,1.3.2-s390x,sha256:1f901adff47f71aa56043987188014408ea14ae9f89f38b843a06ec0fc76a63a,IMAGE,linux,s390x,"",0,CASE,"",""
cp.icr.io,cp/iaf-ui-customization,1.3.2-ppc64le,sha256:be70668720258de5b14e901f248957ab1752518c7859b000f3362d3cb0cdce66,IMAGE,linux,ppc64le,"",0,CASE,"",""
cp.icr.io,cp/iaf-ui-customization,1.3.3-amd64,sha256:3b53deb54c0bb62f8f3bb5a1a525ce5008eea072ccfe9327797894bea0aa1506,IMAGE,linux,amd64,"",0,CASE,"",""
cp.icr.io,cp/iaf-ui-customization,1.3.3-s390x,sha256:e54caf0ee94e3bfe32beaa086b08ca6f8076636b58a8b3d814d96db9cf8fcd1c,IMAGE,linux,s390x,"",0,CASE,"",""
cp.icr.io,cp/iaf-ui-customization,1.3.3-ppc64le,sha256:070d73216c709696466195d202239fbc0532cf7c4b40f7daf712d5bdc1180996,IMAGE,linux,ppc64le,"",0,CASE,"",""
cp.icr.io,cp/iaf-ui-customization,1.3.4-amd64,sha256:9ed8d5fdfc625d7ddbe38ca2c06dd99fb756f983fbec0ec4a21e2bead93d1c4e,IMAGE,linux,amd64,"",0,CASE,"",""
cp.icr.io,cp/iaf-ui-customization,1.3.4-s390x,sha256:6bb877b622e334ec94fd8c1c0206db38be4fe308bb5cac08ff378fe61676ddd6,IMAGE,linux,s390x,"",0,CASE,"",""
cp.icr.io,cp/iaf-ui-customization,1.3.4-ppc64le,sha256:14329e799229ee30e3f57e2cd333b53392982289784193f3af509a0521e5e0c1,IMAGE,linux,ppc64le,"",0,CASE,"",""
cp.icr.io,cp/iaf-ui-customization,1.3.5-amd64,sha256:065565956517a6dd35d39c293fb7df39c426a9bc7d39ad159009b9eaa120d849,IMAGE,linux,amd64,"",0,CASE,"",""
cp.icr.io,cp/iaf-ui-customization,1.3.5-s390x,sha256:91f57c740ed25238e5896a7b561d8a93fe644dace54b0f56f3055feb9b576e68,IMAGE,linux,s390x,"",0,CASE,"",""
cp.icr.io,cp/iaf-ui-customization,1.3.5-ppc64le,sha256:3832458afb55423290c9e1aa4b22a6b559ba36875ee8895e6f90a6dacc7bf2f3,IMAGE,linux,ppc64le,"",0,CASE,"",""
cp.icr.io,cp/iaf-ui-customization,1.3.6-amd64,sha256:565c3373625bda01098c8dfe18b0cf35653de21bf98ac1be08bf37581cc90de7,IMAGE,linux,amd64,"",0,CASE,"",""
cp.icr.io,cp/iaf-ui-customization,1.3.6-s390x,sha256:19c1f5020ea83b2b09b3f0e353529bec9a8678832da7ef7ab90a24e82a30fe4d,IMAGE,linux,s390x,"",0,CASE,"",""
cp.icr.io,cp/iaf-ui-customization,1.3.6-ppc64le,sha256:3b94a51e1fd592d3f6e8091fa020468f621227946f36c533ddfa99bbe78bc926,IMAGE,linux,ppc64le,"",0,CASE,"",""
cp.icr.io,cp/iaf-ui-customization,1.3.7-amd64,sha256:d9a3bf86182e977a15700d948ede61a00390dff88666615b394f9b74b193d2a4,IMAGE,linux,amd64,"",0,CASE,"",""
cp.icr.io,cp/iaf-ui-customization,1.3.7-s390x,sha256:31f43752b98fd218f39c5d32473a374d6e3bf6cc2b246b212ab7d827b35d5910,IMAGE,linux,s390x,"",0,CASE,"",""
cp.icr.io,cp/iaf-ui-customization,1.3.7-ppc64le,sha256:11c2e87f63177794df84418c8f4753ab22d61dab0d0563a53bc801eb7000cf55,IMAGE,linux,ppc64le,"",0,CASE,"",""
