registry,image_name,tag,digest,mtype,os,arch,variant,insecure,digest_source,image_type,groups
icr.io,cpopen/ibm-iam-operator,3.20.1,sha256:e84ffc7f3006f09298d4da89e0bd038194ba80fec33b1b9d5e4c89a64a1e68fd,LIST,"","","",0,CASE,"",""
icr.io,cpopen/ibm-iam-operator,3.20.1-amd64,sha256:9b5d764cd5d4ec8d187649f317830f80a51245dbc7194734a311c65dfee3185b,IMAGE,linux,amd64,"",0,CASE,"",""
icr.io,cpopen/ibm-iam-operator,3.20.1-ppc64le,sha256:29f357e81690c83011e134e21bae830dd32b8ab19bdcb485ea3b129361721fc8,IMAGE,linux,ppc64le,"",0,CASE,"",""
icr.io,cpopen/ibm-iam-operator,3.20.1-s390x,sha256:23a904e1910f998a0ecbff73e1d1fa460eff085707ec182ce81f6d1c03d5791c,IMAGE,linux,s390x,"",0,CASE,"",""
icr.io,cpopen/cpfs/audit-syslog-service,1.10.1,sha256:efc7014f285445acdc3899953629a14aa7ec291abf2d50c8f9dac0f082f35600,LIST,"","","",0,CASE,"",""
icr.io,cpopen/cpfs/audit-syslog-service,1.10.1-amd64,sha256:ed2d0e59e0e7d60813912b7e91633b178d7a2bf535db1df4aef3910ba7976d0c,IMAGE,linux,amd64,"",0,CASE,"",""
icr.io,cpopen/cpfs/audit-syslog-service,1.10.1-ppc64le,sha256:9bcd6dec62519869dd2d945ae5de5b5b50895bc829fb93822b7c62f4422f67f4,IMAGE,linux,ppc64le,"",0,CASE,"",""
icr.io,cpopen/cpfs/audit-syslog-service,1.10.1-s390x,sha256:79c80b23d4492796bbd9ba4fe9b5de73c9f4d40ab6ccef1fd2e8920f495ded1a,IMAGE,linux,s390x,"",0,CASE,"",""
icr.io,cpopen/cpfs/icp-oidcclient-watcher,3.8.0,sha256:cc1b92890146238c7e4e4cf7c2b7724b4306b8f39caa8871a538684e76e19787,LIST,"","","",0,CASE,"",""
icr.io,cpopen/cpfs/icp-oidcclient-watcher,3.8.0-amd64,sha256:0e8b6758c70d1eed781485e3581b17f1fd5e44e45d5a3981e7e3b65216a27f72,IMAGE,linux,amd64,"",0,CASE,"",""
icr.io,cpopen/cpfs/icp-oidcclient-watcher,3.8.0-ppc64le,sha256:afc5270ce0982c745ca0efcc81c096016c07908c048ce556619dae1c217ee36f,IMAGE,linux,ppc64le,"",0,CASE,"",""
icr.io,cpopen/cpfs/icp-oidcclient-watcher,3.8.0-s390x,sha256:1d702a99392868e634e68c9d0221a6db6bb851fcc5a18520ed63b83e9a735bbd,IMAGE,linux,s390x,"",0,CASE,"",""
icr.io,cpopen/cpfs/iam-policy-decision,3.8.0,sha256:fe97f627e2033a8e2e7346307f33e6652659f5951bdc29a5f9a083e553e13595,LIST,"","","",0,CASE,"",""
icr.io,cpopen/cpfs/iam-policy-decision,3.8.0-amd64,sha256:86428806e01b5f433f9ed68ce4a671593046f48ef6d8fa537fadc51f578dfb4d,IMAGE,linux,amd64,"",0,CASE,"",""
icr.io,cpopen/cpfs/iam-policy-decision,3.8.0-ppc64le,sha256:453ec3f305f522972b7f1b166d3bd39f861357a547699d134bba754f55f16c78,IMAGE,linux,ppc64le,"",0,CASE,"",""
icr.io,cpopen/cpfs/iam-policy-decision,3.8.0-s390x,sha256:90cd70be008bb64671b391a790fdeb623db6015d6631f3f18efed8718cfe5959,IMAGE,linux,s390x,"",0,CASE,"",""
icr.io,cpopen/cpfs/icp-platform-auth,3.8.1,sha256:e2ad9dde8f07b2e9998b3387d0297b0a656f657b9d470f73dee7585a7ab750dc,LIST,"","","",0,CASE,"",""
icr.io,cpopen/cpfs/icp-platform-auth,3.8.1-amd64,sha256:5d24329762f2c3a8fc08a86417ab66a0d99a6ac7796ead9d20161a7eb9bbd228,IMAGE,linux,amd64,"",0,CASE,"",""
icr.io,cpopen/cpfs/icp-platform-auth,3.8.1-ppc64le,sha256:2845d7b651e40523d7359b8c790eb91f9ad9951205fc706bff0606c3b9868f5c,IMAGE,linux,ppc64le,"",0,CASE,"",""
icr.io,cpopen/cpfs/icp-platform-auth,3.8.1-s390x,sha256:86b6d0a0db4c3f937621181c9c8f44644f222a5a55c7a1196d56957ad0ab09c6,IMAGE,linux,s390x,"",0,CASE,"",""
icr.io,cpopen/cpfs/icp-identity-manager,3.8.1,sha256:398cf4967adcd35b56e7b968253afff16943cae12c184707545f176c55ce8f82,LIST,"","","",0,CASE,"",""
icr.io,cpopen/cpfs/icp-identity-manager,3.8.1-amd64,sha256:7144e7ea97b922b052a84a8124103eab509ac69cda04f2cebb372c4bf189629e,IMAGE,linux,amd64,"",0,CASE,"",""
icr.io,cpopen/cpfs/icp-identity-manager,3.8.1-ppc64le,sha256:b72951ab283f4ed7e919d957a94b7807c35c4a221dca78845a7f2bbb6709a2fd,IMAGE,linux,ppc64le,"",0,CASE,"",""
icr.io,cpopen/cpfs/icp-identity-manager,3.8.1-s390x,sha256:1745db987af7f20c560926cecbd1eabbdde5444b3f7d4d418e17c8ab64c409e9,IMAGE,linux,s390x,"",0,CASE,"",""
icr.io,cpopen/cpfs/icp-identity-provider,3.8.0,sha256:59889e3c1cd7833b0122043a8958ef253280d628d9b745f4889c450c0fc928bc,LIST,"","","",0,CASE,"",""
icr.io,cpopen/cpfs/icp-identity-provider,3.8.0-amd64,sha256:f1debc4b57f65b23dd046f3f15a5f6edf48d069998e77a98849d624e35f59b05,IMAGE,linux,amd64,"",0,CASE,"",""
icr.io,cpopen/cpfs/icp-identity-provider,3.8.0-ppc64le,sha256:42230347c874776ab2a809a64eca7f29efe8f03a4d68b55269bca83732c0fbfa,IMAGE,linux,ppc64le,"",0,CASE,"",""
icr.io,cpopen/cpfs/icp-identity-provider,3.8.0-s390x,sha256:1061b0ab2baeb9d1d1448eec2e5000520666b5986de4619c614733e6e3c3e7b5,IMAGE,linux,s390x,"",0,CASE,"",""
icr.io,cpopen/cpfs/iam-policy-administration,3.8.0,sha256:c3e9ccc54921f0d52b97189b5f62b771950e14e475c19ebaacb5efba2514b37e,LIST,"","","",0,CASE,"",""
icr.io,cpopen/cpfs/iam-policy-administration,3.8.0-amd64,sha256:b3f2b75fe6e009f082f178c845b15ee99eb9db9175b4a6cc495f67566bc4aeaf,IMAGE,linux,amd64,"",0,CASE,"",""
icr.io,cpopen/cpfs/iam-policy-administration,3.8.0-ppc64le,sha256:c7a1a5ddc47e95d9dcfbdefb2e094095f4e1920a03bb24d71b9d1af6f4e06a44,IMAGE,linux,ppc64le,"",0,CASE,"",""
icr.io,cpopen/cpfs/iam-policy-administration,3.8.0-s390x,sha256:afd5247e697a7196a14fdbf190dada638f8d19129152e7efa23ad1277b2266bb,IMAGE,linux,s390x,"",0,CASE,"",""
icr.io,cpopen/cpfs/iam-policy-controller,3.7.8,sha256:ceb42907bf7ca5cca503cecc76ce9feed80663debfe2b21ce7c101c07ce28361,LIST,"","","",0,CASE,"",""
icr.io,cpopen/cpfs/iam-policy-controller,3.7.8-amd64,sha256:09d9d916cc9c2bea7104257de9e2612ffc204ed1c363464ba9e457ead9215b7e,IMAGE,linux,amd64,"",0,CASE,"",""
icr.io,cpopen/cpfs/iam-policy-controller,3.7.8-ppc64le,sha256:e660e8008117bf7c4734625bad863dd92fa0531b1a15c780cc397f9b33fd47e3,IMAGE,linux,ppc64le,"",0,CASE,"",""
icr.io,cpopen/cpfs/iam-policy-controller,3.7.8-s390x,sha256:1c3fb35f00c4e7ace450767ca6ef36455af9d64171d34356442f16caaa6083f0,IMAGE,linux,s390x,"",0,CASE,"",""
icr.io,cpopen/cpfs/icp-secret-watcher,3.7.8,sha256:c634a84226c2caecf1c714572da6fa284d4b97f353ca57db1665ea8815f62103,LIST,"","","",0,CASE,"",""
icr.io,cpopen/cpfs/icp-secret-watcher,3.7.8-amd64,sha256:3ecfaf2f98fde9a632277d959a28118af4f397c823893e9cff57c8cf23f1b2bf,IMAGE,linux,amd64,"",0,CASE,"",""
icr.io,cpopen/cpfs/icp-secret-watcher,3.7.8-ppc64le,sha256:38a3ce0a8fd8e72e881fd0e4dea97957a6f60676049413973959bc7acb0508c0,IMAGE,linux,ppc64le,"",0,CASE,"",""
icr.io,cpopen/cpfs/icp-secret-watcher,3.7.8-s390x,sha256:de8e7c5572d59a30b30f445dab62cce91833be9425ce040a839c808f7fae83e1,IMAGE,linux,s390x,"",0,CASE,"",""
icr.io,cpopen/cpfs/icp-iam-onboarding,3.8.0,sha256:f70649109881fa194c8e22f9d42dbea540ba9ad9aba60a33e59d11c05bc7e69d,LIST,"","","",0,CASE,"",""
icr.io,cpopen/cpfs/icp-iam-onboarding,3.8.0-amd64,sha256:43b9cb6c086700b9d1670e1e9dbf9b24df8314afaaf5208188c57b3f38995681,IMAGE,linux,amd64,"",0,CASE,"",""
icr.io,cpopen/cpfs/icp-iam-onboarding,3.8.0-ppc64le,sha256:a42de29ba762abe311f19d183e79d8324daa8e574bf830d1a09b7214b7d50fb2,IMAGE,linux,ppc64le,"",0,CASE,"",""
icr.io,cpopen/cpfs/icp-iam-onboarding,3.8.0-s390x,sha256:2901659e8e8b4f5bc8e2509f4d4af0424ac861477fef3ad9958e772c99745502,IMAGE,linux,s390x,"",0,CASE,"",""
