registry,image_name,tag,digest,mtype,os,arch,variant,insecure,digest_source,image_type,groups
icr.io,cpopen/ibm-management-ingress-operator,1.17.0,sha256:377d692ca5869dc72bf4c83266a03208d69c2ac2114d1c092b117516b84959c7,LIST,"","","",0,CASE,"",""
icr.io,cpopen/ibm-management-ingress-operator,1.17.0-amd64,sha256:9d2c21331ec9d21509dc5dd76f320f027bac9cb373d7f97f805dc1ae94def650,IMAGE,linux,amd64,"",0,CASE,"",""
icr.io,cpopen/ibm-management-ingress-operator,1.17.0-ppc64le,sha256:fbc3ba7780d67c186b9715dea672c899f60d195aff2d8c72a6374cbc1002f720,IMAGE,linux,ppc64le,"",0,CASE,"",""
icr.io,cpopen/ibm-management-ingress-operator,1.17.0-s390x,sha256:24e9335aa7ed822071063d909517e4867cd37008700e077e141d61329ce151da,IMAGE,linux,s390x,"",0,CASE,"",""
icr.io,cpopen/cpfs/icp-management-ingress,2.5.25,sha256:e66a1e99177a1f5e9511b6b020643b012002378d6dcde950b246d68cd24cc808,LIST,"","","",0,CASE,"",""
icr.io,cpopen/cpfs/icp-management-ingress,2.5.25-amd64,sha256:34caa27c0239cec85490d629fe9415ab322f17d4715bc6b49d529c99c8f3cd6d,IMAGE,linux,amd64,"",0,CASE,"",""
icr.io,cpopen/cpfs/icp-management-ingress,2.5.25-ppc64le,sha256:35f74cee47e440d61a28c8789be5b67d978f942f88c08c161fab1e44b57e9d97,IMAGE,linux,ppc64le,"",0,CASE,"",""
icr.io,cpopen/cpfs/icp-management-ingress,2.5.25-s390x,sha256:323615eb9e5e8e8370d8e14effca7298b02aefde5403af0e752791dc1538b20b,IMAGE,linux,s390x,"",0,CASE,"",""
icr.io,cpopen/ibm-ingress-nginx-operator,1.17.1,sha256:2ddfa0eae83c8e5cbb73458048d177a7b7c3b4cd3df84a244154cb8711b75b0a,LIST,"","","",0,CASE,"",""
icr.io,cpopen/ibm-ingress-nginx-operator,1.17.1-amd64,sha256:fffebb5a0cf0addc27eea376f073391128ef6e414d92658d2e270cd59d0250cf,IMAGE,linux,amd64,"",0,CASE,"",""
icr.io,cpopen/ibm-ingress-nginx-operator,1.17.1-ppc64le,sha256:d945a5a066ae37527b9f6561dccec78b6e5531d0020cacbbc1dbf9f54331cdf9,IMAGE,linux,ppc64le,"",0,CASE,"",""
icr.io,cpopen/ibm-ingress-nginx-operator,1.17.1-s390x,sha256:f62e5f357ed1caa25657af71e828726102f4d173705e4c3289fbd4f94c99aa31,IMAGE,linux,s390x,"",0,CASE,"",""
icr.io,cpopen/cpfs/default-http-backend,1.5.22,sha256:f867c82d0a56d9be5ae6aad7192d2bb624a93d2e3355669511fb442b70744fe3,LIST,"","","",0,CASE,"",""
icr.io,cpopen/cpfs/default-http-backend,1.5.22-amd64,sha256:20aa71243d9e04da76555db34be50025cdb884fa73ea8ba70ae711db78e3b48c,IMAGE,linux,amd64,"",0,CASE,"",""
icr.io,cpopen/cpfs/default-http-backend,1.5.22-ppc64le,sha256:082bc5e5eab5031955fc71ee9119b73fbb9691ff90012b6e01c5b2de3d111712,IMAGE,linux,ppc64le,"",0,CASE,"",""
icr.io,cpopen/cpfs/default-http-backend,1.5.22-s390x,sha256:fb1c3a39a1e1199ed80f124d07c0f79dcac70227b914046b043ed740068b4acb,IMAGE,linux,s390x,"",0,CASE,"",""
icr.io,cpopen/cpfs/nginx-ingress-controller,0.23.29,sha256:68ce3aecd7e1eb4a7cbff107f95f29fa971c1d1a8140d7f2b31adab12e9dcfeb,LIST,"","","",0,CASE,"",""
icr.io,cpopen/cpfs/nginx-ingress-controller,0.23.29-amd64,sha256:7deb6482dac776234ff685af890e5b799ab0dd73aa0a7139548418df2c6138a0,IMAGE,linux,amd64,"",0,CASE,"",""
icr.io,cpopen/cpfs/nginx-ingress-controller,0.23.29-ppc64le,sha256:320970f4b98d5504ded74e16d3108e2fcb9ce26f213d7bedeeb56122e07fd472,IMAGE,linux,ppc64le,"",0,CASE,"",""
icr.io,cpopen/cpfs/nginx-ingress-controller,0.23.29-s390x,sha256:383f06a2c76ab0e2f2d9c71e8895a2c9e7c5723fcadf5594733e9e321c7d46fb,IMAGE,linux,s390x,"",0,CASE,"",""
icr.io,cpopen/cpfs/kubectl,v1.15.9.18,sha256:39e94c3a4e61f84d26a08326e8adf8b0f019f5f897c3de78e17b05dae3c3899e,LIST,"","","",0,CASE,"",""
icr.io,cpopen/cpfs/kubectl,v1.15.9.18-amd64,sha256:2894ea40482dbc38b0c670c04ea2dabd2e4a5d9fcd29de343b4d6a7b2c10c138,IMAGE,linux,amd64,"",0,CASE,"",""
icr.io,cpopen/cpfs/kubectl,v1.15.9.18-ppc64le,sha256:563497f10f42cf38fd1120b317a9520bdcd2839a9d4fdb3e164680e273e47879,IMAGE,linux,ppc64le,"",0,CASE,"",""
icr.io,cpopen/cpfs/kubectl,v1.15.9.18-s390x,sha256:d0bd47ba0679d354986d0433dc049e3edb08c84c58971d488ea811a23ce17b84,IMAGE,linux,s390x,"",0,CASE,"",""
icr.io,cpopen/cpfs/icp-initcontainer,1.0.0-build.23,sha256:f0e669847f5b74601af2db8cc28ee6c8668a6c8a274b57349c03aa2cc2101e9d,LIST,"","","",0,CASE,"",""
icr.io,cpopen/cpfs/icp-initcontainer,1.0.0-build.23-amd64,sha256:10abe7bde1af911c89a0ad5c504f04d8b5004da4f781b42e64d960f277a92b5f,IMAGE,linux,amd64,"",0,CASE,"",""
icr.io,cpopen/cpfs/icp-initcontainer,1.0.0-build.23-ppc64le,sha256:a331d97b587c8c19a30f40c897e0ce89c141cf8a1dd258218f26f18630f4c7b3,IMAGE,linux,ppc64le,"",0,CASE,"",""
icr.io,cpopen/cpfs/icp-initcontainer,1.0.0-build.23-s390x,sha256:4cd46af8e48bc0952779f464821c511aac0d3af517d8e54772b97e885d0186c6,IMAGE,linux,s390x,"",0,CASE,"",""
