registry,image_name,tag,digest,mtype,os,arch,variant,insecure,digest_source,image_type,groups
icr.io,cpopen/ibm-healthcheck-operator,3.21.0,sha256:3abe272e78b9fb20662ea79e86ff67d2c8751373fae125ec3ef9a241a8653034,LIST,"","","",0,CASE,"",""
icr.io,cpopen/ibm-healthcheck-operator,3.21.0-amd64,sha256:4e3cca58d38ec9da4d20aa7e90c7396e5bcd3e4ba45811f10cebb2ded0cb74f2,IMAGE,linux,amd64,"",0,CASE,"",""
icr.io,cpopen/ibm-healthcheck-operator,3.21.0-ppc64le,sha256:46504abdf4e59a2f9fcff52c08dd1d6af514256d0b51a6ea0897aef2249bbe7c,IMAGE,linux,ppc64le,"",0,CASE,"",""
icr.io,cpopen/ibm-healthcheck-operator,3.21.0-s390x,sha256:2306bcaad6f3e1f4284cf5486256f582dc70ab591da2d9a61c8d18c61bb8790f,IMAGE,linux,s390x,"",0,CASE,"",""
icr.io,cpopen/cpfs/system-healthcheck-service,3.10.1,sha256:d728d7ed60f8fef28804f84f3a6cb954cbb33edbb630b573397334b051f94222,LIST,"","","",0,CASE,"",""
icr.io,cpopen/cpfs/system-healthcheck-service,3.10.1-amd64,sha256:ed649588a420eacb1d8573099c40ced22f396d714884c73836db84f540b6e86c,IMAGE,linux,amd64,"",0,CASE,"",""
icr.io,cpopen/cpfs/system-healthcheck-service,3.10.1-ppc64le,sha256:edbbd01b05c85eac195ac342e6d1ade6a690682bea20212e03c109debb1c43ed,IMAGE,linux,ppc64le,"",0,CASE,"",""
icr.io,cpopen/cpfs/system-healthcheck-service,3.10.1-s390x,sha256:6edb6526825c73a4e36de23b5a57578a50e96608ba477b4a8dcbc67b00090dfd,IMAGE,linux,s390x,"",0,CASE,"",""
icr.io,cpopen/cpfs/icp-memcached,3.10.1,sha256:5ad4aa15dd92a69e1d78907e6077f74e67f97fcb04e1803e0f98f89dc787ecb0,LIST,"","","",0,CASE,"",""
icr.io,cpopen/cpfs/icp-memcached,3.10.1-amd64,sha256:369042c06ccd87c0c5f305895b479db3274850ec0f57a594cd79af25fc1a4d16,IMAGE,linux,amd64,"",0,CASE,"",""
icr.io,cpopen/cpfs/icp-memcached,3.10.1-ppc64le,sha256:02c88b5052ce4e19b8e4fecd8a068ec1f1ca6eae967b23d82dc774b90ac492c8,IMAGE,linux,ppc64le,"",0,CASE,"",""
icr.io,cpopen/cpfs/icp-memcached,3.10.1-s390x,sha256:60d4dee3d6c5d595237a8d3acfafd6401ffeeb905b13a8ec45a323025254cafe,IMAGE,linux,s390x,"",0,CASE,"",""
icr.io,cpopen/cpfs/must-gather,4.6.1,sha256:3a6f1772273978477a378d88c13fb01737ff434cfdc69ed9df7e9637a9379190,LIST,"","","",0,CASE,"",""
icr.io,cpopen/cpfs/must-gather,4.6.1-amd64,sha256:5a8464bf67dc36d7a1e4cf2c02515fa688b3ba68ea868c42b34a18423e7e119e,IMAGE,linux,amd64,"",0,CASE,"",""
icr.io,cpopen/cpfs/must-gather,4.6.1-ppc64le,sha256:93ea4c7efbcd7b9192f96d524e76d02f6c726943a9e34eb03a1d98191664c6bc,IMAGE,linux,ppc64le,"",0,CASE,"",""
icr.io,cpopen/cpfs/must-gather,4.6.1-s390x,sha256:2652fe1e91d6354cb05be8874a5a9a1b5bef830ae7a17f7034a1e72d64cc28a2,IMAGE,linux,s390x,"",0,CASE,"",""
icr.io,cpopen/cpfs/must-gather-service,1.3.1,sha256:ad7bf01c77a641475c0f87a71a8c9dc535f692f040a375218990e9d0d42bd0b1,LIST,"","","",0,CASE,"",""
icr.io,cpopen/cpfs/must-gather-service,1.3.1-amd64,sha256:cd933cc8fca94b997c56b0d88dd799bcb9c6ca2b65e30a70b25d37a68b574346,IMAGE,linux,amd64,"",0,CASE,"",""
icr.io,cpopen/cpfs/must-gather-service,1.3.1-ppc64le,sha256:9f1329bab0a9da6a2f1007a6e3b7638e6f221f8122fabb71a2259d6727724c69,IMAGE,linux,ppc64le,"",0,CASE,"",""
icr.io,cpopen/cpfs/must-gather-service,1.3.1-s390x,sha256:7b4ffca2a8ddb8d964c0deb3f15663a9d9fea75669b7fa12b64b1f0225b615fd,IMAGE,linux,s390x,"",0,CASE,"",""
