registry,image_name,tag,digest,mtype,os,arch,variant,insecure,digest_source,image_type,groups
icr.io,cpopen/ibm-rpa-operator-catalog,1.4.0,sha256:d8e81a488afd1a7f68f02f9e223f5f5b4bb520b079c9a84d065ec0409a6eb696,IMAGE,linux,amd64,"",0,CASE,olm-catalog,""
icr.io,cpopen/ibm-rpa-operator-bundle,1.4.0,sha256:1ae88bee3fd5951b7baa390dd6323c5b7c648c1d8a07e32a4933cd29969caaf6,IMAGE,linux,amd64,"",0,CASE,olm-bundle,""
icr.io,cpopen/ibm-rpa-operator,1.4.0,sha256:f89020ad61f85965878c907d5e03f08fc7c96479066272863d0f760bc1129b89,IMAGE,linux,amd64,"",0,CASE,"",""
cp.icr.io,cp/ibm-rpa-ui,1.4.0,sha256:efc059cf632a610171a7edc3be364feaeb7c75564d3136cb6b0f133644fef4cd,IMAGE,linux,amd64,"",0,CASE,"",""
cp.icr.io,cp/ibm-rpa-api,1.4.0,sha256:a38f4a9abdab42c7fbbc4ae245ef6ceb7622057cb509394d9df97cabf0c5dfab,IMAGE,linux,amd64,"",0,CASE,"",""
cp.icr.io,cp/ibm-rpa-abbyy,1.4.0,sha256:e022d53eec498d561719f0dccb16a910fa4567d90181611da69ec38d9408df69,IMAGE,linux,amd64,"",0,CASE,"",""
cp.icr.io,cp/ibm-rpa-minimal,1.4.0,sha256:edc659d79c9191ea424b564c69696d4ba8bf9e809a926b002fb44e6aece77007,IMAGE,linux,amd64,"",0,CASE,"",""
cp.icr.io,cp/ibm-rpa-antivirus-api,1.4.0,sha256:838763d23ed3b7bc265053907692cda64b1245a4f297784ad87297ef1dccac3a,IMAGE,linux,amd64,"",0,CASE,"",""
cp.icr.io,cp/ibm-rpa-antivirus-scanner,1.4.0,sha256:7f5be156ff38edbc8a9366a9f96b9441b97e8d658408a339aefb0a8c6f6367c5,IMAGE,linux,amd64,"",0,CASE,"",""
cp.icr.io,cp/ibm-rpa-nlp-model-bundle,1.4.0,sha256:e3dbcf1176873c0e4571cb1494c275587e6f7cbc70eef4cc4646150c56a9a901,IMAGE,linux,amd64,"",0,CASE,"",""
icr.io,cpopen/ibm-rpa-operator-bundle,1.3.1,sha256:620ea57ff761b1849855b3b26191cd7c98b6eb23e1d89ed30bd994842c695842,IMAGE,linux,amd64,"",0,CASE,olm-bundle,""
icr.io,cpopen/ibm-rpa-operator,1.3.1,sha256:69314135bdef4b6c7ea366448cd7e3778a3170bc967c58a7377df5d8c93e1739,IMAGE,linux,amd64,"",0,CASE,"",""
cp.icr.io,cp/ibm-rpa-ui,1.3.1,sha256:6fad16c8e549631a8dec0c66893448a6e620d21f912f2e4dfed08fdd72262794,IMAGE,linux,amd64,"",0,CASE,"",""
cp.icr.io,cp/ibm-rpa-api,1.3.1,sha256:41b6c5b01087c0e00ef8671f23530c44497badbbc06897876213aab4b0fb3650,IMAGE,linux,amd64,"",0,CASE,"",""
cp.icr.io,cp/ibm-rpa-abbyy,1.3.1,sha256:de6c24c919221e3e612fe00eb58f997b43d3dc29574094031e34c3495c95a85c,IMAGE,linux,amd64,"",0,CASE,"",""
cp.icr.io,cp/ibm-rpa-minimal,1.3.1,sha256:3ec711e595d6fea4078d15ef37214e8148a3ba1886a0a73f14bc6fa432066d26,IMAGE,linux,amd64,"",0,CASE,"",""
cp.icr.io,cp/ibm-rpa-antivirus-api,1.3.1,sha256:14906ecfe93b00702310ed68265fe522e37c1529dafd646306c7c08bea417cfc,IMAGE,linux,amd64,"",0,CASE,"",""
cp.icr.io,cp/ibm-rpa-antivirus-scanner,1.3.1,sha256:21a57ff873e3260525971f05b346fb4cc0b1c20ec89f53c40a345b19fca39cb5,IMAGE,linux,amd64,"",0,CASE,"",""
cp.icr.io,cp/ibm-rpa-nlp-model-bundle,1.3.1,sha256:cc22a1e611317b66d2155ba2b27670d9a2fc5819539a51ef006db71aba34819b,IMAGE,linux,amd64,"",0,CASE,"",""
icr.io,cpopen/ibm-rpa-operator-bundle,1.3.0,sha256:e7c4f83765d3dcac72e43aaacf78efbc26bd9a3c2419d4eaa0aaa8efade5058a,IMAGE,linux,amd64,"",0,CASE,olm-bundle,""
icr.io,cpopen/ibm-rpa-operator,1.3.0,sha256:4588724b25d4d6a0fcabeefee7b63bf078c80c5ef3ebde8ef4bd4dddc451080d,IMAGE,linux,amd64,"",0,CASE,"",""
cp.icr.io,cp/ibm-rpa-ui,1.3.0,sha256:7d58ad75ac514eea06392f20e36fcf60e8258faaf0ff524a4a03eaa6c814bd99,IMAGE,linux,amd64,"",0,CASE,"",""
cp.icr.io,cp/ibm-rpa-api,1.3.0,sha256:e91860442530ce1713fc03551a4fc9389fd241112a381b234188d8f69f0885e3,IMAGE,linux,amd64,"",0,CASE,"",""
cp.icr.io,cp/ibm-rpa-abbyy,1.3.0,sha256:3a418e8fbb3f2e95817a582b2591783e527741f0d8684d36d7fb8acd8603245a,IMAGE,linux,amd64,"",0,CASE,"",""
cp.icr.io,cp/ibm-rpa-minimal,1.3.0,sha256:a027bdba4f196d3d0c96c472de9e4e341eeb2c9127b688c413d9d75d26a93cc6,IMAGE,linux,amd64,"",0,CASE,"",""
cp.icr.io,cp/ibm-rpa-antivirus-api,1.3.0,sha256:4fa215d650adbd16f59900b484b91542f73781868ea7f3968981aab0fce1ff2b,IMAGE,linux,amd64,"",0,CASE,"",""
cp.icr.io,cp/ibm-rpa-antivirus-scanner,1.3.0,sha256:a52a466c4e59af76aecc4fa673bbaaaae16f0acbcb67e8ee20cfa5bf792f5648,IMAGE,linux,amd64,"",0,CASE,"",""
cp.icr.io,cp/ibm-rpa-nlp-model-bundle,1.3.0,sha256:c89fa47382244cb00e0cec6d86e428b88e7e0a29787125b317abe983d8810f8b,IMAGE,linux,amd64,"",0,CASE,"",""
icr.io,cpopen/ibm-rpa-operator-bundle,1.2.5,sha256:c50dffc5077fec4199dd88fec657adb8c546bc6e1f188bbc6721687719f256e8,IMAGE,linux,amd64,"",0,CASE,olm-bundle,""
icr.io,cpopen/ibm-rpa-operator,1.2.5,sha256:22aea2ee29b5b7ab0254f0dafbc26fe3abbfbd6bbc2c6a3d17d5476263d10b3c,IMAGE,linux,amd64,"",0,CASE,"",""
cp.icr.io,cp/ibm-rpa-ui,1.2.5,sha256:5c82d75dacf206a178ee98b286ea1b5df59ec8108913e832cb70142cf098965b,IMAGE,linux,amd64,"",0,CASE,"",""
cp.icr.io,cp/ibm-rpa-api,1.2.5,sha256:e236282e0ad4b08c5ac24e9d553159f98936d397b0ea2fa916aa1f5e19ca7916,IMAGE,linux,amd64,"",0,CASE,"",""
cp.icr.io,cp/ibm-rpa-abbyy,1.2.5,sha256:c33916c86243cb135683fa90f1b026f7521493b8089c264038ac84aa50a76552,IMAGE,linux,amd64,"",0,CASE,"",""
cp.icr.io,cp/ibm-rpa-minimal,1.2.5,sha256:27923fc12c673806bea7960a7a95db03c3c10eb44e4febaf37b391013a8bb88e,IMAGE,linux,amd64,"",0,CASE,"",""
cp.icr.io,cp/ibm-rpa-antivirus-api,1.2.5,sha256:7d75eb8a73b34fd841e86f37cadff63f34be9ac04b5c1be19c80d0987481fa75,IMAGE,linux,amd64,"",0,CASE,"",""
cp.icr.io,cp/ibm-rpa-antivirus-scanner,1.2.5,sha256:d794a037f6a253aceeb12ecb21412ef70ac73e1ed80af9fea81a09724485754b,IMAGE,linux,amd64,"",0,CASE,"",""
icr.io,cpopen/ibm-rpa-operator-bundle,1.2.4,sha256:439fb6047314e2af2dd7c9fd18668407c83ee62d93d9645672e0a00359d5cdcc,IMAGE,linux,amd64,"",0,CASE,olm-bundle,""
icr.io,cpopen/ibm-rpa-operator,1.2.4,sha256:a5c96d0be24300eb276f76a75aa4d2fd6ca7e4da580f3c2d5b3ba788620eb968,IMAGE,linux,amd64,"",0,CASE,"",""
cp.icr.io,cp/ibm-rpa-ui,1.2.4,sha256:55125f7a144ca1a9f6b1e0b5b05bbbbdf7fe2e4f79131375804fddd99db306ee,IMAGE,linux,amd64,"",0,CASE,"",""
cp.icr.io,cp/ibm-rpa-api,1.2.4,sha256:05d885b7ea0558b98065ac4a37ce52457c4a9f908e06e2050f1b7491a69f7e8d,IMAGE,linux,amd64,"",0,CASE,"",""
cp.icr.io,cp/ibm-rpa-abbyy,1.2.4,sha256:fa37653fda7dc83860ae068c891a420372402c66312fff194fd189c2972d182f,IMAGE,linux,amd64,"",0,CASE,"",""
cp.icr.io,cp/ibm-rpa-minimal,1.2.4,sha256:7504f312457442ba3dbf9ba5c5496c87fc3e394d722193123279bcfd42c71ef9,IMAGE,linux,amd64,"",0,CASE,"",""
cp.icr.io,cp/ibm-rpa-antivirus-api,1.2.4,sha256:26f82ba93474d2d0e23b9a560bdd2f521bdad265ffad573b4ad852bd065a8399,IMAGE,linux,amd64,"",0,CASE,"",""
cp.icr.io,cp/ibm-rpa-antivirus-scanner,1.2.4,sha256:c9ec259e84dfc2b88192a84b65e9070a7ced2dcd6d834d19f04f0a77303c5bfb,IMAGE,linux,amd64,"",0,CASE,"",""
icr.io,cpopen/ibm-rpa-operator-bundle,1.2.3,sha256:5ea8082528e77c512ae8ff72326ffcff6e318fb3050606bffdcaedcae3e60745,IMAGE,linux,amd64,"",0,CASE,olm-bundle,""
icr.io,cpopen/ibm-rpa-operator,1.2.3,sha256:4e2794211608cbe1d889034321b17db291ba08a6d8eb088d1b8d24fc71c9c5fb,IMAGE,linux,amd64,"",0,CASE,"",""
cp.icr.io,cp/ibm-rpa-ui,1.2.3,sha256:2fb1f4a65f10c4c312e4d760c484b240cae0ca707f846f87a5bff3385962cc61,IMAGE,linux,amd64,"",0,CASE,"",""
cp.icr.io,cp/ibm-rpa-api,1.2.3,sha256:e36b202848e66673932e479a075dbb43d239cc1058c0f49115e8fc7791924868,IMAGE,linux,amd64,"",0,CASE,"",""
cp.icr.io,cp/ibm-rpa-abbyy,1.2.3,sha256:797a2ef5b0d220870b18fa3cc6f988840361bcb7bece865e2edd6bb009db6b8d,IMAGE,linux,amd64,"",0,CASE,"",""
cp.icr.io,cp/ibm-rpa-minimal,1.2.3,sha256:d85f8039036816b43d0c26a73b62fbf107e012cb048c092dd8e510d5efa67491,IMAGE,linux,amd64,"",0,CASE,"",""
cp.icr.io,cp/ibm-rpa-antivirus-api,1.2.3,sha256:eeb1f1ae7ece24a17e5ffa0660a8865b40ae6b191dd4f9c64a94dcacd2effe67,IMAGE,linux,amd64,"",0,CASE,"",""
cp.icr.io,cp/ibm-rpa-antivirus-scanner,1.2.3,sha256:fefb9d9fdeb448dba140cb923a01f99923cc2b99ff6f71708b086960b2c03c36,IMAGE,linux,amd64,"",0,CASE,"",""
icr.io,cpopen/ibm-rpa-operator-bundle,1.2.2,sha256:73ee8b6cb2e5ef88e9b1b8f6fe70eb965b743434cc1f7461543b94dc3bd37219,IMAGE,linux,amd64,"",0,CASE,olm-bundle,""
icr.io,cpopen/ibm-rpa-operator,1.2.2,sha256:b70648848140e1361a3a93b03389d56741c9a89d47e919265553a98b36268def,IMAGE,linux,amd64,"",0,CASE,"",""
cp.icr.io,cp/ibm-rpa-ui,1.2.2,sha256:87da2cda00f684b592f539df0ff74938db0b631bee053cee3187185be98b9dea,IMAGE,linux,amd64,"",0,CASE,"",""
cp.icr.io,cp/ibm-rpa-api,1.2.2,sha256:95d52c0ebc32459923f63922e8d855b14f981e746d0400c4be326c1f3ead534a,IMAGE,linux,amd64,"",0,CASE,"",""
cp.icr.io,cp/ibm-rpa-abbyy,1.2.2,sha256:c069637db7b4a3bcf040e48b4621225ddceaf3a14a1bcfb5920412c2e988e59a,IMAGE,linux,amd64,"",0,CASE,"",""
cp.icr.io,cp/ibm-rpa-minimal,1.2.2,sha256:c5f69485ec0aeba0133de61534f4b4dbf79e21b971b0ea5deb0157eeb4dfa92f,IMAGE,linux,amd64,"",0,CASE,"",""
cp.icr.io,cp/ibm-rpa-antivirus-api,1.2.2,sha256:82aff65f54c38b64e1f02877c7ef08b64edf443d03963a1d4c4b417d3e2143ae,IMAGE,linux,amd64,"",0,CASE,"",""
cp.icr.io,cp/ibm-rpa-antivirus-scanner,1.2.2,sha256:e5784725463b23f05e43cc1d28e9bca9cb83eea162e107a770109f981dbec26e,IMAGE,linux,amd64,"",0,CASE,"",""
icr.io,cpopen/ibm-rpa-operator-bundle,1.2.1,sha256:fd781f11de66fa1c6f28021937c3af3e4fd15c8153049023a116a639999e6fd4,IMAGE,linux,amd64,"",0,CASE,olm-bundle,""
icr.io,cpopen/ibm-rpa-operator,1.2.1,sha256:fd7f3ff570b04afcaaf2e9fe0ed7e00b142360cb4fc1162d113cd4d1d0d3faf9,IMAGE,linux,amd64,"",0,CASE,"",""
cp.icr.io,cp/ibm-rpa-ui,1.2.1,sha256:4a7cfc978440e3923d257939b1c58bf6df81b4474056fb5d6ff91008a1e43951,IMAGE,linux,amd64,"",0,CASE,"",""
cp.icr.io,cp/ibm-rpa-api,1.2.1,sha256:3888d3e5ce0913d54274cf395b72aed4990f023ceab48c3b472782ede869100e,IMAGE,linux,amd64,"",0,CASE,"",""
cp.icr.io,cp/ibm-rpa-abbyy,1.2.1,sha256:12bc35ab5dddf910487ff67c4e8b69363e43c2ea991ebd8646675f1a97bedf6f,IMAGE,linux,amd64,"",0,CASE,"",""
cp.icr.io,cp/ibm-rpa-minimal,1.2.1,sha256:97cb145b4bad4e0af3ff0d1ac11a4f3dafd9beda2bf2e252fe50f40b26be2aa3,IMAGE,linux,amd64,"",0,CASE,"",""
cp.icr.io,cp/ibm-rpa-antivirus-api,1.2.1,sha256:0472bd3f8d482ff26dd6b3b9f8c1ae154498d8a8c4bdb1cde4e67463f96aebb2,IMAGE,linux,amd64,"",0,CASE,"",""
cp.icr.io,cp/ibm-rpa-antivirus-scanner,1.2.1,sha256:4ec3180d6f7ee468d55dd2e0d6ecb4619c9b0c0e98297b3a7b254685b00a1af8,IMAGE,linux,amd64,"",0,CASE,"",""
icr.io,cpopen/ibm-rpa-operator-bundle,1.2.0,sha256:0b81fc398b6633385f3d0db1c7c3065e90059abbf1898c475e85dbf2eecef71e,IMAGE,linux,amd64,"",0,CASE,olm-bundle,""
icr.io,cpopen/ibm-rpa-operator,1.2.0,sha256:74b7d9e649cb4a795f5c3a890a64e9efe6d33d744c2bdd2ca5c0e3837b488047,IMAGE,linux,amd64,"",0,CASE,"",""
cp.icr.io,cp/ibm-rpa-ui,1.2.0,sha256:14a5841db8508d41182d38cd567f45f6fa3c9c384c1a9b849ae10cc2cc691275,IMAGE,linux,amd64,"",0,CASE,"",""
cp.icr.io,cp/ibm-rpa-api,1.2.0,sha256:0cc32c34390fb1588460dcd58ae63e95b3bcbd8a7a34eeb2990aa84ac6dbe957,IMAGE,linux,amd64,"",0,CASE,"",""
cp.icr.io,cp/ibm-rpa-abbyy,1.2.0,sha256:52686b71c51550f9a420c75cac7578ebaf68646c2d4255cb16bfe70dff1d959a,IMAGE,linux,amd64,"",0,CASE,"",""
cp.icr.io,cp/ibm-rpa-minimal,1.2.0,sha256:dbe3b23e5e996314517ebcdb125b6fa5ca3e025efb5a2a7a6982a9d0b60e677a,IMAGE,linux,amd64,"",0,CASE,"",""
cp.icr.io,cp/ibm-rpa-antivirus-api,1.2.0,sha256:a070b50552b3c5aecb2921feb2afb8170deac37382e7d00d671627971bfd0673,IMAGE,linux,amd64,"",0,CASE,"",""
cp.icr.io,cp/ibm-rpa-antivirus-scanner,1.2.0,sha256:c155f89d445f79f82c8783ddc45efdfa8815ec16ceef52038bbe356fe7772ff2,IMAGE,linux,amd64,"",0,CASE,"",""
icr.io,cpopen/ibm-rpa-operator-bundle,1.1.1,sha256:87aab9e0629a4ea2bc92f3cd93ee8dc8df13dfac57fa971502f3285a119f5849,IMAGE,linux,amd64,"",0,CASE,olm-bundle,""
icr.io,cpopen/ibm-rpa-operator,1.1.1,sha256:3b6ea64738babdb60ce0bbf1bd1997b62d98b13ee531298b4e081c7fa0318fee,IMAGE,linux,amd64,"",0,CASE,"",""
cp.icr.io,cp/ibm-rpa-ui,1.1.1,sha256:e3c3fa909e8f2cd30aeef4872006a013d8f87ac9b23d5619528eac4e656eb5dd,IMAGE,linux,amd64,"",0,CASE,"",""
cp.icr.io,cp/ibm-rpa-api,1.1.1,sha256:df54e6cc27480da3e19784b19ce4a75428bc9e8f41204170c83c8b98143488d5,IMAGE,linux,amd64,"",0,CASE,"",""
cp.icr.io,cp/ibm-rpa-abbyy,1.1.1,sha256:7433bcc6befc85ecf62c462a16004665406162cd0cd320f07065239f127a80c0,IMAGE,linux,amd64,"",0,CASE,"",""
cp.icr.io,cp/ibm-rpa-minimal,1.1.1,sha256:325866e7fc88493fd56b5140fe57117916fd3642a93174af09b4bfd501693647,IMAGE,linux,amd64,"",0,CASE,"",""
cp.icr.io,cp/ibm-rpa-antivirus-api,1.1.1,sha256:85578ff823bcd9f9e2b0abc00f3853d9d55b96ce00af58267c80866295d1173c,IMAGE,linux,amd64,"",0,CASE,"",""
cp.icr.io,cp/ibm-rpa-antivirus-scanner,1.1.1,sha256:cbd115dc73e48fab46146c2c76eecddf9d5597b31533ca787727fdf7442f237e,IMAGE,linux,amd64,"",0,CASE,"",""
icr.io,cpopen/ibm-rpa-operator-bundle,1.1.0,sha256:78c25d0b6d6ecf0f5318926b4ffdbc5b27d776cd023bde34a3ec8ddff734b971,IMAGE,linux,amd64,"",0,CASE,olm-bundle,""
icr.io,cpopen/ibm-rpa-operator,1.1.0,sha256:6cfc8e8dd7f4f7ba656242380de1e286a9f05255f927099f5cfd55211fe889a4,IMAGE,linux,amd64,"",0,CASE,"",""
cp.icr.io,cp/ibm-rpa-ui,1.1.0,sha256:161119de720bbf8dc12bd7eccba44ba90194f3e5a93bed84c72831e9942ddead,IMAGE,linux,amd64,"",0,CASE,"",""
cp.icr.io,cp/ibm-rpa-api,1.1.0,sha256:e1b51ab0bd4e9807389dba3b88833873d3e590ee301672593b99ef6c67c709d1,IMAGE,linux,amd64,"",0,CASE,"",""
cp.icr.io,cp/ibm-rpa-abbyy,1.1.0,sha256:6b8a2bd457a007fe071d87cf2e6c3a94c2c84b27d9b4bec6667b7c4155195293,IMAGE,linux,amd64,"",0,CASE,"",""
cp.icr.io,cp/ibm-rpa-minimal,1.1.0,sha256:b09f4aa8ac96069e62058d45a9eb819ef67834803cd6bea570761024859e71fa,IMAGE,linux,amd64,"",0,CASE,"",""
cp.icr.io,cp/ibm-rpa-antivirus-api,1.1.0,sha256:cd4517adf67a0948079f1dd2414a7d7943a1d2220a94418951610a35aad7552d,IMAGE,linux,amd64,"",0,CASE,"",""
cp.icr.io,cp/ibm-rpa-antivirus-scanner,1.1.0,sha256:e10144cabca15a834fad3d63dc6ecc033eca73dac4a31ac69d49cdb3d1683046,IMAGE,linux,amd64,"",0,CASE,"",""
icr.io,cpopen/ibm-rpa-operator-bundle,1.0.0,sha256:cb95cd054f232c8a05f55b52fe5a7de4a60983cc001b1fa7fde122842df503d4,IMAGE,linux,amd64,"",0,CASE,olm-bundle,""
icr.io,cpopen/ibm-rpa-operator,1.0.0,sha256:00b17a807e77b2f9f7fd7b72b5013855aa31ca2808e4919dd2657a17a4932695,IMAGE,linux,amd64,"",0,CASE,"",""
cp.icr.io,cp/ibm-rpa-ui,1.0.0,sha256:5dc545a48ef31d62b4c0799f17ea1fa5d4f9d7f53d9008906b5b62e2a4c470b8,IMAGE,linux,amd64,"",0,CASE,"",""
cp.icr.io,cp/ibm-rpa-api,1.0.0,sha256:449a4517aec7743f9c8b7378d3de20bef91cf0c1a628670df07f45cfbad04ffc,IMAGE,linux,amd64,"",0,CASE,"",""
cp.icr.io,cp/ibm-rpa-abbyy,1.0.0,sha256:a5013c8d8bdd8e2777bb9718a7db71834864e4135624674b3f8c0b8958f7fc31,IMAGE,linux,amd64,"",0,CASE,"",""
cp.icr.io,cp/ibm-rpa-minimal,1.0.0,sha256:a3707d79240292289710b96244f2af65cf8fef0dc1d13c6ca57a3443f7e8f654,IMAGE,linux,amd64,"",0,CASE,"",""
