registry,image_name,tag,digest,mtype,os,arch,variant,insecure,digest_source,image_type,groups
icr.io,cpopen/ibm-commonui-operator,1.18.1,sha256:69548a36438189201acd47ec989613286445706fa8d618c291310bd66e0f5afa,LIST,"","","",0,CASE,"",""
icr.io,cpopen/ibm-commonui-operator,1.18.1-amd64,sha256:45af5fcec3e91bd44e90099a9fd6421fa59329fed235011b6dbbb743d86e4c10,IMAGE,linux,amd64,"",0,CASE,"",""
icr.io,cpopen/ibm-commonui-operator,1.18.1-ppc64le,sha256:9707c91f14b810fc8f2de1f7d832f2953671ee76fab22caaab2fa25fa9b79c63,IMAGE,linux,ppc64le,"",0,CASE,"",""
icr.io,cpopen/ibm-commonui-operator,1.18.1-s390x,sha256:6186d6d9887a7a65cb508d51e1d39b51c78611ce6134e5e67869fe2eaa79b692,IMAGE,linux,s390x,"",0,CASE,"",""
icr.io,cpopen/cpfs/common-web-ui,1.18.1,sha256:484d423727c8d18877fe06ba2f72f9c34b930ddb7ed479f70bc3e6221797be2e,LIST,"","","",0,CASE,"",""
icr.io,cpopen/cpfs/common-web-ui,1.18.1-amd64,sha256:cd5db7be83b5a778d7fb66b2ae9d8cbb1ca3cbb924b40779a2393258e1d7f9e5,IMAGE,linux,amd64,"",0,CASE,"",""
icr.io,cpopen/cpfs/common-web-ui,1.18.1-ppc64le,sha256:56edc71c0fc744d9dfb75bc2529ec811e28f670a0e93b5e3bf921231015b6c60,IMAGE,linux,ppc64le,"",0,CASE,"",""
icr.io,cpopen/cpfs/common-web-ui,1.18.1-s390x,sha256:30001ba5d06867cd5fcee761ba9d38bd4335d0f504e3deea20cda2558baf42e9,IMAGE,linux,s390x,"",0,CASE,"",""
