registry,image_name,tag,digest,mtype,os,arch,variant,insecure,digest_source,image_type,groups
icr.io,cpopen/ibm-events-operator,4.2.1,sha256:1ac2659319076b49cc7f659110f739224eedde45ceb3e61ad2ea97a63cc45225,LIST,"","","",0,CASE,"",""
icr.io,cpopen/ibm-events-operator,4.2.1-amd64,sha256:d0d91278199127cfe78c9e4d595e67620c2b0db895e72c9de7bf8b653ef40306,IMAGE,linux,amd64,"",0,CASE,"",""
icr.io,cpopen/ibm-events-operator,4.2.1-ppc64le,sha256:85edb3ef5cb08b61a28847b500e3388b9e1c1bed994b0a76c0daa89273585daf,IMAGE,linux,ppc64le,"",0,CASE,"",""
icr.io,cpopen/ibm-events-operator,4.2.1-s390x,sha256:f4b2369397b4f6dd39773782eac10a72ffd61ccc523d2adeeebf8222749efa9e,IMAGE,linux,s390x,"",0,CASE,"",""
icr.io,cpopen/cpfs/ibm-events-kafka-3.2.0,4.2.1,sha256:6eab4c8aecb7d5d6a391d8ed9b79405d9199ded12474a18f76e8eb16426ea2ef,LIST,"","","",0,CASE,"",""
icr.io,cpopen/cpfs/ibm-events-kafka-3.2.0,4.2.1-amd64,sha256:85bbf41a631e5a5e399624051a923fdeb3fd7033d667e14d294185f8dfe3ce49,IMAGE,linux,amd64,"",0,CASE,"",""
icr.io,cpopen/cpfs/ibm-events-kafka-3.2.0,4.2.1-ppc64le,sha256:3b4e6122aca4cd1676d15712bcc31fc3e2ddf31b12dcbe2d041a6e51e939e3ca,IMAGE,linux,ppc64le,"",0,CASE,"",""
icr.io,cpopen/cpfs/ibm-events-kafka-3.2.0,4.2.1-s390x,sha256:d44f4f66d47e3e8500bb4c247c9556823ec91ff7d70bbc9cc2561966a371bb06,IMAGE,linux,s390x,"",0,CASE,"",""
