registry,image_name,tag,digest,mtype,os,arch,variant,insecure,digest_source,image_type,groups
icr.io,cpopen/ibm-auditlogging-operator,3.22.0,sha256:fedde38db1a78abefcc791dab8fc9f8ae2a38de04e0a83ff5a9a6a754c152a85,LIST,"","","",0,CASE,"",""
icr.io,cpopen/ibm-auditlogging-operator,3.22.0-amd64,sha256:25e92894ef8ef4560557935f339bf833794948c14ddcd6d70a758a571496a624,IMAGE,linux,amd64,"",0,CASE,"",""
icr.io,cpopen/ibm-auditlogging-operator,3.22.0-ppc64le,sha256:ed8bc942e1c788ba29c0dd3594ac56cce4e1540086ff4dd3c2930add0dcad8a6,IMAGE,linux,ppc64le,"",0,CASE,"",""
icr.io,cpopen/ibm-auditlogging-operator,3.22.0-s390x,sha256:627fd308fcd91d36393854217b667528457d94366e9627caddba17fc15b6b86e,IMAGE,linux,s390x,"",0,CASE,"",""
icr.io,cpopen/cpfs/audit-syslog-service,1.10.1,sha256:efc7014f285445acdc3899953629a14aa7ec291abf2d50c8f9dac0f082f35600,LIST,"","","",0,CASE,"",""
icr.io,cpopen/cpfs/audit-syslog-service,1.10.1-amd64,sha256:ed2d0e59e0e7d60813912b7e91633b178d7a2bf535db1df4aef3910ba7976d0c,IMAGE,linux,amd64,"",0,CASE,"",""
icr.io,cpopen/cpfs/audit-syslog-service,1.10.1-ppc64le,sha256:9bcd6dec62519869dd2d945ae5de5b5b50895bc829fb93822b7c62f4422f67f4,IMAGE,linux,ppc64le,"",0,CASE,"",""
icr.io,cpopen/cpfs/audit-syslog-service,1.10.1-s390x,sha256:79c80b23d4492796bbd9ba4fe9b5de73c9f4d40ab6ccef1fd2e8920f495ded1a,IMAGE,linux,s390x,"",0,CASE,"",""
icr.io,cpopen/cpfs/fluentd,v1.14.5-bedrock-4,sha256:b9460dbf8b9c2e68ad4bb1a7be3f5c9a4beb0b8be579ab2939c42188c60440e0,LIST,"","","",0,CASE,"",""
icr.io,cpopen/cpfs/fluentd,v1.14.5-bedrock-4-amd64,sha256:afb70b0c8cd6c43f74c420afa9f56850586c37902f4ba86217f227357d94c972,IMAGE,linux,amd64,"",0,CASE,"",""
icr.io,cpopen/cpfs/fluentd,v1.14.5-bedrock-4-ppc64le,sha256:31d32bc92acebee8ddc86bc7dd5f38221952d6b4d95b0ecc25d804c571408a9d,IMAGE,linux,ppc64le,"",0,CASE,"",""
icr.io,cpopen/cpfs/fluentd,v1.14.5-bedrock-4-s390x,sha256:45a0cfe7c8bda777626f9889bce43e1c319c93175bb0ab69eea281430e258754,IMAGE,linux,s390x,"",0,CASE,"",""
icr.io,cpopen/cpfs/audit-policy-controller,3.15.1,sha256:0ecec2f0a74366b2a7ada33bc6cca768f8f15358e511d8a8e978c9f7a4d4079d,LIST,"","","",0,CASE,"",""
icr.io,cpopen/cpfs/audit-policy-controller,3.15.1-amd64,sha256:c575275c22eda6f62fb10bd2a645f9d11abfcafa0c527555402e4461cee4d3de,IMAGE,linux,amd64,"",0,CASE,"",""
icr.io,cpopen/cpfs/audit-policy-controller,3.15.1-ppc64le,sha256:d29b56000bc80abfe39153e4070c0a8b0102a818c1e75cf5682bb9f598fda3c3,IMAGE,linux,ppc64le,"",0,CASE,"",""
icr.io,cpopen/cpfs/audit-policy-controller,3.15.1-s390x,sha256:a7ab37a2c5914e0b83f79cbdbd1e8630a5e29bb7398b0d5b51a39f8306168a87,IMAGE,linux,s390x,"",0,CASE,"",""
icr.io,cpopen/cpfs/audit-garbage-collector,1.10.1,sha256:8afd14d08325d72badeabeb1dcd37c7eed637d354aba88cb1709fe89a2cabfab,LIST,"","","",0,CASE,"",""
icr.io,cpopen/cpfs/audit-garbage-collector,1.10.1-amd64,sha256:efe27480de7296bf0d9b71e5991f5cd88e5cf37f578b4ad03f750a2aa4226545,IMAGE,linux,amd64,"",0,CASE,"",""
icr.io,cpopen/cpfs/audit-garbage-collector,1.10.1-ppc64le,sha256:6f4ed4f9c07db55ed21e1a8b6ec32787c340bae616f0240c7d874831640d72e8,IMAGE,linux,ppc64le,"",0,CASE,"",""
icr.io,cpopen/cpfs/audit-garbage-collector,1.10.1-s390x,sha256:c711e2bcaff8506d5ee7a6fd97d83231139021bfa00127b1da116896e93a67c3,IMAGE,linux,s390x,"",0,CASE,"",""
