registry,image_name,tag,digest,mtype,os,arch,variant,insecure,digest_source,image_type,groups
icr.io,cpopen/ibm-cpd-cloud-native-postgresql-operator,1.15.1,sha256:01bfdf40764c47db948c68dab2364b22c586f16a0300dac315c0e0e9af86fea4,LIST,"","","",0,CASE,"",ibmEdbEnterprise;ibmEdbStandard
icr.io,cpopen/ibm-cpd-cloud-native-postgresql-operator,1.15.1-amd64,sha256:4a1c045d9ec3862f3fa1fb473be4322a6293e9787a08e8f9f830ac4452cafe67,IMAGE,linux,amd64,"",0,CASE,"",ibmEdbEnterprise;ibmEdbStandard
icr.io,cpopen/ibm-cpd-cloud-native-postgresql-operator,1.15.1-ppc64le,sha256:0765e3fc5aabe11087564e0d9312fb5ab850fcde2fe8822386c05a8814892470,IMAGE,linux,ppc64le,"",0,CASE,"",ibmEdbEnterprise;ibmEdbStandard
icr.io,cpopen/ibm-cpd-cloud-native-postgresql-operator,1.15.1-s390x,sha256:9d7784aa1fbc4777b7b29d51608f21ef9dfa7284216eeb58247af6c0b32a4e91,IMAGE,linux,s390x,"",0,CASE,"",ibmEdbEnterprise;ibmEdbStandard
icr.io,cpopen/ibm-cpd-cloud-native-postgresql-operator-bundle,464,sha256:f0139b7be4eff8c4d7c18710b6837c68d9710bbae85c5d7e13f44f16dc53daa9,IMAGE,linux,amd64,"",0,CASE,olm-bundle,ibmEdbEnterprise;ibmEdbStandard
icr.io,cpopen/ibm-cpd-cloud-native-postgresql-operator-catalog,464,sha256:4b09002a8a9f0f6832c3f21cf0e6a129274279e4f72907b5faec58b4d3100411,LIST,"","","",0,CASE,olm-catalog,ibmEdbEnterprise;ibmEdbStandard
icr.io,cpopen/ibm-cpd-cloud-native-postgresql-operator-catalog,464-amd64,sha256:c4e53008f09f0215f9c161fdf79929a8cc46539a915a1100d4709af7bf8cbe91,IMAGE,linux,amd64,"",0,CASE,olm-catalog,ibmEdbEnterprise;ibmEdbStandard
icr.io,cpopen/ibm-cpd-cloud-native-postgresql-operator-catalog,464-ppc64le,sha256:ac791259a6cbc280b32e1cc00f2041f28049bb2d0d302cb87562d1084be6f8f9,IMAGE,linux,ppc64le,"",0,CASE,olm-catalog,ibmEdbEnterprise;ibmEdbStandard
icr.io,cpopen/ibm-cpd-cloud-native-postgresql-operator-catalog,464-s390x,sha256:ef58cfb19eb380c7b35447a9f59dd06948cee6de4fdd99d377a3a2c7bfb15340,IMAGE,linux,s390x,"",0,CASE,olm-catalog,ibmEdbEnterprise;ibmEdbStandard
cp.icr.io,cp/cpd/edb-postgres-license-provider,255,sha256:607231e7337608278220853bd0bb04002488a6e74d4418752b1720133daef036,LIST,"","","",0,CASE,"",ibmEdbEnterprise;ibmEdbStandard
cp.icr.io,cp/cpd/edb-postgres-license-provider,255-amd64,sha256:d7d4967a567972dc6dbe59b772c89e619d1ae9bdfc77d72ce5b3de394d2b5d03,IMAGE,linux,amd64,"",0,CASE,"",ibmEdbEnterprise;ibmEdbStandard
cp.icr.io,cp/cpd/edb-postgres-license-provider,255-s390x,sha256:e304904c0bf363f40b395c78e99d488273bd2f32cde61b8c34dbb10b33f04aa0,IMAGE,linux,s390x,"",0,CASE,"",ibmEdbEnterprise;ibmEdbStandard
cp.icr.io,cp/cpd/edb-postgres-license-provider,255-ppc64le,sha256:7ed50a15eca182caa0cc9238eb8d10abc0124448622eae17d3d59b1e3151c0b7,IMAGE,linux,ppc64le,"",0,CASE,"",ibmEdbEnterprise;ibmEdbStandard
cp.icr.io,cp/cpd/wd-postgres-license,0.0.1-a7dae0a,sha256:4d8d0ecd31d04e15f757ffda74101ef5bd7fb5789db1ffcef892e961ef312ebf,IMAGE,linux,amd64,"",0,CASE,"",ibmEdbEnterprise;ibmEdbStandard
cp.icr.io,cp/cpd/postgresql,12.11-4.5.0,sha256:c1e9df1afcaa8817da58f109457e435064372a8ec17512643375a2ae7403a9bd,LIST,"","","",0,CASE,"",""
cp.icr.io,cp/cpd/postgresql,12.11-4.5.0-amd64,sha256:3f7586299ed76f37a7ad58c0f7c28d691a11d3bf4785e399251e952401620df9,IMAGE,linux,amd64,"",0,CASE,"",""
cp.icr.io,cp/cpd/postgresql,12.11-4.5.0-ppc64le,sha256:84b45ac1c21083078d951a6bb2a991cc87d723d74212f793327565b0416009ed,IMAGE,linux,ppc64le,"",0,CASE,"",""
cp.icr.io,cp/cpd/postgresql,12.11-4.5.0-s390x,sha256:83831f490b8ca333bad410c108716407b65e5920f23ce2e5746db1b2f7b97942,IMAGE,linux,s390x,"",0,CASE,"",""
cp.icr.io,cp/cpd/postgresql,13.7-4.5.0,sha256:e05434bfdb4b306fbc2e697112e1343907e368eb5f348c1779562d31b9f32ac5,LIST,"","","",0,CASE,"",""
cp.icr.io,cp/cpd/postgresql,13.7-4.5.0-amd64,sha256:06fb9504b2157855364b17c2a81d9da52a693cf7a1eea9a1decd86c914150ffc,IMAGE,linux,amd64,"",0,CASE,"",""
cp.icr.io,cp/cpd/postgresql,13.7-4.5.0-ppc64le,sha256:72bde524a6ff7c5fb9bcf6b24832e6fb07bb07915d5742e764859f59128d32ef,IMAGE,linux,ppc64le,"",0,CASE,"",""
cp.icr.io,cp/cpd/postgresql,13.7-4.5.0-s390x,sha256:334a7add076727ae8cc0cde73f72f722e5e0c3d40756a2db6624d1ceff7b70a1,IMAGE,linux,s390x,"",0,CASE,"",""
cp.icr.io,cp/cpd/edb-postgres-advanced,13.7,sha256:4df0d847f515fac23586d638053e2fbe69a7710a1577301cf33617bc95748101,LIST,"","","",0,CASE,"",ibmEdbEnterprise;ibmEdbEnterprise
cp.icr.io,cp/cpd/edb-postgres-advanced,13.7-amd64,sha256:d6d75ffe410e4acaa705e21a58fd01b56ee2ab355a1fbf8bdb33d565f06f51f9,IMAGE,linux,amd64,"",0,CASE,"",ibmEdbEnterprise;ibmEdbEnterprise
cp.icr.io,cp/cpd/edb-postgres-advanced,13.7-ppc64le,sha256:5aa69dcd5eb9475e0a76a4b35ddff3e9e2b1c8eb74a54d04f73778e71295ec99,IMAGE,linux,ppc64le,"",0,CASE,"",ibmEdbEnterprise;ibmEdbEnterprise
cp.icr.io,cp/cpd/edb-postgres-advanced,13.7-s390x,sha256:46c82458b8da398c243f7951d91de648b9e2a898c3838044e2a0a5b08c4b9db3,IMAGE,linux,s390x,"",0,CASE,"",ibmEdbEnterprise;ibmEdbEnterprise
cp.icr.io,cp/cpd/edb-postgres-advanced,12.11,sha256:94ee0bfb843ced4a43e766ee5396049e3198de575ec548aadf272d74546aa967,LIST,"","","",0,CASE,"",ibmEdbEnterprise;ibmEdbEnterprise
cp.icr.io,cp/cpd/edb-postgres-advanced,12.11-amd64,sha256:fb54e0cd2b94bdd618e675ab41f72e445d20112b5003d8966910e5f538962c0c,IMAGE,linux,amd64,"",0,CASE,"",ibmEdbEnterprise;ibmEdbEnterprise
cp.icr.io,cp/cpd/edb-postgres-advanced,12.11-ppc64le,sha256:3f8ea564f514433376a8099019f3d93ae21f70a376083af68b84ed99d11bebc8,IMAGE,linux,ppc64le,"",0,CASE,"",ibmEdbEnterprise;ibmEdbEnterprise
cp.icr.io,cp/cpd/edb-postgres-advanced,12.11-s390x,sha256:bd337815263bef06a87ce86e2682234a1312d912c6692cd8030ed73ae45a7861,IMAGE,linux,s390x,"",0,CASE,"",ibmEdbEnterprise;ibmEdbEnterprise
