<trigger-definitions>
	<grcTrigger name="Metric Value Notification" event="update.object" position="PRE">
		<rule class="com.ibm.openpages.api.trigger.oob.DetectPropertyChangeRule" >
			<attribute name="content.type" value="MetricValue" />
			<attribute name="fields" value="MRG-MetricVal:Value Date"/>
			<attribute name="check.for" value="any"/>
		</rule>
		<eventHandler class="com.ibm.openpages.ext.bofa.trigger.handler.MetricDateValueNotificationHandler">
			<attribute name="model.owner.field.name" value="MRG-Model:Model Owner" />
			<attribute name="model.receive.notification.field.name" value="BOFA-Mod:Notify"/>
			<attribute name="model.receive.notification.value.check" value="No"/>
			<attribute name="model.delegate.user.field.name" value="BOFA-Mod:NotifyUsr"/>
			<attribute name="branch.status.field.name" value="MRG-Metric-Shared:Breach Status" />
			<attribute name="yellow.threshold.field.name" value="MRG-Metric-Shared:Yellow Threshold" />
			<attribute name="red.threshold.field.name" value="MRG-Metric-Shared:Red Threshold" />
			<attribute name="metric.value.field.name" value="MRG-MetricVal:Value" />
			<attribute name="detail.description.field.name" value="MRG-MetricVal:DetDesc" />
			<attribute name="value.date.field.name" value="MRG-MetricVal:Value Date" />
			<attribute name="date.format" value="MM-dd-yyyy HH:mm:ss" />
			<attribute name="from.email.address" value="openpages@bofa.com" />
			<attribute name="email.subject" value="Metric Value Date Updated" />
			<attribute name="email.body.app.string" value="bofa.metric.value.update.notification.email.body.msg"></attribute>
		</eventHandler>
	</grcTrigger>
</trigger-definitions>