<?xml version="1.0" encoding="UTF-8"?>
<trigger-definitions>
	<grcTrigger name="ModelEmployeeTrigger - CREATE" event="create.object" position="PRE">
		<rule class="com.ibm.openpages.ext.bac.triggers.rules.BetterFolderMatchRule">
			<attribute name="scope" value="recursive"/>
			<attribute name="folder.path" value="/_op_sox/Project/Default/ICDocumentation/Models"/>
		</rule>
		<eventHandler class="com.ibm.openpages.ext.bofa.trigger.handler.ModelEmployeeHandler">
			<attribute name="registry.setting.trigger.enabled" value="/OpenPages/Custom Deliverables/Triggers/ModelEmployee/Enabled"/>
			<attribute name="model.designated.model.owner.field.name" value="BOFA-Mod-Intra:DsgModOwn" />
			<attribute name="employee.query" value="SELECT [Employee].[Resource ID] FROM [Employee] WHERE [Employee].[OPSS-Emp:Employee Account]=?" />
			<attribute name="fields.to.set" value="BOFA-Employee:MOLob=BOFA-Mod-Intra:MOLob|BOFA-Employee:DevLOB=BOFA-Mod-Intra:DevLOB|BOFA-Employee:OwnLOB=BOFA-Mod-Intra:OwnLOB|BOFA-Employee:MOSLob=BOFA-Mod-Intra:MOSLob|BOFA-Employee:MODiv=BOFA-Mod-Intra:MODiv|BOFA-Employee:MOSDiv=BOFA-Mod-Intra:MOSDiv" />
			<attribute name="no.records.found.string" value=""/>
		</eventHandler>
	</grcTrigger>
	<grcTrigger name="ModelEmployeeTrigger - UPDATE" event="update.object" position="PRE">
		<rule class="com.ibm.openpages.api.trigger.oob.DetectPropertyChangeRule">
			<attribute name="content.type" value="Model"/>
			<attribute name="fields" value="BOFA-Mod-Intra:DsgModOwn"/>
			<attribute name="check.for" value="any"/>
		</rule>
		<eventHandler class="com.ibm.openpages.ext.bofa.trigger.handler.ModelEmployeeHandler">
			<attribute name="registry.setting.trigger.enabled" value="/OpenPages/Custom Deliverables/Triggers/ModelEmployee/Enabled"/>
			<attribute name="model.designated.model.owner.field.name" value="BOFA-Mod-Intra:DsgModOwn" />
			<attribute name="employee.query" value="SELECT [Employee].[Resource ID] FROM [Employee] WHERE [Employee].[OPSS-Emp:Employee Account]=?" />
			<attribute name="fields.to.set" value="BOFA-Employee:MOLob=BOFA-Mod-Intra:MOLob|BOFA-Employee:DevLOB=BOFA-Mod-Intra:DevLOB|BOFA-Employee:OwnLOB=BOFA-Mod-Intra:OwnLOB|BOFA-Employee:MOSLob=BOFA-Mod-Intra:MOSLob|BOFA-Employee:MODiv=BOFA-Mod-Intra:MODiv|BOFA-Employee:MOSDiv=BOFA-Mod-Intra:MOSDiv" />
			<attribute name="no.records.found.string" value=""/>
		</eventHandler>
	</grcTrigger>
</trigger-definitions>
