<?xml version="1.0" encoding="UTF-8"?>
<openpagesConfiguration xmlFormatVersion="1.31">
	<applicationStringKeyCategories>
		<applicationStringKeyCategory name="Custom" description="Custom"/>
	</applicationStringKeyCategories>
	<applicationStringKeys>
		<applicationStringKey name="com.boa.employee.hierarchy.trigger.error.missing.setting" description="" enabled="true" category="Custom" value="Missing registry setting: {0}." suppliedByVendor="true" overriddenByUser="false"/>
		<applicationStringKey name="com.boa.employee.hierarchy.trigger.error.bad.setting" description="" enabled="true" category="Custom" value="Bad configuration setting: {0}." suppliedByVendor="true" overriddenByUser="false"/>
		<applicationStringKey name="com.boa.employee.hierarchy.trigger.error.general.failure" description="" enabled="true" category="Custom" value="An error occurred while the Employee Hierarchy Trigger was processing." suppliedByVendor="true" overriddenByUser="false"/>
	</applicationStringKeys>
</openpagesConfiguration>
