<?xml version="1.0" encoding="UTF-8"?>
<trigger-definitions>
	<grcTrigger name="EmployeeHierarchyTrigger - CREATE" event="create.object" position="PRE">
		<rule class="com.ibm.openpages.ext.bac.triggers.rules.BetterFolderMatchRule">
			<attribute name="scope" value="recursive"/>
			<attribute name="folder.path" value="/_op_sox/Project/Default/ICDocumentation/Models"/>
		</rule>
		<eventHandler class="com.ibm.openpages.ext.bac.triggers.handlers.EmployeeHierarchyTriggerHandler">
			<attribute name="registry.setting.trigger.enabled" value="/OpenPages/Custom Deliverables/Triggers/EmployeeHierarchyTrigger/Enabled"/>
			<attribute name="root.entity.path" value="/Library"/>
			<attribute name="employee.employee.account.field.name" value="OPSS-Emp:Employee Account"/>
			<attribute name="employee.first.name.field.name" value="OPSS-Emp:First Name"/>
			<attribute name="employee.last.name.field.name" value="OPSS-Emp:Last Name"/>
			<attribute name="employee.lob.field.name" value="BOFA-Employee:hierarchy"/>
			<attribute name="employee.model.area.field.name" value="BOFA-Employee:ModArea"/>
			<attribute name="lob.mapping.1" value=" MRG-Model:Developer, BOFA-Mod:MD_Hier"/>
			<attribute name="lob.mapping.2" value="MRG-Model:Model Owner, BOFA-Mod:MO_Hier"/>
			<attribute name="model.area.mapping.1" value="MRG-Model:Developer, BOFA-Mod:ModArea "/>
			<attribute name="no.records.found.string" value="No Matching Records Found"/>
			<attribute name="employee.lob.entry.mask" value="%LN%, %FN% (%NBKID%) : %LOB%"/>
		</eventHandler>
	</grcTrigger>
	<grcTrigger name="EmployeeHierarchyTrigger - UPDATE" event="update.object" position="PRE">
		<rule class="com.ibm.openpages.api.trigger.oob.DetectPropertyChangeRule">
			<attribute name="content.type" value="Model"/>
			<attribute name="fields" value="MRG-Model:Developer,MRG-Model:Model Owner"/>
			<attribute name="check.for" value="any"/>
		</rule>
		<eventHandler class="com.ibm.openpages.ext.bac.triggers.handlers.EmployeeHierarchyTriggerHandler">
			<attribute name="registry.setting.trigger.enabled" value="/OpenPages/Custom Deliverables/Triggers/EmployeeHierarchyTrigger/Enabled"/>
			<attribute name="root.entity.path" value="/Library"/>
			<attribute name="employee.employee.account.field.name" value="OPSS-Emp:Employee Account"/>
			<attribute name="employee.first.name.field.name" value="OPSS-Emp:First Name"/>
			<attribute name="employee.last.name.field.name" value="OPSS-Emp:Last Name"/>
			<attribute name="employee.lob.field.name" value="BOFA-Employee:hierarchy"/>
			<attribute name="employee.model.area.field.name" value="BOFA-Employee:ModArea"/>
			<attribute name="lob.mapping.1" value=" MRG-Model:Developer, BOFA-Mod:MD_Hier"/>
			<attribute name="lob.mapping.2" value="MRG-Model:Model Owner, BOFA-Mod:MO_Hier"/>
			<attribute name="model.area.mapping.1" value="MRG-Model:Developer, BOFA-Mod:ModArea "/>
			<attribute name="no.records.found.string" value="No Matching Records Found"/>
			<attribute name="employee.lob.entry.mask" value="%LN%, %FN% (%NBKID%) : %LOB%"/>
		</eventHandler>
	</grcTrigger>
</trigger-definitions>
