<?xml version="1.0" encoding="UTF-8"?>

<openpagesConfiguration xmlFormatVersion="1.31">
    <systemInformation name="IBMWIN16"
                       retrievalDate="Thu Oct 21 23:43:52 EDT 2021"
                       openpages="10.2.0.2 (Build: 8.2.0.2-121 2021/03/15 22:14:05)"
                       systemAdminMode="false"/>
    <systemAdminMode enabled="false"/>
    <applicationStringKeyCategories>
        <applicationStringKeyCategory name="Custom"
                                      description="Custom"/>
    </applicationStringKeyCategories>
    <applicationStringKeys>
        <applicationStringKey name="bofa.metric.value.update.notification.email.body.msg"
                              description="&#10;&#10;"
                              enabled="true"
                              category="Custom"
                              value="Hi,&#10;&#10; This is to notify that ID, MetricValue has changed. More details : Following Metric Value is updated&#10;{0}, {1}, {2},{3},{4},{5}"
                              suppliedByVendor="false"
                              overriddenByUser="true"/>
        <applicationStringKey name="bofa.metric.value.update.notification.general.error.msg"
                              description=""
                              enabled="true"
                              category="Custom"
                              value="Some exception occurred in trigger. Please contact the Administrator"
                              suppliedByVendor="false"
                              overriddenByUser="true"/>
        <applicationStringKey name="bofa.metric.value.update.notification.grand.parent.not found.msg"
                              description=""
                              enabled="true"
                              category="Custom"
                              value="Metric Value grand parent is not found"
                              suppliedByVendor="false"
                              overriddenByUser="true"/>
        <applicationStringKey name="bofa.metric.value.update.notification.metric.owner.field.not.found.msg"
                              description=""
                              enabled="true"
                              category="Custom"
                              value="Metric Owner field is not found"
                              suppliedByVendor="false"
                              overriddenByUser="true"/>
        <applicationStringKey name="bofa.metric.value.update.notification.metric.owner.field.value.empty.msg"
                              description=""
                              enabled="true"
                              category="Custom"
                              value="Metric Owner field value is empty"
                              suppliedByVendor="false"
                              overriddenByUser="true"/>
        <applicationStringKey name="bofa.metric.value.update.notification.parent.not found.msg"
                              description=""
                              enabled="true"
                              category="Custom"
                              value="Metric Value parent is not found"
                              suppliedByVendor="false"
                              overriddenByUser="true"/>
        <applicationStringKey name="bofa.metric.value.update.notification.user.not found.msg"
                              description=""
                              enabled="true"
                              category="Custom"
                              value="User not found {0}"
                              suppliedByVendor="false"
                              overriddenByUser="true"/>
    </applicationStringKeys>
    <applicationStrings>
        <localeStrings name="U.S. English">
            <applicationString name="bofa.metric.value.update.notification.grand.parent.not found.msg"
                               category="Custom"
                               value="Metric Value grand parent is not found"
                               suppliedByVendor="false"
                               overriddenByUser="true"/>
            <applicationString name="bofa.metric.value.update.notification.email.body.msg"
                               category="Custom"
                               value="&lt;p&gt;This is to notify you that the Detail Description has been changed. More details :&lt;/p&gt;	&#10;&#10;&lt;table cellspacing=&quot;1&quot; bgcolor=&quot;#000000&quot; &gt;&#10;  &lt;tr bgcolor=&quot;#ffffff&quot;&gt;&#10;    &lt;th&gt;Id&lt;/th&gt;&lt;th&gt;Detailed Description&lt;/th&gt;&lt;th&gt;Breach Status&lt;/th&gt;&lt;th&gt;Red Threshold&lt;/th&gt;&lt;th&gt;Yellow 	Threshold&lt;/th&gt;&lt;th&gt;Metric Value&lt;/th&gt;&lt;th&gt;Metric Value Date&lt;/th&gt;&#10;  &lt;/tr&gt;&#10;	&lt;tr bgcolor=&quot;#ffffff&quot;&gt;&#10;    	&lt;td&gt;{0}&lt;/td&gt;&lt;td&gt;{1}&lt;/td&gt;&lt;td&gt;{2}&lt;/td&gt;&lt;td&gt;{3}&lt;/td&gt;&lt;td&gt;{4}&lt;/td&gt;&lt;td&gt;{5}&lt;/td&gt;&lt;td&gt;{6}&lt;/td&gt;&#10;    &lt;/tr&gt;&#10;&lt;/table&gt;"
                               suppliedByVendor="false"
                               overriddenByUser="true"/>
            <applicationString name="bofa.metric.value.update.notification.parent.not found.msg"
                               category="Custom"
                               value="Metric Value parent is not found"
                               suppliedByVendor="false"
                               overriddenByUser="true"/>
            <applicationString name="bofa.metric.value.update.notification.user.not found.msg"
                               category="Custom"
                               value="User not found {0}"
                               suppliedByVendor="false"
                               overriddenByUser="true"/>
            <applicationString name="bofa.metric.value.update.notification.general.error.msg"
                               category="Custom"
                               value="Some exception occurred in trigger. Please contact the Administrator"
                               suppliedByVendor="false"
                               overriddenByUser="true"/>
            <applicationString name="bofa.metric.value.update.notification.metric.owner.field.value.empty.msg"
                               category="Custom"
                               value="Metric Owner field value is empty"
                               suppliedByVendor="false"
                               overriddenByUser="true"/>
            <applicationString name="bofa.metric.value.update.notification.metric.owner.field.not.found.msg"
                               category="Custom"
                               value="Metric Owner field is not found"
                               suppliedByVendor="false"
                               overriddenByUser="true"/>
        </localeStrings>
    </applicationStrings>
</openpagesConfiguration>
